Substructure,Count,Count ratio,Number_of_molecules_with_fragment,Ratio_of_Molecules_with_Fragment
c1ccccc1,40,47.61904761904761,25,86.20689655172413
c1ccc2cocc2c1,26,30.952380952380953,26,89.65517241379311
c1ccoc1,12,14.285714285714285,11,37.93103448275862
c1ccsc1,2,2.380952380952381,2,6.896551724137931
C1=NCOC1,2,2.380952380952381,2,6.896551724137931
C1=NCC1,1,1.1904761904761905,1,3.4482758620689653
c1ccc2c(c1)NCCCO2,1,1.1904761904761905,1,3.4482758620689653
