Agent,Prior,Target,Score,SMILES,SMILES_state,Scaffold,energy_score,energy_score (raw),T2-T1,T2-T1 (raw),Molecular weight,Molecular weight (raw),SA score,SA score (raw),custom alerts ngrams,custom alerts ngrams (raw),custom alerts,custom alerts (raw),dissimilarity,dissimilarity (raw),custom alerts scaffold,custom alerts scaffold (raw),step,TSNEx,TSNEy
59.4263,59.2644,-59.2644,0.0,COC(=O)C1=CN(C2CC3CCC2(C)C3(C)C)C=C2COc3c(ccc(OC)c3CC(C)=O)N(C(C)=O)C21,1,C1=CN(C2CC3CCC2C3)C=C2COc3ccccc3NC12,0.0,0.0,0.0,0.0,0.0,0.0,0.0,0.0,1.0,1.0,0.0,0.0,0.0,0.0,0.0,0.0,20,-22.261404,21.372236
11.5008,35.7807,-1.1932,0.5404301,F[B-]1(F)C2=Cc3ccccc3C2=C(c2cccnc2)c2cc(Cl)cn21,1,[BH2-]1C2=Cc3ccccc3C2=C(c2cccnc2)c2cccn21,0.7067428,-1.0675,0.026734,1.0971,0.9914221,351.572,0.8819013,3.5354,1.0,1.0,1.0,1.0,1.0,1.0,1.0,1.0,360,29.130621,-2.599922
40.7656,41.6902,-41.6902,0.0,CN(C)c1c([N+](=O)[O-])ccc(N)c1NC(=O)C(=O)NN(c1ccccc1)c1ccccc1,1,O=C(Nc1ccccc1)C(=O)NN(c1ccccc1)c1ccccc1,0.0,0.0,0.0,0.0,0.0,0.0,0.0,0.0,1.0,1.0,0.0,0.0,0.0,0.0,0.0,0.0,20,-3.4573958,28.40085
15.9029,31.7992,4.019,0.5596591,F[B-]1(F)n2c(Cl)ccc2C(c2ccc(Cl)o2)=C2c3ccccc3C(c3ccccc3)=[N+]21,1,[BH2-]1n2cccc2C(c2ccco2)=C2c3ccccc3C(c3ccccc3)=[N+]12,0.6936275,-1.1692,0.037123,1.4652,0.9999992,453.084,0.8847618,3.5082,1.0,1.0,1.0,1.0,1.0,1.0,1.0,1.0,300,13.341901,-4.0672216
30.3059,37.1503,-9.5445,0.4313401,O=[N+]([O-])c1cc(F)ccc1C=c1[n-]c(=C2C=CC(Br)=[S+]2)c2ccccc12,1,C1=CC(=c2[n-]c(=Cc3ccccc3)c3ccccc23)[S+]=C1,0.4402972,-2.8908,0.0222233,0.8914,0.9999933,429.27,0.8304516,3.9475,1.0,1.0,1.0,1.0,1.0,1.0,1.0,1.0,380,-16.498701,-16.029068
23.8989,24.8235,-23.0705,0.0273905,Cc1ccc(N=c2n(-c3ccccc3)c(=O)c3ccccc3n2-c2ccc(C)cc2)cc1,1,O=c1c2ccccc2n(-c2ccccc2)c(=Nc2ccccc2)n1-c1ccccc1,0.0004286,-15.1292,0.0124836,0.2545,0.9999801,417.512,0.9636323,2.2978,1.0,1.0,1.0,1.0,1.0,1.0,1.0,1.0,160,-2.714046,-1.6048021
17.7742,22.277,-2.8256,0.3039289,Cc1ccc(N=C2C(c3ccc(Cl)cc3)=Nc3ccccc32)cc1,1,c1ccc(N=C2C(c3ccccc3)=Nc3ccccc32)cc1,0.1856893,-4.9075,0.0152772,0.4768,0.9447181,330.818,0.9658849,2.233,1.0,1.0,1.0,1.0,1.0,1.0,1.0,1.0,180,3.1226912,-1.9117943
29.0941,32.0639,-21.0131,0.1726687,C1=C(c2ccccc2)c2ccccc2OB(c2ccccc2)c2nc3ccccc3nc21,1,C1=C(c2ccccc2)c2ccccc2OB(c2ccccc2)c2nc3ccccc3nc21,0.044906,-7.479,0.0146508,0.4307,0.9999612,410.285,0.9299819,2.9727,1.0,1.0,1.0,1.0,1.0,1.0,1.0,1.0,120,9.958675,16.847517
12.559,26.7209,6.2543,0.5152376,Cl[B-]1(Cl)C(c2ccccc2)=C(c2ccccc2)C(c2ccccc2)=C2C(c3ccccc3)=C(c3ccccc3)C(c3ccccc3)=[N+]21,1,[BH2-]1C(c2ccccc2)=C(c2ccccc2)C(c2ccccc2)=C2C(c3ccccc3)=C(c3ccccc3)C(c3ccccc3)=[N+]12,0.599819,-1.8409,0.0260262,1.0672,0.9999995,642.438,0.9376367,2.8515,1.0,1.0,1.0,1.0,1.0,1.0,1.0,1.0,240,9.431998,11.086933
39.4181,40.613,-37.3912,0.0503407,O=C1C2CCC3C4=C2CC=CC4C3C1Oc1cccc2ccccc12,1,O=C1C2CCC3C4=C2CC=CC4C3C1Oc1cccc2ccccc12,0.0033001,-11.8002,0.0142697,0.4016,0.9319319,328.411,0.4998698,5.5005,1.0,1.0,1.0,1.0,1.0,1.0,1.0,1.0,60,-23.977089,7.8229585
18.2413,29.0183,3.6659,0.5106905,Cc1cc(C)n2c1C1=C[B-](F)(F)n3cccc3C(c3ccc[nH]3)=[N+]1[B-]2(F)F,1,[BH2-]1C=C2c3cccn3[BH2-][N+]2=C(c2ccc[nH]2)c2cccn21,0.6945397,-1.1622,0.0289952,1.1878,0.9987938,372.951,0.7212712,4.5709,1.0,1.0,1.0,1.0,1.0,1.0,1.0,1.0,340,35.358875,-11.253879
33.5696,37.9793,-32.7715,0.0813714,COC12C3=CC=CC=CC3C1N(C(=O)c1ccccc1)c1c2ccc2ccccc12,1,O=C(c1ccccc1)N1c2c(ccc3ccccc23)C2C3=CC=CC=CC3C21,0.0075002,-10.4562,0.0130792,0.3058,0.9997807,391.47,0.8325081,3.9331,1.0,1.0,1.0,1.0,1.0,1.0,1.0,1.0,80,-21.803286,8.238123
13.3434,30.223,6.5117,0.5739793,CC1=C2C(Cl)=CC(C)=[N+]2[B-](F)(F)n2c1cc(Cl)c2Cl,1,[BH2-]1n2cccc2C=C2C=CC=[N+]12,0.8399345,0.1998,0.0395354,1.5363,0.8958637,323.366,0.781086,4.257,1.0,1.0,1.0,1.0,1.0,1.0,1.0,1.0,360,24.763561,3.2543166
22.4444,22.6066,-22.3512,0.0039905,Oc1ccc(CN2CCOCC2)cc1-c1ccccc1,1,c1ccc(-c2cccc(CN3CCOCC3)c2)cc1,1.19e-05,-20.9699,0.0130776,0.3056,0.0560662,269.344,0.9783088,1.7781,1.0,1.0,1.0,1.0,1.0,1.0,1.0,1.0,40,-0.53437513,-1.6245614
23.2712,40.2634,-8.7945,0.4917013,O=[B-]1N2C(=C(c3ccc(Br)cc3)c3cccn3[B-]2(F)F)C(c2ccc(Br)cc2)=[N+]1c1ccc(Br)cc1,1,O=[B-]1N2[BH2-]n3cccc3C(c3ccccc3)=C2C(c2ccccc2)=[N+]1c1ccccc1,0.5632846,-2.0855,0.0290277,1.189,0.9999919,672.747,0.834728,3.9175,1.0,1.0,1.0,1.0,1.0,1.0,1.0,1.0,240,27.358337,-9.855725
22.804,23.6925,-22.9102,0.0122225,O=C1[S+]=C([N-]c2ccccc2)Cc2ccccc21,1,O=C1[S+]=C([N-]c2ccccc2)Cc2ccccc21,0.0004346,-15.1065,0.0129937,0.2985,0.0134023,253.326,0.8635924,3.6967,1.0,1.0,1.0,1.0,1.0,1.0,1.0,1.0,120,-13.4141245,11.113166
20.782,31.2266,-0.4704,0.4805661,COc1ccc(C=C2C=C(c3ccc(F)cc3)C(Cl)=CC2=O)cc1,1,O=C1C=CC(c2ccccc2)=CC1=Cc1ccccc1,0.5260801,-2.3299,0.0219482,0.8776,0.9771585,340.781,0.9591346,2.4163,1.0,1.0,1.0,1.0,1.0,1.0,1.0,1.0,400,6.5812306,-12.351595
34.8476,37.2379,-37.2379,0.0,O=C1C(=C(c2ccc3ccccc3c2)C(F)(F)F)C=C(F)C1(F)F,1,O=C1CC=CC1=Cc1ccc2ccccc2c1,0.0,0.0,0.0,0.0,0.0,0.0,0.0,0.0,1.0,1.0,0.0,0.0,0.0,0.0,0.0,0.0,240,-29.278065,5.7364798
34.1058,35.5451,-33.8035,0.0272113,O=[N+]([O-])c1ccc(C23OC(c4ccccc4)(Oc4ccccc42)c2c([N+](=O)[O-])cccc23)cc1,1,c1ccc(C23Oc4ccccc4C(c4ccccc4)(O2)c2ccccc23)cc1,0.0005147,-14.8309,0.0109342,0.1089,0.9999992,452.422,0.7837223,4.2419,1.0,1.0,1.0,1.0,1.0,1.0,1.0,1.0,40,-6.752422,-13.982673
19.2073,26.4953,-0.1658,0.4113976,[O-][S+]1c2ccccc2C(=C2N=C(c3ccccc3)c3ccccc32)c2ccccc21,1,c1ccc(C2=NC(=C3c4ccccc4[SH+]c4ccccc43)c3ccccc32)cc1,0.3485808,-3.5183,0.02428,0.9898,0.9999276,403.506,0.9289413,2.9882,1.0,1.0,1.0,1.0,1.0,1.0,1.0,1.0,300,-3.2420845,10.206061
40.9847,42.8238,-38.7745,0.0632703,Cc1ccc([S+]([O-])c2c(C3C(=O)CCN3c3ccccc3)cc(Cc3cccc4ccccc34)c3ccccc23)cc1,1,O=C1CCN(c2ccccc2)C1c1cc(Cc2cccc3ccccc23)c2ccccc2c1[SH+]c1ccccc1,0.0038701,-11.5397,0.0133372,0.3272,1.0,565.738,0.8509365,3.7978,1.0,1.0,1.0,1.0,1.0,1.0,1.0,1.0,40,-23.210032,3.3951867
14.2288,30.8946,6.7265,0.5878298,C[N+]1=C(Cl)c2ccccc2C1=C1c2cccn2[B-](F)(F)n2c(Cl)ccc21,1,[BH2-]1n2cccc2C(=C2[NH+]=Cc3ccccc32)c2cccn21,0.8614189,0.4757,0.0333462,1.3444,0.9997495,390.029,0.819593,4.021,1.0,1.0,1.0,1.0,1.0,1.0,1.0,1.0,320,32.381294,-17.981068
26.4299,22.949,-19.3155,0.0567726,CC1c2ccccc2C(=O)C12Oc1ccccc1N2C,1,O=C1c2ccccc2CC12Nc1ccccc1O2,0.0131174,-9.5366,0.0136437,0.3522,0.0393588,265.312,0.8403471,3.8771,1.0,1.0,1.0,1.0,1.0,1.0,1.0,1.0,160,-13.234596,14.296126
25.0133,33.3358,-14.7634,0.2901938,O=c1cccccc2cc(Br)ccc2c(-c2ccc(Br)cc2)c2ccc(Br)cc12,1,O=c1cccccc2ccccc2c(-c2ccccc2)c2ccccc12,0.1438326,-5.4051,0.0227726,0.9185,1.0,571.106,0.9521187,2.5783,1.0,1.0,1.0,1.0,1.0,1.0,1.0,1.0,280,-15.04571,-13.284567
45.4295,57.929,-57.929,0.0,O=C(c1ccccc1)C(c1ccccc1)[N+]1=CC2=C(c3ccccc3)C=C(c3ccccc3)C2=C1Cc1c(F)c(F)c(F)c(Br)c1F,1,O=C(c1ccccc1)C(c1ccccc1)[N+]1=CC2=C(c3ccccc3)C=C(c3ccccc3)C2=C1Cc1ccccc1,0.0,0.0,0.0,0.0,0.0,0.0,0.0,0.0,1.0,1.0,0.0,0.0,0.0,0.0,0.0,0.0,260,5.8440695,18.423647
13.4367,30.8853,6.6091,0.5858492,F[B-]1(F)n2cccc2C(c2ccc[nH]2)=c2ccc3ccccc3c2=[N+]1c1ccccc1,1,[BH2-]1n2cccc2C(c2ccc[nH]2)=c2ccc3ccccc3c2=[N+]1c1ccccc1,0.8211116,-0.0182,0.0317743,1.2902,0.9999573,409.248,0.8793288,3.5593,1.0,1.0,1.0,1.0,1.0,1.0,1.0,1.0,300,14.8015175,-10.834376
21.7738,24.6635,-22.3116,0.0367475,COc1ccc(-c2nn(-c3ccccc3)c(=O)[nH]2)cc1OC,1,O=c1[nH]c(-c2ccccc2)nn1-c1ccccc1,0.0011291,-13.5505,0.0206107,0.8078,0.438466,297.314,0.9680945,2.1654,1.0,1.0,1.0,1.0,1.0,1.0,1.0,1.0,160,-7.588056,-6.887117
19.71,33.1816,4.0209,0.5812886,F[B-]1(F)n2cccc2C(Br)=C2c3cc(Br)ccc3C(c3ccccc3)=[N+]21,1,[BH2-]1n2cccc2C=C2c3ccccc3C(c3ccccc3)=[N+]12,0.794753,-0.2952,0.0329152,1.3298,0.9999999,475.927,0.881521,3.5389,1.0,1.0,1.0,1.0,1.0,1.0,1.0,1.0,220,17.80932,-8.836305
19.0371,19.9008,-18.7679,0.0177006,O=C1CCCC1N(Cc1ccccc1)Cc1ccccc1,1,O=C1CCCC1N(Cc1ccccc1)Cc1ccccc1,0.0003427,-15.4934,0.0150699,0.4618,0.1302335,279.383,0.9613209,2.3604,1.0,1.0,1.0,1.0,1.0,1.0,1.0,1.0,80,-13.136254,24.155294
13.1081,32.2907,6.1897,0.6012571,F[B-]1(F)n2cc(Cl)cc2C(c2cccnc2Cl)=C2C=CC(Br)=[N+]21,1,[BH2-]1n2cccc2C(c2cccnc2)=C2C=CC=[N+]12,0.8778548,0.712,0.0398281,1.5446,0.9999788,416.849,0.8023775,4.1308,1.0,1.0,1.0,1.0,1.0,1.0,1.0,1.0,300,32.534836,2.701015
16.6294,21.9974,14.741,0.5740371,Clc1cc(Cl)c2c(-c3ccccc3)c3ccccc3c(-c3ccccc3)c2c1,1,c1ccc(-c2c3ccccc3c(-c3ccccc3)c3ccccc23)cc1,0.6533173,-1.468,0.0437217,1.6503,0.9998935,399.32,0.9740683,1.9568,1.0,1.0,1.0,1.0,1.0,1.0,1.0,1.0,180,-15.5033245,-8.71043
25.656,39.5624,-15.5292,0.3755189,C1=C(c2ccccc2)C(=NNc2ccccc2)c2ccccc2C1=C1C2=C(c3ccccc3C2)c2ccccc21,1,C1=C(c2ccccc2)C(=NNc2ccccc2)c2ccccc2C1=C1C2=C(c3ccccc3C2)c2ccccc21,0.2850197,-3.9978,0.0214578,0.8525,1.0,510.64,0.9382386,2.8414,1.0,1.0,1.0,1.0,1.0,1.0,1.0,1.0,300,-0.81590384,10.000794
15.7558,25.5902,2.2997,0.4357787,C1=Cc2ccccc2C1=C1N=C(c2ccccc2)c2ccccc21,1,C1=Cc2ccccc2C1=C1N=C(c2ccccc2)c2ccccc21,0.5367716,-2.26,0.0179994,0.6579,0.6214052,305.38,0.9609986,2.3688,1.0,1.0,1.0,1.0,1.0,1.0,1.0,1.0,260,-3.8898952,9.113991
38.2547,41.3569,-24.1525,0.2688187,COc1ccc2c(c1)CC(=O)n1cc([O-])[s+]c1-c1cc3ccccc3cc1-2,1,O=C1Cc2ccccc2-c2cc3ccccc3cc2-c2[s+]ccn21,0.1216765,-5.7192,0.0231045,0.9346,0.9988461,373.433,0.9146807,3.182,1.0,1.0,1.0,1.0,1.0,1.0,1.0,1.0,80,-27.68379,3.3673046
34.5679,37.7034,-15.952,0.3398661,N#CC1=C2C(=NC(=O)Cc3ccccc32)N(Cc2ccccc2)N=C1c1ccc(Cl)cc1,1,O=C1Cc2ccccc2C2=CC(c3ccccc3)=NN(Cc3ccccc3)C2=N1,0.2089019,-4.6686,0.0257104,1.0536,0.9999967,436.902,0.9404771,2.803,1.0,1.0,1.0,1.0,1.0,1.0,1.0,1.0,240,5.4416556,-1.6360967
23.2117,23.7296,-22.7464,0.0153623,Clc1ccc(Cl)n2nccc12,1,c1ccn2nccc2c1,0.0094069,-10.0842,0.0296847,1.214,3.03e-05,187.029,0.9378209,2.8484,1.0,1.0,1.0,1.0,1.0,1.0,1.0,1.0,80,-1.3018862,-19.064505
32.5594,53.3441,-34.2878,0.2977548,[O-][N+]([O-])=C1C=CC(=c2ccc(-c3ccccn3)[n+]3c2c(-c2ccccn2)c2cccn23)C(n2cnc3ccccc32)=C1,1,[N+]=C1C=CC(=c2ccc(-c3ccccn3)[n+]3c2c(-c2ccccn2)c2cccn23)C(n2cnc3ccccc32)=C1,0.1742021,-5.0343,0.0207108,0.8132,1.0,547.578,0.8392392,3.8852,1.0,1.0,1.0,1.0,1.0,1.0,1.0,1.0,400,13.438547,-19.652214
45.8601,45.8662,-45.8662,0.0,CC1O[C-]([c-]2[cH+][cH-][cH+][cH-][cH+]2)[C+]([c-]2[cH+][cH-][cH+][cH-][cH+]2)[C+]1[P+]([c-]1[c+](C(C)C)[cH-][cH+][cH-][c+]1C(C)C)(C1CCCCC1)C12CC3CC(CC(C3)C1)C2,1,[cH+]1[cH-][cH+][c-]([C+]2[C+]([P+]([c-]3[cH+][cH-][cH+][cH-][cH+]3)(C3CCCCC3)C34CC5CC(CC(C5)C3)C4)CO[C-]2[c-]2[cH+][cH-][cH+][cH-][cH+]2)[cH+][cH-]1,0.0,0.0,0.0,0.0,0.0,0.0,0.0,0.0,1.0,1.0,0.0,0.0,0.0,0.0,0.0,0.0,40,-23.032295,-20.094948
28.5064,40.422,-15.1693,0.3945732,Cc1cc(C)c([N+]2=C3C=CC2=C(c2ccc(N(c4ccc(F)cc4)c4ccc(F)cc4)cc2)c2cccn2[B-]3(F)F)c(C)c1,1,[BH2-]1C2=[N+](c3ccccc3)C(=C(c3ccc(N(c4ccccc4)c4ccccc4)cc3)c3cccn31)C=C2,0.3548048,-3.4739,0.0259891,1.0656,1.0,589.445,0.7696942,4.321,1.0,1.0,1.0,1.0,1.0,1.0,1.0,1.0,280,25.136892,-13.740787
22.3451,22.6989,-19.974,0.0425774,c1ccc2c3c(ccc2c1)NSSSS3,1,c1ccc2c3c(ccc2c1)NSSSS3,0.0050174,-11.115,0.0141,0.3885,0.056541,269.441,0.9006578,3.3458,1.0,1.0,1.0,1.0,1.0,1.0,1.0,1.0,60,-21.542679,-3.8133395
22.8914,24.9668,-17.0568,0.1235935,Clc1c2c(cc3ccccc13)-c1ccccc1P(Cl)O2,1,c1ccc2c(c1)POc1cc3ccccc3cc1-2,0.019248,-8.9019,0.0202643,0.7891,0.8534178,319.127,0.8963827,3.3916,1.0,1.0,1.0,1.0,1.0,1.0,1.0,1.0,160,-28.641787,0.13480593
61.4014,65.1788,-65.1788,0.0,CCOC(=O)C1=Cc2c3c(c(-c4ccccc4)c4ccccc24)-c2c4c(cc5ccccc25)C(=C(c2cccc(OC)c2)C3C1)C=Cc1ccccc1-4,1,C1=Cc2c3c(c(-c4ccccc4)c4ccccc24)-c2c4c(cc5ccccc25)C(=C(c2ccccc2)C3C1)C=Cc1ccccc1-4,0.0,0.0,0.0,0.0,0.0,0.0,0.0,0.0,1.0,1.0,0.0,0.0,0.0,0.0,0.0,0.0,80,-13.640464,-6.489838
26.3193,38.1144,-16.4837,0.3379788,O=[N+]([O-])c1cc2n(c1)[B-](F)(F)C(=C1C=CC(Br)=[N+]1c1cccnc1)C=C2c1ccncc1,1,[BH2-]1C(=C2C=CC=[N+]2c2cccnc2)C=C(c2ccncc2)c2cccn21,0.2567158,-4.2314,0.0197223,0.759,1.0,496.08,0.7853504,4.2325,1.0,1.0,1.0,1.0,1.0,1.0,1.0,1.0,340,34.850456,-2.310487
21.6917,33.8552,2.5154,0.5682905,F[B-]1(F)n2cccc2C(c2nc3ccccc3c3ccccc23)=C2C=C(c3ccccc3)C=[N+]21,1,[BH2-]1n2cccc2C(c2nc3ccccc3c3ccccc23)=C2C=C(c3ccccc3)C=[N+]12,0.7767956,-0.469,0.0280957,1.1525,0.9999985,445.281,0.8978996,3.3755,1.0,1.0,1.0,1.0,1.0,1.0,1.0,1.0,360,24.239653,-16.264334
28.0658,28.4746,-28.4746,0.0,S=C(C(Cl)=Nc1ccccc1Cl)N(Cc1ccccc1)Cc1ccccc1,1,S=C(C=Nc1ccccc1)N(Cc1ccccc1)Cc1ccccc1,0.0,0.0,0.0,0.0,0.0,0.0,0.0,0.0,1.0,1.0,0.0,0.0,0.0,0.0,0.0,0.0,100,-13.169545,24.219324
16.4213,27.5798,10.6567,0.5974448,COc1ccc(C2=CC3=C(c4ccc(OC)cc4)c4cccn4[B-](F)(F)[N+]3=C2c2ccccc2)cc1,1,[BH2-]1n2cccc2C(c2ccccc2)=C2C=C(c3ccccc3)C(c3ccccc3)=[N+]12,0.8064203,-0.1761,0.0362373,1.438,0.9999999,480.323,0.9111508,3.2254,1.0,1.0,1.0,1.0,1.0,1.0,1.0,1.0,260,14.842463,-8.531981
28.3945,28.1534,-27.7897,0.0056822,BrC12c3ccccc3C34c5ccccc5C1C3(c1ccccc12)c1ccccc14,1,c1ccc2c(c1)C1c3ccccc3C34c5ccccc5C23c2ccccc2C14,1.27e-05,-20.8572,0.0104974,0.0642,0.9999954,433.348,0.5562788,5.2791,1.0,1.0,1.0,1.0,1.0,1.0,1.0,1.0,180,8.628421,20.072561
28.0403,36.6427,-27.7912,0.138305,Cc1c(B(c2ccccc2)c2cccc3cccc([N+](=O)[O-])c23)c2ccccc2c2ccccc12,1,c1ccc(B(c2cccc3ccccc23)c2cc3ccccc3c3ccccc23)cc1,0.0258527,-8.4104,0.0136853,0.3556,0.9999991,451.334,0.941903,2.7778,1.0,1.0,1.0,1.0,1.0,1.0,1.0,1.0,380,-23.35858,-10.832913
29.6024,40.6088,-10.3179,0.4732946,O=C1C(=Cc2ccccc2)C(c2cn(-c3ccccc3)cc([N+](=O)[O-])c2=O)=C(c2ccccc2)N1c1ccccc1,1,O=C1C(=Cc2ccccc2)C(c2cn(-c3ccccc3)ccc2=O)=C(c2ccccc2)N1c1ccccc1,0.4949579,-2.5328,0.0240488,0.9792,1.0,537.575,0.9387676,2.8325,1.0,1.0,1.0,1.0,1.0,1.0,1.0,1.0,320,-2.0291557,2.6356816
12.699,27.8839,11.2716,0.6118048,F[B-]1(F)n2cccc2C(c2cccnc2)=C2C(c3ccccc3)=CC=[N+]21,1,[BH2-]1n2cccc2C(c2cccnc2)=C2C(c3ccccc3)=CC=[N+]12,0.8783414,0.7195,0.0375532,1.4782,0.9846244,345.161,0.8774829,3.5762,1.0,1.0,1.0,1.0,1.0,1.0,1.0,1.0,320,24.590729,-7.171065
20.2452,25.1777,-12.589,0.1966997,O=C1C(=C(Br)Br)N(c2ccc(F)cc2)C(=O)c2ccccc21,1,C=C1C(=O)c2ccccc2C(=O)N1c1ccccc1,0.0619574,-6.9255,0.0139347,0.3755,0.99999,425.051,0.9598312,2.3988,1.0,1.0,1.0,1.0,1.0,1.0,1.0,1.0,360,-9.448652,2.9865975
31.2966,30.7743,-30.6804,0.0014665,N#CC1CC2CCC3CC=C1C(=O)N32,1,O=C1C2=CCC3CCC(CC2)N13,3.75e-05,-19.0982,0.0186348,0.6962,3.38e-05,188.23,0.598627,5.1094,1.0,1.0,1.0,1.0,1.0,1.0,1.0,1.0,140,-27.59463,21.374903
18.8635,20.5907,7.7948,0.4435234,c1ccc([P-]2(c3ccccc3)=N[S+]=N[S+]=N2)cc1,1,c1ccc([P-]2(c3ccccc3)=N[S+]=N[S+]=N2)cc1,0.74275,-0.7732,0.0423436,1.6139,0.3105556,291.341,0.7190027,4.5819,1.0,1.0,1.0,1.0,1.0,1.0,1.0,1.0,220,12.381403,16.4203
32.2939,37.0984,-37.0984,0.0,Oc1ccc(CC(=Nc2ccccc2)c2ccccc2)cc1C=Nc1c2ccccc2cc2ccccc12,1,C(=Nc1c2ccccc2cc2ccccc12)c1cccc(CC(=Nc2ccccc2)c2ccccc2)c1,0.0,0.0,0.0,0.0,0.0,0.0,0.0,0.0,1.0,1.0,0.0,0.0,0.0,0.0,0.0,0.0,380,-28.309633,-2.3718216
26.0143,39.5701,-2.9709,0.5718619,[O-][n+]1c2cc1c1ccccc1c2=Cc1c2ccccc2cc2ccccc12,1,C(c1c2ccccc2cc2ccccc12)=c1c2cc([nH+]2)c2ccccc12,0.8285666,0.0659,0.0244488,0.9975,0.9849555,345.401,0.899254,3.361,1.0,1.0,1.0,1.0,1.0,1.0,1.0,1.0,360,-30.305334,-2.3422353
17.6749,23.3904,2.2843,0.4011668,COC(=O)C1=C(O)c2ccccc2C1=NNc1ccccc1,1,C1=Cc2ccccc2C1=NNc1ccccc1,0.502611,-2.483,0.0240329,0.9784,0.3719014,294.31,0.965587,2.2418,1.0,1.0,1.0,1.0,1.0,1.0,1.0,1.0,160,-7.0932364,0.21377952
30.5124,43.0542,-7.8901,0.5494387,FC1=c2ccccc2=C2C1=C(c1ccco1)c1c(F)cc(F)cc1C2(F)F,1,C1=c2ccccc2=C2Cc3ccccc3C(c3ccco3)=C12,0.7387125,-0.8074,0.0251303,1.0281,0.9987184,372.292,0.8973682,3.3812,1.0,1.0,1.0,1.0,1.0,1.0,1.0,1.0,360,27.217865,-17.183832
25.0634,27.1302,-18.9709,0.1274897,[S+]#S1=C(c2ccccc2)c2ccccc2[N-]1,1,c1ccc(C2=[SH][N-]c3ccccc32)cc1,0.2043474,-4.7138,0.0256889,1.0526,0.0053938,243.356,0.8740866,3.6067,1.0,1.0,1.0,1.0,1.0,1.0,1.0,1.0,200,-0.8938245,-5.150892
12.0132,20.3999,-20.3999,0.0,F[B-]1(F)[O+]=C(c2ccccc2)c2cccn2[B-]1(F)F,1,[BH2-]1[BH2-]n2cccc2C(c2ccccc2)=[O+]1,0.0676284,-6.773,0.0174441,0.6232,0.0490284,267.807,0.8176047,4.0341,1.0,1.0,1.0,1.0,1.0,1.0,1.0,1.0,280,21.51937,-13.923615
21.5385,28.6069,-4.4803,0.3769772,F[B-]1(F)OC(=C2[N+]=C(c3ccccc3)c3ccccc32)C=CN1c1ccccc1,1,[BH2-]1OC(=C2[N+]=C(c3ccccc3)c3ccccc32)C=CN1c1ccccc1,0.2851729,-3.9966,0.0271413,1.114,0.9996094,385.202,0.8646667,3.6878,1.0,1.0,1.0,1.0,1.0,1.0,1.0,1.0,120,11.6439705,-0.11233872
23.4249,23.5222,-22.8298,0.0108186,Fc1ccc(CNc2ccc(Oc3ccccc3)cc2)cc1,1,c1ccc(CNc2ccc(Oc3ccccc3)cc2)cc1,6.55e-05,-18.1901,0.0120186,0.2128,0.3513031,293.341,0.9832999,1.5176,1.0,1.0,1.0,1.0,1.0,1.0,1.0,1.0,20,1.8384882,-20.117275
24.0559,40.5901,-13.6325,0.4212125,O=C1C=CC(=C2C=C(c3ccccc3)C(c3ccccc3)=[N+]2[O-])C=C1c1ccccn1,1,O=C1C=CC(=C2C=C(c3ccccc3)C(c3ccccc3)=[NH+]2)C=C1c1ccccn1,0.3842188,-3.2682,0.0216943,0.8647,0.9999202,402.453,0.9255164,3.0378,1.0,1.0,1.0,1.0,1.0,1.0,1.0,1.0,380,5.854482,5.0676365
29.2425,49.6063,-30.8149,0.293615,O[N+]12C(=C(c3ccccn3)c3ccc(Br)n3[B-]1(F)F)c1ccccc1C2(c1cccc(Br)c1)c1ccco1,1,[BH2-]1n2cccc2C(c2ccccn2)=C2c3ccccc3C(c3ccccc3)(c3ccco3)[NH+]12,0.162097,-5.1753,0.0337266,1.3572,0.9999997,637.087,0.7240556,4.5574,1.0,1.0,1.0,1.0,1.0,1.0,1.0,1.0,320,19.159243,-19.11047
11.4417,18.4331,-18.4331,0.0,c1ccc2c(-c3c4ccccc4cc4ccccc34)c3ccccc3cc2c1,1,c1ccc2c(-c3c4ccccc4cc4ccccc34)c3ccccc3cc2c1,0.4138373,-3.067,0.0157754,0.5122,0.9934075,354.452,0.9833923,1.5121,1.0,1.0,1.0,1.0,1.0,1.0,1.0,1.0,180,-27.414833,-6.9847393
13.0755,25.4899,3.562,0.4539365,Cc1ccc(C2=C(c3ccccc3)C(=O)c3ccccc3C2=C2c3ccccc3-c3ccccc32)cc1,1,O=C1C(c2ccccc2)=C(c2ccccc2)C(=C2c3ccccc3-c3ccccc32)c2ccccc21,0.4784954,-2.6402,0.0176594,0.6368,0.9999999,472.587,0.9670576,2.1977,1.0,1.0,1.0,1.0,1.0,1.0,1.0,1.0,360,-2.4235246,11.9515915
31.3696,31.7042,-31.7042,0.0,CCOc1cc(OC(=O)c2ccccc2)c(C#Cc2ccccc2)cc1C#CC#Cc1ccccc1COC(=O)c1ccccc1,1,O=C(OCc1ccccc1C#CC#Cc1ccc(OC(=O)c2ccccc2)c(C#Cc2ccccc2)c1)c1ccccc1,0.0,0.0,0.0,0.0,0.0,0.0,0.0,0.0,1.0,1.0,0.0,0.0,0.0,0.0,0.0,0.0,20,-3.316901,22.277283
13.4636,34.3083,3.8496,0.5962165,F[B-]1(F)n2cccc2C(c2cccnc2)=C2C(c3ccncc3)=C(Cl)C(Cl)=[N+]21,1,[BH2-]1n2cccc2C(c2cccnc2)=C2C(c3ccncc3)=CC=[N+]12,0.8344561,0.1343,0.0369297,1.4593,0.999975,415.039,0.8591412,3.7331,1.0,1.0,1.0,1.0,1.0,1.0,1.0,1.0,260,31.44526,-7.507123
14.0421,24.8835,4.4063,0.457653,O=[N+]1c2ccccc2C(=C2C=CC=C2)c2cccn2[B-]1(F)F,1,O=[N+]1[BH2-]n2cccc2C(=C2C=CC=C2)c2ccccc21,0.7712363,-0.5207,0.0214931,0.8543,0.4108178,296.085,0.8420098,3.865,1.0,1.0,1.0,1.0,1.0,1.0,1.0,1.0,240,22.824224,-17.881952
19.5502,21.4744,-17.2464,0.0660625,c1ccc2c(c1)c1ccccc1n2N=Nn1cnnc1,1,c1ccc2c(c1)c1ccccc1n2N=Nn1cnnc1,0.0190532,-8.9188,0.0163277,0.5502,0.0300463,262.276,0.9333605,2.9208,1.0,1.0,1.0,1.0,1.0,1.0,1.0,1.0,100,-22.54923,-13.866606
20.7737,21.1867,-12.0464,0.1428176,S=C(NN=C(c1ccccc1)c1ccccc1)Nc1cccc(Cl)c1,1,S=C(NN=C(c1ccccc1)c1ccccc1)Nc1ccccc1,0.024011,-8.5339,0.0209222,0.8245,0.9976909,365.889,0.9741035,1.9554,1.0,1.0,1.0,1.0,1.0,1.0,1.0,1.0,20,-0.8044706,24.390339
24.697,39.0571,-5.2562,0.5281386,COc1ccc(C2=C3C(c4cccs4)=CC=C3[B-](F)(F)n3c2ccc3-c2cc(OC)cc(OC)c2)cc1,1,[BH2-]1C2=CC=C(c3cccs3)C2=C(c2ccccc2)c2ccc(-c3ccccc3)n21,0.6679223,-1.3619,0.0255034,1.0445,1.0,514.382,0.8918364,3.4385,1.0,1.0,1.0,1.0,1.0,1.0,1.0,1.0,360,11.392565,-10.52987
32.9732,53.8475,-26.2334,0.4314693,F[B-]1(F)C(c2cc(Cl)nc(Cl)c2)=c2cccc(Cl)c2=C(c2ccc(N=Nc3ccccc3)cc2)c2c(Cl)c(Cl)c(Br)n21,1,[BH2-]1C(c2ccncc2)=c2ccccc2=C(c2ccc(N=Nc3ccccc3)cc2)c2cccn21,0.4456894,-2.8552,0.020408,0.7969,0.9990515,724.436,0.8470706,3.8273,1.0,1.0,1.0,1.0,1.0,1.0,1.0,1.0,360,22.864212,1.6429573
19.4042,18.8715,-18.8715,0.0,Cc1ccc(C(=O)C(C#N)=Cc2ccc(Cl)cc2)cc1,1,O=C(C=Cc1ccccc1)c1ccccc1,0.0,0.0,0.0,0.0,0.0,0.0,0.0,0.0,1.0,1.0,0.0,0.0,0.0,0.0,0.0,0.0,60,-1.4633983,-22.180199
21.8981,33.9251,-9.1572,0.3869985,[OH+]=C1C=CC(Cl)=C(Cl)C1=C1c2ncccc2[B-](F)(F)n2cccc21,1,[OH+]=C1C=CC=CC1=C1c2ncccc2[BH2-]n2cccc21,0.3489109,-3.516,0.0253439,1.0376,0.9974886,364.975,0.7464786,4.4447,1.0,1.0,1.0,1.0,1.0,1.0,1.0,1.0,340,29.436247,-11.486533
23.0504,41.8918,-14.4664,0.4285231,COc1ccc(C2=Cc3c(Cl)ccn3[B-](F)(F)C2=C2C=CC(c3ccc(Br)cc3)=C2)cc1,1,[BH2-]1C(=C2C=CC(c3ccccc3)=C2)C(c2ccccc2)=Cc2cccn21,0.4040845,-3.1327,0.0240828,0.9807,1.0,511.582,0.8798693,3.5543,1.0,1.0,1.0,1.0,1.0,1.0,1.0,1.0,340,12.185101,-9.367632
37.0648,45.3244,-26.7224,0.2906561,CC1=C(Br)C(=O)N2C1=Cc1cc(Br)cc(Br)c1C2=C1N(c2c(C)cc(C)cc2C)CCN1c1c(C)cc(Br)cc1C,1,O=C1C=CC2=Cc3ccccc3C(=C3N(c4ccccc4)CCN3c3ccccc3)N12,0.2369664,-4.4045,0.0206417,0.8095,0.4261473,803.231,0.8678107,3.6612,1.0,1.0,1.0,1.0,1.0,1.0,1.0,1.0,240,29.198011,6.8110156
52.0853,51.8801,-51.8801,0.0,COC(=O)C12CC3c4ccccc4N(S(=O)(=O)c4ccccn4)C1(C(=O)OC)C3C(CC(C)=O)O2,1,O=S(=O)(c1ccccn1)N1c2ccccc2C2CC3OCC2C31,0.0,0.0,0.0,0.0,0.0,0.0,0.0,0.0,1.0,1.0,0.0,0.0,0.0,0.0,0.0,0.0,20,-20.419676,20.86027
38.1076,39.4881,-37.5249,0.0306752,CC1=CC2CCC3=C(CCC4C3(C)CCC3C(C)(C)C(O)CCC43C)C2(C#N)C1=O,1,O=C1C=CC2CCC3=C(CCC4C3CCC3CCCCC34)C12,0.0007894,-14.1338,0.0120558,0.2162,0.9999503,407.598,0.6418682,4.9298,1.0,1.0,1.0,1.0,1.0,1.0,1.0,1.0,60,-23.446619,22.874775
30.9735,44.1192,-13.7941,0.47383,O=C1C(=NNc2ccccc2)N(S(=O)(=O)c2ccccc2)c2ccccc2C1=C1C(=O)N(Cc2ccccc2)c2ccc(Cl)cc21,1,O=C1C(=NNc2ccccc2)N(S(=O)(=O)c2ccccc2)c2ccccc2C1=C1C(=O)N(Cc2ccccc2)c2ccccc21,0.5176048,-2.3853,0.0212035,0.8393,0.9999993,645.14,0.9349617,2.8953,1.0,1.0,1.0,1.0,1.0,1.0,1.0,1.0,380,-10.183529,12.292519
37.8854,45.9956,-28.4801,0.2736795,C1=c2ccccc2=c2[n-]c3ccccc3c3ccc[n+]2cnc1c1ccccc13,1,C1=c2ccccc2=c2[n-]c3ccccc3c3ccc[n+]2cnc1c1ccccc13,0.1722912,-5.0561,0.0197237,0.7591,0.9986143,371.443,0.6578444,4.8612,1.0,1.0,1.0,1.0,1.0,1.0,1.0,1.0,180,-21.842598,-10.545713
33.6339,37.7121,-23.3987,0.2236473,O=S12=NC1(c1ccccc1)OC(c1ccccc1)=C2c1[n-]nc(-c2ccccc2)[s+]1,1,O=S12=NC1(c1ccccc1)OC(c1ccccc1)=C2c1[n-]nc(-c2ccccc2)[s+]1,0.0931748,-6.2058,0.0212024,0.8392,0.9999934,429.526,0.7293231,4.5314,1.0,1.0,1.0,1.0,1.0,1.0,1.0,1.0,100,5.495145,8.362659
41.1923,42.6845,-33.1955,0.1482663,Clc1ccc2c(c1)C(=C1[N-]c3c(Cl)cccc3N1)N=[S+]C2,1,c1ccc2c(c1)C[S+]=NC2=C1[N-]c2ccccc2N1,0.0332707,-7.9872,0.0185558,0.6915,0.9590185,334.231,0.7749468,4.2918,1.0,1.0,1.0,1.0,1.0,1.0,1.0,1.0,60,-0.617245,-18.328384
29.2241,30.7888,-22.0497,0.1365486,O=C1C2=C(C(=O)c3ccccc31)C1C(c3ccccc3)c3ccccc3C1C2c1ccccc1,1,O=C1C2=C(C(=O)c3ccccc31)C1C(c3ccccc3)c3ccccc3C1C2c1ccccc1,0.0264459,-8.3725,0.0131336,0.3103,0.9999971,438.526,0.8913075,3.4439,1.0,1.0,1.0,1.0,1.0,1.0,1.0,1.0,100,-14.604718,16.567104
27.5287,34.1902,-34.1902,0.0,C=C[N+]1=C(c2ccccc2)C(Br)=C2C1=C(c1ccccc1)c1c(Br)c(Br)c(Br)n1[B-]2(F)F,1,[BH2-]1C2=CC(c3ccccc3)=[NH+]C2=C(c2ccccc2)c2cccn21,0.0,0.0,0.0,0.0,0.0,0.0,0.0,0.0,1.0,1.0,0.0,0.0,0.0,0.0,0.0,0.0,280,16.115526,-1.4882028
24.1063,26.6026,-24.8362,0.0276011,O=c1c2ccccc2c2cccc(-c3ccccc3)c2c(=O)n1-c1ccccc1,1,O=c1c2ccccc2c2cccc(-c3ccccc3)c2c(=O)n1-c1ccccc1,0.0004091,-15.2048,0.0150358,0.4593,0.9990395,375.427,0.9750611,1.9177,1.0,1.0,1.0,1.0,1.0,1.0,1.0,1.0,320,-3.4100683,-0.21263105
16.8429,25.4874,9.2787,0.5432213,F[B-]1(F)C2=C(c3ccccc3)c3nc4ccccc4n3[B-](F)(F)[N+]2=C(c2ccccc2)c2cccn21,1,[BH2-]1C2=C(c3ccccc3)c3nc4ccccc4n3[BH2-][N+]2=C(c2ccccc2)c2cccn21,0.6970355,-1.143,0.0301109,1.23,0.9999999,483.066,0.866368,3.6735,1.0,1.0,1.0,1.0,1.0,1.0,1.0,1.0,200,18.159744,-10.776829
19.0998,23.7449,3.2445,0.42171,C1=C(c2ccccc2)C(=Nc2ccc(-c3ccccc3)cc2)C(c2ccccc2)=C1c1ccccc1,1,C1=C(c2ccccc2)C(=Nc2ccc(-c3ccccc3)cc2)C(c2ccccc2)=C1c1ccccc1,0.3870922,-3.2484,0.0192595,0.7327,0.9999996,459.592,0.9650027,2.2589,1.0,1.0,1.0,1.0,1.0,1.0,1.0,1.0,280,8.747439,13.052364
45.842,45.5215,-43.5775,0.0303745,O=C1CC2OCCCCC(O)C3(O)c4cc([N+](=O)[O-])ccc4N1C23O,1,O=C1CC2OCCCCCC3c4ccccc4N1C23,0.0007557,-14.205,0.0110931,0.1247,0.9903899,350.327,0.6838224,4.7462,1.0,1.0,1.0,1.0,1.0,1.0,1.0,1.0,60,-24.909874,21.74184
25.3789,34.8804,-14.0257,0.3258551,Cc1ccc(C=C2C(=O)C(=C3c4ccccc4C(=O)c4ccc(C)cc43)C(=O)N2c2ccccc2)cc1,1,O=C1C(=Cc2ccccc2)N(c2ccccc2)C(=O)C1=C1c2ccccc2C(=O)c2ccccc21,0.2124963,-4.6334,0.0167487,0.5783,0.9999999,481.551,0.9502364,2.6179,1.0,1.0,1.0,1.0,1.0,1.0,1.0,1.0,260,-6.7380476,3.2597506
22.2938,21.3338,-21.3338,0.0,CC(C(=O)O)c1c2ccccc2cc2ccccc12,1,c1ccc2cc3ccccc3cc2c1,0.0,0.0,0.0,0.0,0.0,0.0,0.0,0.0,1.0,1.0,0.0,0.0,0.0,0.0,0.0,0.0,60,-30.672337,-4.385342
34.9249,50.0638,-21.4187,0.4475795,F[B-]1(F)C2=Cc3cc(Cl)cnc3[N+]2=C(c2cc(-c3ccc(Cl)cc3)c3cc(Cl)cc(Cl)c3n2)c2cccn21,1,[BH2-]1C2=Cc3cccnc3[N+]2=C(c2cc(-c3ccccc3)c3ccccc3n2)c2cccn21,0.4860157,-2.5911,0.0211459,0.8363,1.0,584.049,0.8416582,3.8675,1.0,1.0,1.0,1.0,1.0,1.0,1.0,1.0,380,29.842857,-17.470743
21.9449,32.9779,0.4226,0.521884,Cc1cccc(C2=C3[N+](=C(c4c(C)cccc4C)C(F)(F)C3(F)F)[B-](F)(F)n3cccc32)c1,1,[BH2-]1n2cccc2C(c2ccccc2)=C2CCC(c3ccccc3)=[N+]12,0.6068197,-1.7932,0.0356307,1.419,0.9999996,460.23,0.8497414,3.807,1.0,1.0,1.0,1.0,1.0,1.0,1.0,1.0,320,23.161964,-8.049546
26.4734,25.9316,-25.9316,0.0,O=[N+]([O-])C(=C(c1ccccc1)c1ccccc1)N([O-])[N+](=O)c1ccccc1,1,O=[N+](NC=C(c1ccccc1)c1ccccc1)c1ccccc1,0.0,0.0,0.0,0.0,0.0,0.0,0.0,0.0,1.0,1.0,0.0,0.0,0.0,0.0,0.0,0.0,120,-3.455053,23.652706
26.5522,36.4561,-24.9865,0.1792121,N#Cc1ccc[n+]2c1[B-](F)(F)n1cc3ccccc3c1-2,1,[BH2-]1c2cccc[n+]2-c2c3ccccc3cn21,0.1932945,-4.8269,0.0226991,0.9149,0.0458658,267.047,0.8408727,3.8733,1.0,1.0,1.0,1.0,1.0,1.0,1.0,1.0,240,11.394089,-14.183238
21.4041,24.3138,-12.1583,0.1899306,Brc1ccc(C2=C(c3ccccc3)c3cccc4cccc(c34)C2(c2ccccc2)c2ccccc2)cc1,1,c1ccc(C2=C(c3ccccc3)C(c3ccccc3)(c3ccccc3)c3cccc4cccc2c34)cc1,0.0488001,-7.3369,0.0228678,0.9232,1.0,549.511,0.9565929,2.4779,1.0,1.0,1.0,1.0,1.0,1.0,1.0,1.0,80,3.0747094,7.1297936
13.3332,25.9398,8.2097,0.5335847,F[B-]1(F)C=c2cc(Br)ccc2=C(c2ccc[nH]2)c2cccn21,1,[BH2-]1C=c2ccccc2=C(c2ccc[nH]2)c2cccn21,0.6815687,-1.2606,0.0311462,1.2679,0.996031,359.99,0.8315393,3.9399,1.0,1.0,1.0,1.0,1.0,1.0,1.0,1.0,300,29.670492,-19.004698
42.1164,52.3564,-41.6761,0.166879,O=C1NCc2ccc(cc2)-c2ccccc2-c2ccccc2-c2cc(c(N(c3ccccc3)c3ccccc3)c3c2C(=O)c2ccccc2-3)-c2cccc1c2,1,O=C1NCc2ccc(cc2)-c2ccccc2-c2ccccc2-c2cc(c(N(c3ccccc3)c3ccccc3)c3c2C(=O)c2ccccc2-3)-c2cccc1c2,0.0528112,-7.2014,0.0133776,0.3306,0.9998122,706.845,0.6980397,4.6812,1.0,1.0,1.0,1.0,1.0,1.0,1.0,1.0,160,-4.78123,10.832518
56.6191,57.1344,-53.5577,0.0558866,CN1c2ccccc2C(=O)c2ccccc2O[P-]2(NC34N=NC3(C)O4)(=[O+]c3ccccc3[N+](=O)[O-])Oc3ccccc3C12,1,O=C1c2ccccc2NC2c3ccccc3O[P-]2(NC23N=NC2O3)(=[O+]c2ccccc2)Oc2ccccc21,0.0044098,-11.3262,0.0126169,0.2662,1.0,597.524,0.4875234,5.5488,1.0,1.0,1.0,1.0,1.0,1.0,1.0,1.0,120,-7.5338764,17.392813
32.5374,37.2521,-16.9708,0.3168948,BrC1=CC=C2C=CC3=C(Br)C(=N1)C2=Cc1ccccc13,1,C1=CN=C2C=C3C=CC(=C1)C2=Cc1ccccc13,0.2590761,-4.2113,0.0146134,0.4279,0.9996712,387.074,0.7075372,4.6367,1.0,1.0,1.0,1.0,1.0,1.0,1.0,1.0,380,-16.47832,9.895311
24.2732,34.5348,-3.0497,0.4919544,F[B-]1(F)c2cccc(=c3c4ccccc4c(-c4ccccc4)c4[n+]3=CC=C4)c2=C(c2ccccc2)c2cccn21,1,[BH2-]1c2cccc(=c3c4ccccc4c(-c4ccccc4)c4[n+]3=CC=C4)c2=C(c2ccccc2)c2cccn21,0.6040471,-1.8121,0.0224944,0.9049,1.0,520.391,0.8455328,3.8388,1.0,1.0,1.0,1.0,1.0,1.0,1.0,1.0,200,15.861859,-12.889391
20.6707,36.1668,-5.8587,0.4735636,O=C1c2ccccc2C2=C(c3ccc(Cl)c(Cl)c3)c3c(Br)c(Br)c(Br)n3[B-](F)(F)C(Cl)=[N+]12,1,O=C1c2ccccc2C2=C(c3ccccc3)c3cccn3[BH2-]C=[N+]12,0.4789571,-2.6372,0.0343245,1.3769,0.999972,686.168,0.8513901,3.7943,1.0,1.0,1.0,1.0,1.0,1.0,1.0,1.0,360,14.699642,-1.0145309
22.1938,22.0035,-18.7903,0.0502055,COc1ccc2c(c1)C(c1ccccc1)(c1ccccc1)C=C2c1ccccc1,1,C1=C(c2ccccc2)c2ccccc2C1(c1ccccc1)c1ccccc1,0.0016206,-12.9611,0.0247021,1.009,0.9989523,374.483,0.9617847,2.3481,1.0,1.0,1.0,1.0,1.0,1.0,1.0,1.0,220,3.8040786,8.050994
28.0945,24.8808,-24.8488,0.0005005,[Se+]#[P-](C1CCCCC1)(N1CC1)N(C1CCCCC1)C1CCCCC1,1,C1CCC(N(C2CCCCC2)[PH-](C2CCCCC2)N2CC2)CC1,0.0,-31.3822,0.0107836,0.0937,0.9999759,415.464,0.8080234,4.0956,1.0,1.0,1.0,1.0,1.0,1.0,1.0,1.0,140,-26.631287,17.282503
29.9085,34.8812,-20.9548,0.2176013,Clc1ccc2c(c1)C(c1ccccc1)=C1C2=Nc2ccccc2-c2ccccc2-c2cc(Cl)ccc21,1,c1ccc(C2=C3C(=Nc4ccccc4-c4ccccc4-c4ccccc43)c3ccccc32)cc1,0.0751457,-6.5881,0.0185449,0.6909,1.0,500.428,0.9296455,2.9777,1.0,1.0,1.0,1.0,1.0,1.0,1.0,1.0,80,-1.9012277,10.691877
21.5662,37.6736,-5.0268,0.5101061,F[B-]1(F)c2cc(=C(c3ccccc3)c3ccc[nH]3)ccc2=C(c2ccccc2Cl)c2cc(Cl)cn21,1,[BH2-]1c2cc(=C(c3ccccc3)c3ccc[nH]3)ccc2=C(c2ccccc2)c2cccn21,0.5776561,-1.99,0.0326037,1.3192,1.0,502.18,0.8705688,3.6375,1.0,1.0,1.0,1.0,1.0,1.0,1.0,1.0,360,20.844112,1.9182483
13.9822,14.9242,-14.2756,0.0101345,S=c1[nH]nc(-c2ccccc2)n1-c1ccccc1,1,S=c1[nH]nc(-c2ccccc2)n1-c1ccccc1,0.000244,-16.0466,0.0132706,0.3217,0.0134072,253.33,0.9769248,1.8399,1.0,1.0,1.0,1.0,1.0,1.0,1.0,1.0,40,0.010360777,1.5733147
34.286,39.4474,-34.5934,0.0758442,COc1ccc2cc(-c3cc(Cl)c(Cl)c(-c4ccc(C)cc4)c3)c(C#N)cc2c1,1,c1ccc(-c2cccc(-c3ccc4ccccc4c3)c2)cc1,0.0053771,-11.0017,0.0149694,0.4544,0.9999815,418.323,0.9637196,2.2954,1.0,1.0,1.0,1.0,1.0,1.0,1.0,1.0,380,0.36802423,-12.42598
28.3568,44.4079,-17.3192,0.4232613,COc1ccc2ccc(C=C3C=CC=[N+]3[O-])cc2c1-c1ccccc1N([O-])[O-],1,C1=CC(=Cc2ccc3cccc(-c4ccccc4)c3c2)[NH+]=C1,0.4143394,-3.0636,0.019927,0.7705,0.9987287,372.38,0.8826739,3.5281,1.0,1.0,1.0,1.0,1.0,1.0,1.0,1.0,200,-18.17269,-2.7154806
21.5544,45.3527,-10.3568,0.5468111,F[B-]1(F)C2=CC(Cl)=CC2=C(c2ccccc2Cl)c2cc(Cl)c(-c3cccnc3)n21,1,[BH2-]1C2=CC=CC2=C(c2ccccc2)c2ccc(-c3cccnc3)n21,0.7075773,-1.0609,0.0289354,1.1855,0.9999986,446.5,0.882238,3.5322,1.0,1.0,1.0,1.0,1.0,1.0,1.0,1.0,360,27.928125,-2.1301336
32.9267,38.4227,-23.7673,0.2289894,ClC1=Nc2ccccc2C1=NOC(=Nc1ccccc1Cl)c1ccccc1Cl,1,C1=Nc2ccccc2C1=NOC(=Nc1ccccc1)c1ccccc1,0.0921378,-6.2259,0.0143953,0.4113,0.9999929,428.706,0.9339747,2.9111,1.0,1.0,1.0,1.0,1.0,1.0,1.0,1.0,120,15.797237,13.4933605
34.0168,42.8546,-6.3697,0.5700778,COc1ccc(C2=C(F)C(=C3[S+]=C(c4ccc(N([O-])[O-])cc4)[N+]3=O)O2)cc1,1,O=[N+]1C(c2ccccc2)=[S+]C1=C1C=C(c2ccccc2)O1,0.8016427,-0.2255,0.0310527,1.2645,0.9996489,386.36,0.8368723,3.9022,1.0,1.0,1.0,1.0,1.0,1.0,1.0,1.0,320,9.244275,-19.279444
23.1051,32.9753,-16.5111,0.257253,C[Si]1(C)C[Si](C)(C)c2c1c1c(c3ccccc23)C(=O)C(Br)=C(Br)C1=O,1,O=C1C=CC(=O)c2c1c1c(c3ccccc23)[SiH2]C[SiH2]1,0.1300128,-5.5957,0.0154841,0.4917,1.0,494.331,0.8512415,3.7955,1.0,1.0,1.0,1.0,1.0,1.0,1.0,1.0,220,-17.179493,-17.24987
9.192,25.8269,-25.8269,0.0,F[B-]1(F)n2cccc2C(c2ccccc2)=C2C=CC(c3ccccn3)=[N+]21,1,[BH2-]1n2cccc2C(c2ccccc2)=C2C=CC(c3ccccn3)=[N+]12,0.8620287,0.484,0.0383754,1.5026,0.9846244,345.161,0.8864397,3.492,1.0,1.0,1.0,1.0,1.0,1.0,1.0,1.0,320,23.38964,-11.000155
21.8956,43.7791,-5.5221,0.5977668,O=[N+]1C(Cl)=C2C(=C(c3ccccc3)c3c(Cl)c(Cl)c(Cl)n3[B-]2(F)F)[N+]([O-])=C1c1ccccc1,1,O=[N+]1C=C2[BH2-]n3cccc3C(c3ccccc3)=C2[NH+]=C1c1ccccc1,0.8288108,0.0687,0.0419462,1.6033,1.0,526.95,0.8307798,3.9452,1.0,1.0,1.0,1.0,1.0,1.0,1.0,1.0,380,23.328701,2.7452884
21.0995,25.0346,9.5059,0.5396949,Cc1c2ccccc2c(C=NN2C(=O)c3ccccc3C2=O)c2ccccc12,1,O=C1c2ccccc2C(=O)N1N=Cc1c2ccccc2cc2ccccc12,0.6139505,-1.7444,0.0332435,1.341,0.9973534,364.404,0.9627723,2.3215,1.0,1.0,1.0,1.0,1.0,1.0,1.0,1.0,160,-10.275099,5.667079
29.8934,32.6067,-25.5685,0.1099716,S=c1oc2nc(Nc3ccccc3)nc(-c3ccccc3)c2o1,1,S=c1oc2nc(Nc3ccccc3)nc(-c3ccccc3)c2o1,0.0148737,-9.329,0.0147642,0.4392,0.8773338,321.361,0.9516952,2.5874,1.0,1.0,1.0,1.0,1.0,1.0,1.0,1.0,100,7.2159047,6.563066
36.8593,37.0871,-35.3365,0.0273538,CC1(C)C2CCC3(OOC4(OC(Cc5ccccc5)CC4=O)O3)C1(C)C2,1,O=C1CC(Cc2ccccc2)OC12OOC1(CCC3CC1C3)O2,0.00082,-14.0718,0.0180593,0.6615,0.9954223,358.434,0.3570161,6.0749,1.0,1.0,1.0,1.0,1.0,1.0,1.0,1.0,20,-17.216002,23.573925
31.0989,39.4498,-10.3625,0.4544894,[O+]#[P-](Cl)(C1=Cc2ccccc2Cc2cccc3cccc1c23)c1c2ccccc2cc2ccccc12,1,C1=C([P-]c2c3ccccc3cc3ccccc23)c2cccc3cccc(c23)Cc2ccccc21,0.5202387,-2.3681,0.0178589,0.6492,1.0,500.965,0.8670081,3.6681,1.0,1.0,1.0,1.0,1.0,1.0,1.0,1.0,160,-29.978333,-6.6770964
27.8536,30.9009,-30.9009,0.0,CCC1=C2C(=[S+]C1=S)C(=C([O-])c1ccccc1)c1ccsc12,1,S=C1C=C2C(=[S+]1)C(=Cc1ccccc1)c1ccsc12,0.0,0.0,0.0,0.0,0.0,0.0,0.0,0.0,1.0,1.0,0.0,0.0,0.0,0.0,0.0,0.0,100,-4.1548,23.578117
26.1236,30.9184,-8.0509,0.3573036,O=C1N=C2c3ccccc3CCN2C1=C1Cc2ccccc2C1=O,1,O=C1N=C2c3ccccc3CCN2C1=C1Cc2ccccc2C1=O,0.2948456,-3.9201,0.0177995,0.6455,0.7893698,314.344,0.9462776,2.6968,1.0,1.0,1.0,1.0,1.0,1.0,1.0,1.0,240,-9.5664015,8.695825
24.9151,24.8059,-24.8059,0.0,O=C(C=Cc1cccc(Br)c1)c1cnc2ccccc2c1,1,O=C(C=Cc1ccccc1)c1cnc2ccccc2c1,0.0,0.0,0.0,0.0,0.0,0.0,0.0,0.0,1.0,1.0,0.0,0.0,0.0,0.0,0.0,0.0,20,-2.345505,-17.753046
60.4772,63.2623,-63.2623,0.0,O=C1CCC(=CC(=O)c2ccc(Cl)cc2)C2=C1CC1CC3(Cl)C(CC4(Cl)C(Cl)=C(Cl)C3(Cl)C4Cl)C1C(=O)N2c1ccccc1,1,O=C1CCC(=CC(=O)c2ccccc2)C2=C1CC1CC3C4C=CC(C4)CC3C1C(=O)N2c1ccccc1,0.0,0.0,0.0,0.0,0.0,0.0,0.0,0.0,1.0,1.0,0.0,0.0,0.0,0.0,0.0,0.0,120,-5.287738,-27.311937
29.7453,30.6969,-30.6969,0.0,CC(=Pc1c(C(C)C)cc(C(C)C)cc1C(C)C)P=C(O[Si](c1ccccc1)(c1ccccc1)c1ccccc1)c1ccccc1,1,C(=Pc1ccccc1)P=C(O[Si](c1ccccc1)(c1ccccc1)c1ccccc1)c1ccccc1,0.0,0.0,0.0,0.0,0.0,0.0,0.0,0.0,1.0,1.0,0.0,0.0,0.0,0.0,0.0,0.0,20,-2.2040746,23.157276
17.3353,30.1415,8.821,0.608789,COc1ccc(C2=CC(c3ccc(F)cc3)=[N+]3C2=C(c2ccc(C)cc2)c2cccn2[B-]3(F)F)cc1,1,[BH2-]1n2cccc2C(c2ccccc2)=C2C(c3ccccc3)=CC(c3ccccc3)=[N+]12,0.8489872,0.3121,0.036501,1.4461,0.9999999,482.314,0.9041634,3.3069,1.0,1.0,1.0,1.0,1.0,1.0,1.0,1.0,380,13.449259,-9.499708
54.4449,61.126,-37.5652,0.3681371,COC(=O)C1=C=C2CC3=C(C)C=C(C)C(=O)C(=C2C2=CC(=O)C(C)=C12)C3,1,O=C1C=C2C=C=C3CC4=CC=CC(=O)C(=C3C2=C1)C4,0.389005,-3.2353,0.0167633,0.5793,0.9862373,346.382,0.6527658,4.8832,1.0,1.0,1.0,1.0,1.0,1.0,1.0,1.0,240,-18.88285,22.586708
23.8256,30.4842,-13.6859,0.2624739,CN1C(=O)C(=C2CCC(=Cc3ccccc3)C(=O)N2)c2ccccc21,1,O=C1NC(=C2C(=O)Nc3ccccc32)CCC1=Cc1ccccc1,0.1116182,-5.8782,0.024648,1.0065,0.942608,330.387,0.954153,2.5338,1.0,1.0,1.0,1.0,1.0,1.0,1.0,1.0,160,-10.902112,8.978235
33.3532,33.4192,-33.4192,0.0,COC(=O)[N+](CCN1C(=O)O[B-]1(F)F)Cc1ccccc1,1,O=C1O[BH2-]N1CC[NH+]Cc1ccccc1,0.0,0.0,0.0,0.0,0.0,0.0,0.0,0.0,1.0,1.0,0.0,0.0,0.0,0.0,0.0,0.0,20,-17.66423,22.813211
24.5823,24.3434,-24.3434,0.0,O=C(OC(=C(O)C(=O)c1ccccc1)c1ccccc1)c1ccccc1,1,O=C(C=C(OC(=O)c1ccccc1)c1ccccc1)c1ccccc1,0.0,0.0,0.0,0.0,0.0,0.0,0.0,0.0,1.0,1.0,0.0,0.0,0.0,0.0,0.0,0.0,20,-3.5650566,26.56354
14.3161,37.8271,-2.2705,0.5555722,F[B-]1(F)C2=C(Cl)C(c3ccccn3)=CC2=C(c2ccc(-c3ccccc3)cc2)c2cccn21,1,[BH2-]1C2=CC(c3ccccn3)=CC2=C(c2ccc(-c3ccccc3)cc2)c2cccn21,0.748517,-0.7237,0.0256872,1.0525,0.9999993,453.708,0.9063477,3.282,1.0,1.0,1.0,1.0,1.0,1.0,1.0,1.0,340,27.058884,-12.532662
15.7887,37.8924,0.6675,0.6024987,Cn1c(Br)ccc1C1=C2C(c3ccccc3)=CC=[N+]2[B-](F)(F)n2cccc21,1,[BH2-]1n2cccc2C(c2ccc[nH]2)=C2C(c3ccccc3)=CC=[N+]12,0.8623103,0.4879,0.0399093,1.5469,0.9999909,426.073,0.8261621,3.9769,1.0,1.0,1.0,1.0,1.0,1.0,1.0,1.0,360,24.31715,-7.2760143
10.1703,22.1537,15.7213,0.5917976,F[B-]1(F)n2cccc2C(c2ccccc2)=C(c2ccc[nH]2)c2cccn21,1,[BH2-]1n2cccc2C(c2ccccc2)=C(c2ccc[nH]2)c2cccn21,0.7906634,-0.3357,0.0399702,1.5486,0.9859685,346.169,0.8785574,3.5664,1.0,1.0,1.0,1.0,1.0,1.0,1.0,1.0,300,34.128433,-16.564388
12.1411,23.6856,8.4543,0.5021855,F[B-]1(F)C2=C(c3ccccc3)N(c3ccccc3)[B-](F)(F)[N+]2=C(c2ccccc2)c2cccn21,1,[BH2-]1C2=C(c3ccccc3)N(c3ccccc3)[BH2-][N+]2=C(c2ccccc2)c2cccn21,0.5764956,-1.9977,0.0286412,1.174,0.9999995,458.056,0.8730124,3.6162,1.0,1.0,1.0,1.0,1.0,1.0,1.0,1.0,220,17.981632,-10.782656
28.6046,40.132,-13.7054,0.412916,CC1=C(c2ccccc2C)C(Cl)=C(c2ccccc2Cl)C1=C1c2ccccc2-c2ccccc21,1,C1=C(c2ccccc2)C=C(c2ccccc2)C1=C1c2ccccc2-c2ccccc21,0.3876271,-3.2448,0.0165534,0.5653,0.9999999,477.434,0.9546644,2.5223,1.0,1.0,1.0,1.0,1.0,1.0,1.0,1.0,360,-3.554598,12.680626
21.2023,36.5256,1.8545,0.5996879,CC1=[N+]2C(=C(c3ccc(-c4ccccn4)cc3)c3cccn3[B-]2(F)F)C(c2ccccc2)=C1,1,[BH2-]1n2cccc2C(c2ccc(-c3ccccn3)cc2)=C2C(c3ccccc3)=CC=[N+]12,0.838036,0.1769,0.0335891,1.3526,0.9999961,435.286,0.9045525,3.3025,1.0,1.0,1.0,1.0,1.0,1.0,1.0,1.0,360,20.300064,-8.938375
37.9719,47.2805,-40.2215,0.1102974,Cc1cccc(C)c1N1C(c2cccc3ccccc23)=NC(C)(C)C1=C1B(c2cccc3ccccc23)N(c2c(C)cccc2C)c2ccccc21,1,c1ccc(N2C(c3cccc4ccccc34)=NCC2=C2B(c3cccc4ccccc34)N(c3ccccc3)c3ccccc32)cc1,0.0151935,-9.2938,0.0141706,0.394,0.9999926,671.697,0.8785276,3.5666,1.0,1.0,1.0,1.0,1.0,1.0,1.0,1.0,120,-18.787825,-0.3208537
32.4094,44.2878,-25.6059,0.2919045,Cc1ccc(C2=[n+]3c(nc4nc(=O)c(Br)c(-c5ccccc5)n43)-c3ccccc32)cc1,1,O=c1cc(-c2ccccc2)n2c(nc3[n+]2=C(c2ccccc2)c2ccccc2-3)n1,0.155166,-5.2599,0.0203506,0.7938,0.9999998,468.334,0.9200869,3.1123,1.0,1.0,1.0,1.0,1.0,1.0,1.0,1.0,380,-0.08934755,-3.005677
32.1813,35.2453,-31.2043,0.0631412,Brc1cccc(Br)c1-c1nc2c(ncn2-c2ccccc2)c2ccccc12,1,c1ccc(-c2nc3c(ncn3-c3ccccc3)c3ccccc23)cc1,0.0031262,-11.8886,0.0194662,0.7445,0.9999999,479.175,0.9589384,2.4212,1.0,1.0,1.0,1.0,1.0,1.0,1.0,1.0,60,-19.928877,-13.736861
33.9505,33.8074,-33.7636,0.0006844,ClCC12C3Cc4cccc5c4C4CC3C1C4C52,1,c1cc2c3c(c1)C1C4C3CC3C(C2)C1C34,9e-07,-25.1024,0.0140554,0.385,0.005102,242.749,0.3223104,6.2262,1.0,1.0,1.0,1.0,1.0,1.0,1.0,1.0,40,-17.82742,16.71547
43.8387,51.8097,-37.8617,0.2179388,CC1=C(c2nn(-c3ccccc3)c(-c3ccccc3)c2C(=O)Nc2ccccc2)S(=O)(=O)C(=c2sc3ccccc3c2=Cc2ccccc2)S1,1,O=C(Nc1ccccc1)c1c(C2=CSC(=c3sc4ccccc4c3=Cc3ccccc3)S2(=O)=O)nn(-c2ccccc2)c1-c1ccccc1,0.0803869,-6.4691,0.0161774,0.54,0.999793,707.902,0.9041775,3.3067,1.0,1.0,1.0,1.0,1.0,1.0,1.0,1.0,120,5.7827263,3.177603
28.3088,37.4395,-17.3661,0.3136463,C=C1C(=NNc2ccccc2Br)c2ccccc2N(c2ccc(Br)cc2)N1c1ccccc1,1,C=C1C(=NNc2ccccc2)c2ccccc2N(c2ccccc2)N1c1ccccc1,0.1707601,-5.0736,0.0252034,1.0314,1.0,560.293,0.9452932,2.7156,1.0,1.0,1.0,1.0,1.0,1.0,1.0,1.0,260,-1.8851465,8.196164
22.2644,25.8154,-10.9513,0.2322523,O=C1C=C(c2ccccc2)C(F)(F)C1=NNC(=O)c1ccccc1,1,O=C1C=C(c2ccccc2)CC1=NNC(=O)c1ccccc1,0.0986028,-6.1039,0.0140389,0.3837,0.9185273,326.302,0.9524096,2.5721,1.0,1.0,1.0,1.0,1.0,1.0,1.0,1.0,240,-6.2040854,23.988544
12.7339,31.3778,7.9973,0.6152353,Cc1ccc2n1[B-](F)(F)[N+]1=CC=C(c3ccccc3)C1=C2c1ccccn1,1,[BH2-]1n2cccc2C(c2ccccn2)=C2C(c3ccccc3)=CC=[N+]12,0.8631674,0.4996,0.0404819,1.563,0.9957281,359.188,0.8813005,3.541,1.0,1.0,1.0,1.0,1.0,1.0,1.0,1.0,400,17.664425,-20.128654
43.3619,43.3197,-14.7921,0.4457432,COc1ccc(-c2cc3sc(-c4sc(-c5ccccc5)cc4OC)c4c3c3cccc(c23)C=C4)cc1OC,1,C1=Cc2c(-c3ccc(-c4ccccc4)s3)sc3cc(-c4ccccc4)c4c1cccc4c23,0.5035115,-2.4771,0.0185112,0.6889,1.0,532.686,0.8363605,3.9059,1.0,1.0,1.0,1.0,1.0,1.0,1.0,1.0,380,-10.760291,-8.89247
36.281,42.1446,-23.9503,0.2842859,C1=CC(=C2c3cccnc3-c3ncccc32)c2ccc3c(c2)OCCOCCC(=C1)OCCOCCO3,1,C1=CC(=C2c3cccnc3-c3ncccc32)c2ccc3c(c2)OCCOCCC(=C1)OCCOCCO3,0.1906771,-4.8543,0.0173449,0.6169,1.0,496.563,0.6876001,4.7291,1.0,1.0,1.0,1.0,1.0,1.0,1.0,1.0,120,12.757003,21.19966
42.1788,46.2136,-15.0282,0.4872716,COc1ccc(-c2[n-][nH]c(=O)c2C2=C(c3c(C)[nH]c4ccccc34)C(F)(F)C(F)(F)C2=[S+]c2ccccc2)cc1OC,1,O=c1[nH][n-]c(-c2ccccc2)c1C1=C(c2c[nH]c3ccccc23)CCC1=[S+]c1ccccc1,0.6038344,-1.8136,0.0228231,0.921,1.0,593.602,0.8148949,4.0517,1.0,1.0,1.0,1.0,1.0,1.0,1.0,1.0,160,-10.549668,-9.106828
38.724,45.0331,-22.9679,0.3447695,Fc1c2ccc3c-2nc3c[n+]2c(cc3ccccc32)c([B-](F)(F)F)c(F)c(F)c1F,1,c1ccc2ccc3c-2nc3c[n+]2c(cc1)cc1ccccc12,0.297704,-3.8978,0.0220436,0.8824,0.9999843,420.096,0.6616318,4.8447,1.0,1.0,1.0,1.0,1.0,1.0,1.0,1.0,220,18.19606,18.43817
33.5973,35.4354,-35.4354,0.0,CC(OC(=O)c1ccccc1)n1ccc2c(Br)c3ccccc3c(Br)c21,1,O=C(OCn1ccc2cc3ccccc3cc21)c1ccccc1,0.0,0.0,0.0,0.0,0.0,0.0,0.0,0.0,1.0,1.0,0.0,0.0,0.0,0.0,0.0,0.0,100,-4.205392,24.799534
27.1377,46.0166,-12.5376,0.5231103,F[B-]1(F)C(c2ccccc2)=c2c(Cl)c(-c3ccccc3)o[n+]2=C(c2ccc(Cl)cc2)c2cc3ccc(Cl)cc3n21,1,[BH2-]1C(c2ccccc2)=c2cc(-c3ccccc3)o[n+]2=C(c2ccccc2)c2cc3ccccc3n21,0.6523696,-1.4748,0.0260112,1.0665,1.0,589.665,0.8839992,3.5155,1.0,1.0,1.0,1.0,1.0,1.0,1.0,1.0,280,18.037064,-2.2964
27.7218,41.3768,-7.2608,0.5330631,COC(=C1C(c2cccc(O)c2)=CC(c2ccncc2)=[N+]1[O-])c1ccccc1,1,C(=C1[NH+]=C(c2ccncc2)C=C1c1ccccc1)c1ccccc1,0.6360692,-1.5907,0.0294288,1.2044,0.9984759,370.408,0.9261948,3.0281,1.0,1.0,1.0,1.0,1.0,1.0,1.0,1.0,360,12.860236,-22.163467
26.0028,30.4785,-3.8646,0.4158421,O=C1C(C=Nc2ccc([N+](=O)[O-])cc2)=CC(=CNc2ccccc2)c2ccccc21,1,O=C1C(C=Nc2ccccc2)=CC(=CNc2ccccc2)c2ccccc21,0.360452,-3.4338,0.0225761,0.9089,0.9998475,395.418,0.9487289,2.6486,1.0,1.0,1.0,1.0,1.0,1.0,1.0,1.0,80,-5.1926303,-14.405104
26.2663,49.5463,-14.6179,0.5457572,F[B-]1(F)C2=C(c3c4ncccc4cc4cccnc34)C=CC2=C(c2ccco2)c2cc(Br)c(Cl)n21,1,[BH2-]1C2=C(c3c4ncccc4cc4cccnc34)C=CC2=C(c2ccco2)c2cccn21,0.7542833,-0.6734,0.0251647,1.0297,1.0,547.575,0.8530736,3.7813,1.0,1.0,1.0,1.0,1.0,1.0,1.0,1.0,340,27.949799,-15.962553
18.9355,19.4952,-8.2184,0.1761999,COC(=O)c1c2ccccc2cc2ccccc12,1,c1ccc2cc3ccccc3cc2c1,0.504884,-2.4682,0.0390189,1.5214,0.0028156,236.27,0.9804238,1.6757,1.0,1.0,1.0,1.0,1.0,1.0,1.0,1.0,80,-30.638659,-4.77901
22.0217,35.7351,2.1854,0.5925077,CC1=[N+]([O-])C(=C2C=C(c3cccnc3)c3cccn3[B-]2(F)F)c2ccccc21,1,[BH2-]1C(=C2[NH+]=Cc3ccccc32)C=C(c2cccnc2)c2cccn21,0.8574045,0.4215,0.0334729,1.3487,0.9989226,374.179,0.845575,3.8385,1.0,1.0,1.0,1.0,1.0,1.0,1.0,1.0,380,25.10237,-5.4310017
29.7297,36.1862,-25.4418,0.1678814,COc1c2c(cc3ccccc13)C(c1ccc(Br)cc1)c1ccc3ccccc3c1C2=O,1,O=C1c2cc3ccccc3cc2C(c2ccccc2)c2ccc3ccccc3c21,0.0429892,-7.5533,0.013196,0.3155,0.9999999,479.373,0.9353286,2.8894,1.0,1.0,1.0,1.0,1.0,1.0,1.0,1.0,300,-23.31303,1.8627714
24.1617,32.0462,-7.3487,0.3858979,Fc1ccc(C2=C(c3ccccc3)C(c3ccccc3)=C(c3ccccc3)C2=C(Cl)c2ccccc2)c(-c2ccccc2)c1,1,C(=C1C(c2ccccc2)=C(c2ccccc2)C(c2ccccc2)=C1c1ccccc1-c1ccccc1)c1ccccc1,0.3137993,-3.7742,0.0188626,0.7097,1.0,587.137,0.9538294,2.541,1.0,1.0,1.0,1.0,1.0,1.0,1.0,1.0,260,5.217439,13.610544
22.0253,28.0361,-12.7648,0.238614,Cc1cc(C)c(C2=[N+](c3c(C)cc(C)cc3C)[B-](F)(F)n3c4ccccc4c4cccc2c43)c(C)c1,1,[BH2-]1n2c3ccccc3c3cccc(c32)C(c2ccccc2)=[N+]1c1ccccc1,0.0934945,-6.1997,0.0208357,0.8199,0.9999999,478.395,0.9054233,3.2926,1.0,1.0,1.0,1.0,1.0,1.0,1.0,1.0,280,28.300129,7.812212
29.1563,37.1058,-24.636,0.1948393,O=C1OC(Oc2ccccc2)C2=C1C=CC=C1C=CC=CC=C12,1,O=C1OC(Oc2ccccc2)C2=C1C=CC=C1C=CC=CC=C12,0.0801478,-6.4743,0.0176571,0.6366,0.5534227,302.329,0.863517,3.6973,1.0,1.0,1.0,1.0,1.0,1.0,1.0,1.0,120,-11.077776,-0.54431593
16.1358,16.7088,-16.658,0.0007936,O=C1CC1,1,O=C1CC1,0.0002726,-15.8664,0.0106633,0.0814,0.0,56.064,0.980187,1.6877,1.0,1.0,1.0,1.0,1.0,1.0,1.0,1.0,340,-26.960793,23.825075
21.5441,30.6182,-0.3434,0.4730434,CC1=Cc2ccccc2C(=C2C(=O)c3ccccc3C2=NNc2ccccc2)C1=O,1,O=C1C=Cc2ccccc2C1=C1C(=O)c2ccccc2C1=NNc1ccccc1,0.53951,-2.2421,0.0174896,0.6261,0.9997589,390.442,0.9517533,2.5861,1.0,1.0,1.0,1.0,1.0,1.0,1.0,1.0,180,-7.0606112,0.80540365
23.8714,23.8931,-23.8931,0.0,CC1=CC(=C(C)c2ccccc2)N(S(=O)(=O)c2ccc(C)cc2)c2ccccc21,1,O=S(=O)(c1ccccc1)N1C(=Cc2ccccc2)C=Cc2ccccc21,0.0,0.0,0.0,0.0,0.0,0.0,0.0,0.0,1.0,1.0,0.0,0.0,0.0,0.0,0.0,0.0,120,-9.418742,-3.2967772
25.6843,25.3812,-18.0428,0.1146624,Fc1ccc(Cl)c(C=NNc2ccccc2)c1F,1,C(=NNc1ccccc1)c1ccccc1,0.0523441,-7.2167,0.0292744,1.1985,0.0444013,266.678,0.9694555,2.1214,1.0,1.0,1.0,1.0,1.0,1.0,1.0,1.0,320,-7.825486,-0.17136371
25.5407,27.5712,-9.332,0.2849868,C[S+]=c1c2ccc[n-]c-2cc2cc3ccccc3cc12,1,[S+]=c1c2ccc[n-]c-2cc2cc3ccccc3cc12,0.4564408,-2.7845,0.0213759,0.8483,0.093812,275.376,0.8480014,3.8202,1.0,1.0,1.0,1.0,1.0,1.0,1.0,1.0,140,-27.455093,2.9943614
22.0108,28.8762,-5.5848,0.3639285,O=c1c2cccc3cccc(c32)c2c(-c3ccccc3)c(=Cc3ccccc3)n12,1,O=c1c2cccc3cccc(c32)c2c(-c3ccccc3)c(=Cc3ccccc3)n12,0.2587086,-4.2144,0.0214898,0.8542,0.9986138,371.439,0.9597694,2.4004,1.0,1.0,1.0,1.0,1.0,1.0,1.0,1.0,200,-15.7085495,-5.078201
18.7973,19.899,-16.4302,0.0542005,COc1ccc(-c2ccc(-c3ccc4ccccc4c3)cc2)cc1,1,c1ccc(-c2ccc(-c3ccc4ccccc4c3)cc2)cc1,0.0025549,-12.2182,0.0162826,0.5471,0.7226223,310.396,0.9830863,1.5302,1.0,1.0,1.0,1.0,1.0,1.0,1.0,1.0,120,-15.9083605,-2.1097314
26.4684,23.427,-22.9761,0.0070455,Cc1cc(C)c(S(=O)(=O)Oc2cc(Br)c(Br)cc2Br)c(C)c1,1,O=S(=O)(Oc1ccccc1)c1ccccc1,1.42e-05,-20.6789,0.0112675,0.1419,1.0,513.045,0.9536835,2.5442,1.0,1.0,1.0,1.0,1.0,1.0,1.0,1.0,200,28.256264,9.082002
18.1371,37.8457,-1.8877,0.561844,F[B-]1(F)n2cccc2C(c2ccccc2)=C(c2cc3ccccc3c(Cl)[n+]2-c2ccccc2)c2cccn21,1,[BH2-]1n2cccc2C(c2ccccc2)=C(c2cc3ccccc3c[n+]2-c2ccccc2)c2cccn21,0.7567536,-0.6516,0.0300301,1.227,1.0,519.791,0.8711012,3.6329,1.0,1.0,1.0,1.0,1.0,1.0,1.0,1.0,300,34.857685,-16.102634
32.7535,37.2991,-21.5364,0.2462921,c1ccc(Nc2cc3c4cccc-4c4sc5ccccc5c4cc3s2)cc1,1,c1ccc(Nc2cc3c4cccc-4c4sc5ccccc5c4cc3s2)cc1,0.1051076,-5.988,0.0160746,0.5329,0.999452,381.525,0.9579642,2.4451,1.0,1.0,1.0,1.0,1.0,1.0,1.0,1.0,140,-19.48433,-16.913025
45.3546,45.0966,-44.4832,0.0095839,C=C1OC(C)=CC12CC1(C)C(=O)CCC1C(C)(C)C(C)C2O,1,C=C1OC=CC12CCCC1CCC(=O)C1C2,5.65e-05,-18.4287,0.0152958,0.4782,0.6006124,304.43,0.5249033,5.4026,1.0,1.0,1.0,1.0,1.0,1.0,1.0,1.0,40,-23.90558,22.973154
44.1282,52.4979,-40.6724,0.1847725,CC1=CC=CC2=CC3=CC(=CC4=CC=C(Cc5cc(cc6ccccc56)CCC4)c4cc3ccc42)C=C1,1,C1=CC=CC2=CC3=CC(=CC4=CC=C(Cc5cc(cc6ccccc56)CCC4)c4cc3ccc42)C=C1,0.09859,-6.1041,0.0133818,0.3309,0.9999999,474.647,0.4338246,5.7602,1.0,1.0,1.0,1.0,1.0,1.0,1.0,1.0,140,-30.318338,1.2915192
41.5089,43.5612,-40.0444,0.0549505,O=C(c1ccco1)N(C(=S)Nc1cc(F)c(Cl)cc1Cl)C1=NCCN1,1,O=C(c1ccco1)N(C(=S)Nc1ccccc1)C1=NCCN1,0.0026308,-12.1704,0.0118612,0.1983,0.9999109,401.25,0.9250613,3.0442,1.0,1.0,1.0,1.0,1.0,1.0,1.0,1.0,60,21.390703,4.071967
14.2995,15.8425,-8.2619,0.1184461,c1ccc(-c2oc(-c3ccccc3)c(-c3ccccc3)c2-c2ccccc2)cc1,1,c1ccc(-c2oc(-c3ccccc3)c(-c3ccccc3)c2-c2ccccc2)cc1,0.0142632,-9.3983,0.0237168,0.9637,0.9987388,372.467,0.98275,1.5498,1.0,1.0,1.0,1.0,1.0,1.0,1.0,1.0,60,9.643723,6.1202383
40.4213,40.5603,-40.5603,0.0,C[O+]=C1C=C(C#N)[B-]2(OC(C(C)(C)C)=CC2=O)C(c2cccc(C)c2)=C1,1,O=C1C=CO[B-]12C=CC(=[O+])C=C2c1ccccc1,0.0,0.0,0.0,0.0,0.0,0.0,0.0,0.0,1.0,1.0,0.0,0.0,0.0,0.0,0.0,0.0,20,2.0235403,-17.574661
10.6518,27.1389,11.4572,0.6030626,CC1=C(c2ccccc2)C(c2ccccc2)=[N+]2C1=C(c1ccccn1)c1cccn1[B-]2(F)F,1,[BH2-]1n2cccc2C(c2ccccn2)=C2C=C(c3ccccc3)C(c3ccccc3)=[N+]12,0.8308381,0.0921,0.0362936,1.4397,0.9999961,435.286,0.9034281,3.3152,1.0,1.0,1.0,1.0,1.0,1.0,1.0,1.0,300,18.252066,-7.837034
17.8031,34.9935,2.8103,0.5906833,F[B-]1(F)n2cccc2C(c2ccc(-c3ccccc3)cc2)=C2C=C(c3ccc(Br)s3)C(Br)=[N+]21,1,[BH2-]1n2cccc2C(c2ccc(-c3ccccc3)cc2)=C2C=C(c3cccs3)C=[N+]12,0.8287967,0.0685,0.0328194,1.3266,1.0,584.092,0.8811223,3.5426,1.0,1.0,1.0,1.0,1.0,1.0,1.0,1.0,240,21.780632,-10.119856
37.5857,47.4586,-26.5661,0.3264446,CC1=CC2C3=CC(c4ccccc4)=CC2=[N+]([O-])C(C3=O)C1O,1,O=C1C2=CC(c3ccccc3)=CC3=[NH+]C1CC=CC23,0.5040955,-2.4733,0.0234533,0.9513,0.3509041,293.322,0.5094595,5.463,1.0,1.0,1.0,1.0,1.0,1.0,1.0,1.0,360,-6.3140244,-11.762665
21.0821,31.4727,5.1922,0.5728894,COC(=O)C1=CC2=C(c3ccccc3)c3nccn3[B-](F)(F)[N+]2=C1C,1,[BH2-]1n2ccnc2C(c2ccccc2)=C2C=CC=[N+]12,0.7495159,-0.715,0.0377107,1.4829,0.9778571,341.126,0.8702972,3.6399,1.0,1.0,1.0,1.0,1.0,1.0,1.0,1.0,200,19.763231,-7.738849
36.1656,33.5933,-33.5933,0.0,CCN1c2ccccc2C(=O)C2(C(=O)OC(C)(C)C)N=NC12c1ccccc1,1,O=C1c2ccccc2NC2(c3ccccc3)N=NC12,0.0,0.0,0.0,0.0,0.0,0.0,0.0,0.0,1.0,1.0,0.0,0.0,0.0,0.0,0.0,0.0,200,-13.188357,18.97362
9.4966,25.8042,-25.8042,0.0,F[B-]1(F)n2cccc2C(c2ccccc2Cl)=C2C=CC(Cl)=[N+]21,1,[BH2-]1n2cccc2C(c2ccccc2)=C2C=CC=[N+]12,0.8559878,0.4028,0.0423349,1.6137,0.9678481,336.965,0.8482482,3.8184,1.0,1.0,1.0,1.0,1.0,1.0,1.0,1.0,260,24.21803,-9.272797
17.0111,32.5307,2.0841,0.5408562,O=C1c2ccccc2C(=C2C(F)=C(c3c4ccccc4cc4ccccc34)C(F)(F)C2(F)F)c2ccccc21,1,O=C1c2ccccc2C(=C2C=C(c3c4ccccc4cc4ccccc34)CC2)c2ccccc21,0.7115931,-1.0292,0.0226632,0.9132,1.0,524.488,0.9314083,2.951,1.0,1.0,1.0,1.0,1.0,1.0,1.0,1.0,300,-27.531319,-3.6348228
19.6267,42.1203,-3.7989,0.5987713,Fc1c(Br)c(F)n2c1C(c1cccnc1)=C1C=CC(c3ccccn3)=[N+]1[B-]2(F)F,1,[BH2-]1n2cccc2C(c2cccnc2)=C2C=CC(c3ccccn3)=[N+]12,0.8236727,0.0104,0.0420825,1.6069,0.9999996,461.025,0.8410845,3.8717,1.0,1.0,1.0,1.0,1.0,1.0,1.0,1.0,300,29.58669,-5.901437
19.9228,21.0182,-16.6086,0.0689002,c1ccc2c3c(ccc2c1)Sc1sc2ccccc2c1S3,1,c1ccc2c3c(ccc2c1)Sc1sc2ccccc2c1S3,0.0049056,-11.1519,0.0114455,0.1591,0.887992,322.479,0.9456396,2.709,1.0,1.0,1.0,1.0,1.0,1.0,1.0,1.0,40,-21.555174,-3.8541718
29.9687,30.5546,-25.4047,0.0804672,N#Cc1nc2ccc(Cl)cn2c1-c1n[nH]c2ccccc12,1,c1ccc2c(-c3cnc4ccccn34)n[nH]c2c1,0.010527,-9.8991,0.0134814,0.3391,0.3592353,293.717,0.9428122,2.7615,1.0,1.0,1.0,1.0,1.0,1.0,1.0,1.0,80,16.295914,22.945778
20.23,17.9545,-17.0244,0.0145337,COc1ccc(C(=O)c2ccc(N)cc2)cc1,1,O=C(c1ccccc1)c1ccccc1,0.0018526,-12.7428,0.0126462,0.2687,0.0012302,227.263,0.9838892,1.4819,1.0,1.0,1.0,1.0,1.0,1.0,1.0,1.0,80,-3.4928844,-23.399324
43.9464,63.3796,-30.878,0.5078369,CC1=[N+](C)[N+]2=C(c3ccccc3F)c3cccn3[B-](F)(F)C2=C(c2cc(Br)n(C)c2)c2cccn2[B-]1(F)F,1,[BH2-]1C=[NH+][N+]2=C(c3ccccc3)c3cccn3[BH2-]C2=C(c2cc[nH]c2)c2cccn21,0.6694276,-1.3509,0.034551,1.3843,1.0,587.996,0.691976,4.7091,1.0,1.0,1.0,1.0,1.0,1.0,1.0,1.0,300,34.119095,-12.875542
25.1269,29.2137,-22.5405,0.1042693,Brc1ccc(-c2cc(-c3ccccc3)nc3cc(-c4ccccc4)c(-c4ccccc4)cc23)cc1,1,c1ccc(-c2cc(-c3ccccc3)c3cc(-c4ccccc4)c(-c4ccccc4)cc3n2)cc1,0.0116428,-9.7332,0.016441,0.5578,1.0,512.45,0.9720097,2.0335,1.0,1.0,1.0,1.0,1.0,1.0,1.0,1.0,140,-0.9727366,-9.479346
32.7555,33.9676,-25.9609,0.1251041,ClC1=C(c2ccccc2)C(c2ccccc2)(c2cccc(Br)c2)c2cc(Br)ccc21,1,C1=C(c2ccccc2)C(c2ccccc2)(c2ccccc2)c2ccccc21,0.0160836,-9.1997,0.0285388,1.17,1.0,536.694,0.9343821,2.9046,1.0,1.0,1.0,1.0,1.0,1.0,1.0,1.0,320,3.1535058,7.167345
14.3364,29.593,-29.593,0.0,F[B-]1(F)n2c(Cl)ccc2C(c2ccncc2)=C2c3ccccc3C(c3ccccc3)=[N+]21,1,[BH2-]1n2cccc2C(c2ccncc2)=C2c3ccccc3C(c3ccccc3)=[N+]12,0.7993252,-0.2491,0.0376147,1.48,0.9999935,429.666,0.9055136,3.2916,1.0,1.0,1.0,1.0,1.0,1.0,1.0,1.0,360,13.195632,-4.0433583
13.82,32.3597,4.9826,0.5834738,F[B-]1(F)n2c(cc3ccccc32)C(c2ccccc2)=C2C=C(c3ccccc3)C(c3ccc(Cl)cc3)=[N+]21,1,[BH2-]1n2c(cc3ccccc32)C(c2ccccc2)=C2C=C(c3ccccc3)C(c3ccccc3)=[N+]12,0.7747902,-0.4878,0.0332703,1.3419,1.0,504.776,0.9185617,3.1324,1.0,1.0,1.0,1.0,1.0,1.0,1.0,1.0,320,18.1437,-2.738921
38.512,37.7728,-37.7728,0.0,COCC(=O)Oc1cc(-c2cccnc2)c(OC(C)=O)cc1C,1,c1ccc(-c2cccnc2)cc1,0.0,0.0,0.0,0.0,0.0,0.0,0.0,0.0,1.0,1.0,0.0,0.0,0.0,0.0,0.0,0.0,20,-11.12756,-24.043863
18.9582,22.0507,-3.9429,0.2829345,Fc1c(F)c(F)c(N2C(=S)N=NC2=Cc2ccccc2)c(F)c1F,1,S=C1N=NC(=Cc2ccccc2)N1c1ccccc1,0.1551715,-5.2598,0.0159041,0.5212,0.9938948,355.291,0.9193906,3.1215,1.0,1.0,1.0,1.0,1.0,1.0,1.0,1.0,80,17.759336,16.030628
18.974,22.7755,7.454,0.472336,c1ccc2c(-c3csc4ccccc34)c3ccccc3cc2c1,1,c1ccc2c(-c3csc4ccccc34)c3ccccc3cc2c1,0.5557309,-2.1354,0.0241042,0.9817,0.7230835,310.421,0.9735416,1.977,1.0,1.0,1.0,1.0,1.0,1.0,1.0,1.0,360,-27.50439,-5.7547555
24.8672,44.759,-9.9362,0.5441064,Fc1cc(Cl)cc([N+]2=c3cc(Br)ccc3=C(c3ccc(Cl)c(Cl)c3)c3cc(Br)cn3[B-]2(F)F)c1,1,[BH2-]1n2cccc2C(c2ccccc2)=c2ccccc2=[N+]1c1ccccc1,0.7148284,-1.0034,0.0288717,1.183,0.999999,649.328,0.8572463,3.7483,1.0,1.0,1.0,1.0,1.0,1.0,1.0,1.0,320,24.753824,-2.0579777
16.8181,23.7685,12.1457,0.5611588,F[B-]1(F)n2cccc2C=C(c2ccccc2)[N+]1=C1c2ccccc2-c2ccccc21,1,[BH2-]1n2cccc2C=C(c2ccccc2)[N+]1=C1c2ccccc2-c2ccccc21,0.77157,-0.5177,0.025356,1.0381,0.9998299,394.233,0.9053303,3.2937,1.0,1.0,1.0,1.0,1.0,1.0,1.0,1.0,340,15.583631,4.605833
25.3253,25.2062,-21.566,0.0568795,O=Cc1cc(-c2ccc(Br)cn2)c(Br)cc1Br,1,c1ccc(-c2ccccn2)cc1,0.0028075,-12.0642,0.0118355,0.1959,0.999984,419.898,0.9533703,2.5512,1.0,1.0,1.0,1.0,1.0,1.0,1.0,1.0,20,24.255514,14.920409
12.2336,34.8484,-0.4246,0.5378711,F[B-]1(F)C2=CC(Cl)=CC2=C(c2ccc(Br)s2)c2cc(Br)cn21,1,[BH2-]1C2=CC=CC2=C(c2cccs2)c2cccn21,0.722397,-0.9424,0.0291314,1.193,0.9999998,464.345,0.8111204,4.076,1.0,1.0,1.0,1.0,1.0,1.0,1.0,1.0,360,34.432667,2.207535
22.5055,26.8117,6.9504,0.5275323,C(c1ccc(-c2ccccc2)cc1)=c1ccc(=C2c3ccccc3-c3ccccc32)s1,1,C(c1ccc(-c2ccccc2)cc1)=c1ccc(=C2c3ccccc3-c3ccccc32)s1,0.6703519,-1.3441,0.0211082,0.8343,0.9999685,412.557,0.9537964,2.5417,1.0,1.0,1.0,1.0,1.0,1.0,1.0,1.0,220,-1.4698724,11.887883
19.8891,18.2168,-17.5139,0.0109824,Nc1c(Cl)c(Cl)c(N)c(Cl)c1Cl,1,c1ccccc1,0.0004223,-15.1531,0.0126865,0.2722,0.0068232,245.924,0.9532958,2.5528,1.0,1.0,1.0,1.0,1.0,1.0,1.0,1.0,360,-2.657317,-20.303854
13.7211,13.4631,-13.4572,9.24e-05,Nc1ccncc1,1,c1ccncc1,1.1e-06,-24.8952,0.0143063,0.4045,0.0,94.117,0.9742161,1.9511,1.0,1.0,1.0,1.0,1.0,1.0,1.0,1.0,20,-5.3017726,-19.337667
18.6138,36.6043,0.827,0.5848639,Cc1cc(C2=C3C(Cl)=NC(Cl)=[N+]3[B-](F)(F)n3c(Cl)c(Cl)c(Cl)c32)cc(C)c1C,1,[BH2-]1n2cccc2C(c2ccccc2)=C2C=NC=[N+]12,0.8215452,-0.0134,0.0368704,1.4575,0.9999999,483.369,0.8233584,3.9959,1.0,1.0,1.0,1.0,1.0,1.0,1.0,1.0,340,24.64431,3.3613884
25.9022,25.9987,-25.9987,0.0,CN(CCCl)c1ccccc1-c1[n-]c2ccccc2[s+]1,1,c1ccc(-c2[n-]c3ccccc3[s+]2)cc1,0.0,0.0,0.0,0.0,0.0,0.0,0.0,0.0,1.0,1.0,0.0,0.0,0.0,0.0,0.0,0.0,40,-0.109591894,31.587631
38.2544,47.5874,-27.9293,0.3071584,CC1=C(c2ccccc2)c2cc3c(cc2C(=O)C(=C2C=CC=CC2=O)c2ccccc2-3)O1,1,O=C1C=CC=CC1=C1C(=O)c2cc3c(cc2C(c2ccccc2)=CO3)-c2ccccc21,0.1963818,-4.7948,0.0178542,0.6489,0.9999736,414.46,0.8444518,3.8469,1.0,1.0,1.0,1.0,1.0,1.0,1.0,1.0,220,-1.8551077,6.262071
25.9225,37.4394,-35.7881,0.0258025,C[N+]1=C2C(Cl)=C(Cl)[B-](F)(F)C(=C(Cl)Cl)[N+]2=C2C(Cl)=C(Cl)C(Cl)=C21,1,C=C1[BH2-]C=CC2=[NH+]C3=CC=CC3=[N+]12,0.0005113,-14.8418,0.0125366,0.2591,0.9999996,460.138,0.6280401,4.9881,1.0,1.0,1.0,1.0,1.0,1.0,1.0,1.0,200,25.227386,4.980015
21.8204,25.3924,5.1225,0.4767959,F[B-]1(F)N(c2ccccc2)C(=Cc2ccccc2)c2c3ccccc3cc[n+]21,1,[BH2-]1N(c2ccccc2)C(=Cc2ccccc2)c2c3ccccc3cc[n+]21,0.5006316,-2.4959,0.0255736,1.0476,0.998448,370.211,0.9255739,3.037,1.0,1.0,1.0,1.0,1.0,1.0,1.0,1.0,80,9.220999,-13.799407
36.0628,36.9282,-33.8184,0.0485899,O=C1OOC12C(=O)c1ccccc1C21C(=O)Oc2ccc(O)cc21,1,O=C1OOC12C(=O)c1ccccc1C21C(=O)Oc2ccccc21,0.0024602,-12.2798,0.0124056,0.2476,0.90317,324.244,0.7021472,4.662,1.0,1.0,1.0,1.0,1.0,1.0,1.0,1.0,80,-17.986507,13.750779
62.0213,63.0199,-62.7294,0.0045395,C[N+]1(C)[C+]2[CH-][CH+][CH-][CH+][Si+2]3456[C+]([C-]7[CH+][CH-][CH-][CH+][CH-]7)[C+](N3[C+]3[CH+][CH-][CH+][CH-][C+]3S[Si+2]14(C)([c+]1[cH-][cH+][cH-][cH+][cH-]1)[N+]5(C)C)N26,1,[CH+]1[CH-][CH+][C+]2[C+]([CH-]1)S[Si+2]13([c+]4[cH-][cH+][cH-][cH+][cH-]4)[NH2+][C+]4[CH-][CH+][CH-][CH+][Si+2]156([NH2+]3)[C+]([C-]1[CH+][CH-][CH-][CH+][CH-]1)[C+](N45)N26,6.59e-05,-18.1789,0.0111305,0.1284,1.0,537.861,0.0305412,8.8787,1.0,1.0,1.0,1.0,1.0,1.0,1.0,1.0,40,-23.054266,-20.062529
19.3216,28.9478,-12.7547,0.253018,O=C1C=C(N2C(=O)c3ccccc3C2=O)C(=C2c3ccccc3C(=O)c3ccccc32)c2ccccc21,1,O=C1C=C(N2C(=O)c3ccccc3C2=O)C(=C2c3ccccc3C(=O)c3ccccc32)c2ccccc21,0.1143357,-5.8341,0.0152584,0.4755,0.9999999,479.491,0.9579875,2.4445,1.0,1.0,1.0,1.0,1.0,1.0,1.0,1.0,260,-7.612836,10.747719
19.5238,35.0672,3.3233,0.5998514,CC1=C2C(c3ccccc3)=C(F)C(c3ccncc3)=[N+]2[B-](F)(F)n2cccc21,1,[BH2-]1n2cccc2C=C2C(c3ccccc3)=CC(c3ccncc3)=[N+]12,0.853237,0.3667,0.0342367,1.3741,0.9991824,377.178,0.8781528,3.5701,1.0,1.0,1.0,1.0,1.0,1.0,1.0,1.0,320,19.259666,-8.602538
43.5491,45.5505,-31.8711,0.2137393,CC1=C2CC3CC4(C)C=CC(=O)CC4C3=CC=C1C(=O)C2(C)O,1,O=C1C=CC2CC3CC4=CC(=CC=C3C2C1)C(=O)C4,0.1433289,-5.4118,0.0192492,0.7321,0.7225671,310.393,0.4532028,5.6835,1.0,1.0,1.0,1.0,1.0,1.0,1.0,1.0,380,-24.287777,22.496233
15.2914,26.6844,8.9432,0.5566803,Cc1cn2c(c1C)C(c1ccccc1)=C1C=CC(c3ccccc3)=C1[B-]2(F)F,1,[BH2-]1C2=C(c3ccccc3)C=CC2=C(c2ccccc2)c2cccn21,0.7366335,-0.8249,0.0277249,1.1377,0.9984509,370.231,0.9043335,3.305,1.0,1.0,1.0,1.0,1.0,1.0,1.0,1.0,380,19.026037,2.6403975
34.0527,51.3351,-26.4574,0.3887135,O=C1C(=Cc2ccc(F)cc2)C(=NNc2ccc(F)cc2)C2=C1C1=CC=C(c3ccc(F)cc3)C(=N2)O1,1,O=C1C(=Cc2ccccc2)C(=NNc2ccccc2)C2=C1C1=CC=C(c3ccccc3)C(=N2)O1,0.3645205,-3.4052,0.0169501,0.5915,1.0,495.46,0.8392088,3.8854,1.0,1.0,1.0,1.0,1.0,1.0,1.0,1.0,220,2.6095963,-11.368883
29.218,44.4585,-18.8619,0.3999476,FC1=C(F)[B-](F)(F)C=c2[nH]c(-c3ccc(Cl)cc3)cc2=C1F,1,[BH2-]1C=CC=c2cc(-c3ccccc3)[nH]c2=C1,0.3381445,-3.5937,0.0290397,1.1895,0.94303,330.472,0.8489166,3.8133,1.0,1.0,1.0,1.0,1.0,1.0,1.0,1.0,280,28.88578,3.3024297
21.6391,24.1796,-14.8949,0.1450742,Clc1ccc(-c2c3ccccc3nc3c4ccccc4c4ccccc4c23)cc1,1,c1ccc(-c2c3ccccc3nc3c4ccccc4c4ccccc4c23)cc1,0.0270619,-8.334,0.0161822,0.5403,0.9997462,389.885,0.9719274,2.0365,1.0,1.0,1.0,1.0,1.0,1.0,1.0,1.0,140,-20.470339,-11.490008
20.3106,32.8265,-11.5228,0.3328702,CC1=C(c2ccccc2)c2cc(Cl)ccc2C1=c1c2ccccc2c(=Cc2ccc(Cl)cc2)c2ccccc12,1,C1=C(c2ccccc2)c2ccccc2C1=c1c2ccccc2c(=Cc2ccccc2)c2ccccc12,0.2206563,-4.555,0.0179644,0.6557,1.0,539.505,0.9438677,2.7422,1.0,1.0,1.0,1.0,1.0,1.0,1.0,1.0,400,1.2847611,-1.5996848
47.7928,49.8284,-43.5142,0.0986592,Cc1ccc(Nc2nc3c(s2)=[S+]C2=C(OC=3[O-])C(c3ccccc3)ON(c3ccccc3)C2=O)cc1,1,O=C1C2=C(OC=c3nc(Nc4ccccc4)sc3=[S+]2)C(c2ccccc2)ON1c1ccccc1,0.0112403,-9.7912,0.0185147,0.6891,1.0,513.6,0.8084215,4.0931,1.0,1.0,1.0,1.0,1.0,1.0,1.0,1.0,60,-4.94092,1.8849391
15.9882,16.3255,-11.8015,0.0706884,O=C(c1ccccc1)c1ccc(N(c2ccccc2)c2ccccc2)cc1,1,O=C(c1ccccc1)c1ccc(N(c2ccccc2)c2ccccc2)cc1,0.004648,-11.2402,0.0130349,0.302,0.9895738,349.433,0.9819684,1.5939,1.0,1.0,1.0,1.0,1.0,1.0,1.0,1.0,60,-0.53830767,29.176985
17.7903,19.9087,-18.135,0.0277139,COc1cc(N=Cc2ccccc2)ccc1C,1,C(=Nc1ccccc1)c1ccccc1,0.0094372,-10.0789,0.0175272,0.6285,0.0010261,225.291,0.9758942,1.8836,1.0,1.0,1.0,1.0,1.0,1.0,1.0,1.0,80,-2.9309092,-15.343383
12.3835,33.3822,4.7656,0.5960593,F[B-]1(F)n2cc(Cl)cc2C(c2ccc(Cl)cc2)=C2C=C(Cl)C(c3ccccc3)=[N+]21,1,[BH2-]1n2cccc2C(c2ccccc2)=C2C=CC(c3ccccc3)=[N+]12,0.802083,-0.221,0.0384164,1.5038,0.9999987,447.508,0.8895364,3.4616,1.0,1.0,1.0,1.0,1.0,1.0,1.0,1.0,340,20.074032,-3.6258967
20.0108,25.4636,-0.0114,0.3976915,BrC1=C(Br)c2ccccc2C1=Cc1ccccc1Br,1,C1=Cc2ccccc2C1=Cc1ccccc1,0.3416716,-3.5681,0.0182993,0.6761,0.9999977,440.96,0.9546365,2.523,1.0,1.0,1.0,1.0,1.0,1.0,1.0,1.0,320,-15.196084,8.622825
40.8487,45.7933,-25.5885,0.3157003,C1=C2O[B-](c3ccccc3)(c3cccc4ccccc34)[n+]3cc(c4ccccc4c3-c3ccccc3)C=C2c2ccccc21,1,C1=C2O[B-](c3ccccc3)(c3cccc4ccccc34)[n+]3cc(c4ccccc4c3-c3ccccc3)C=C2c2ccccc21,0.2380417,-4.3948,0.018747,0.7029,1.0,561.493,0.7059699,4.6441,1.0,1.0,1.0,1.0,1.0,1.0,1.0,1.0,160,-21.177687,0.15176937
25.046,29.6053,0.5771,0.4715991,O=[N+]([O-])C1=CC=[S+]C1=C[N-]c1c2ccccc2cc2ccccc12,1,C1=CC(=C[N-]c2c3ccccc3cc3ccccc23)[S+]=C1,0.5265366,-2.327,0.0267408,1.0974,0.9517854,332.384,0.8451633,3.8416,1.0,1.0,1.0,1.0,1.0,1.0,1.0,1.0,180,-31.350258,-4.099472
24.3942,29.0538,-16.2561,0.1999636,O=[N+]([O-])c1ccc(C2=[S+]C(c3ccccc3)=[S+]C2=C2C=CC(=[N+]([O-])[O-])C=C2)cc1,1,[N+]=C1C=CC(=C2[S+]=C(c3ccccc3)[S+]=C2c2ccccc2)C=C1,0.0657903,-6.8211,0.0177363,0.6416,0.9999862,421.479,0.8511085,3.7965,1.0,1.0,1.0,1.0,1.0,1.0,1.0,1.0,300,-7.4907813,-14.862795
35.333,34.1705,-34.1705,0.0,[BH3-][P+](Cc1ccccc1)(Cc1ccccc1)C1CC=C(C(C)C)C1[Si](C)(C)C,1,C1=CCC([PH+](Cc2ccccc2)Cc2ccccc2)C1,0.0,0.0,0.0,0.0,0.0,0.0,0.0,0.0,1.0,1.0,0.0,0.0,0.0,0.0,0.0,0.0,80,-13.122673,24.05045
23.5979,28.1347,-28.1347,0.0,N#CC(C=Cc1cccc2ccccc12)=C1C=CC=[S+]1,1,C1=CC(=CC=Cc2cccc3ccccc23)[S+]=C1,0.0,0.0,0.0,0.0,0.0,0.0,0.0,0.0,1.0,1.0,0.0,0.0,0.0,0.0,0.0,0.0,80,-25.051222,8.459033
25.5565,28.632,-23.2855,0.0835401,Cc1cc(=[N+][O-])n(-c2ccccc2)c2ccccc12,1,[N+]=c1ccc2ccccc2n1-c1ccccc1,0.051852,-7.2329,0.0240977,0.9814,0.0092826,249.293,0.9542602,2.5314,1.0,1.0,1.0,1.0,1.0,1.0,1.0,1.0,220,-2.5839083,-1.7149384
12.6897,12.9278,-12.9268,1.55e-05,COC,1,,0.0,-64.5567,0.0221073,0.8856,0.0,46.069,0.9740667,1.9569,1.0,1.0,1.0,1.0,1.0,1.0,1.0,1.0,40,-25.08463,-23.0901
31.605,35.4864,-14.821,0.3228968,COC1(O)C(=O)c2ccccc2C(C)=C1N=Nc1ccc(Cl)cc1,1,O=C1CC(N=Nc2ccccc2)=Cc2ccccc21,0.2145169,-4.6138,0.017863,0.6495,0.9809297,342.782,0.8979365,3.3752,1.0,1.0,1.0,1.0,1.0,1.0,1.0,1.0,260,1.3668878,-3.1043534
22.0958,27.3938,-6.5479,0.3257175,C(=C1c2ccccc2-c2c1cc(-c1ccccc1)c1ccccc21)c1ccc(-c2ccccc2)cc1,1,C(=C1c2ccccc2-c2c1cc(-c1ccccc1)c1ccccc21)c1ccc(-c2ccccc2)cc1,0.2160649,-4.5989,0.0150183,0.458,0.9999995,456.588,0.969991,2.1036,1.0,1.0,1.0,1.0,1.0,1.0,1.0,1.0,180,1.258959,8.664397
20.5257,28.7391,-8.7853,0.3117783,Cc1ccc(-c2c3c4ccccc4c4ccccc4c(-c4ccccc4)c-3c3ccccc23)cc1,1,c1ccc(-c2c3c4ccccc4c4ccccc4c(-c4ccccc4)c-3c3ccccc23)cc1,0.1904971,-4.8562,0.0154403,0.4885,0.9999983,444.577,0.9780805,1.7885,1.0,1.0,1.0,1.0,1.0,1.0,1.0,1.0,320,-14.735896,-10.488883
58.7591,62.1554,-56.2293,0.0925943,O=[P-]12=[N+](C(c3ccccc3)c3ccccc3)C3=C(C(=C1)CCC3)[P-]1(#[S+])C(=[S+])c3ccccc3OP1Oc1ccccc1O2,1,O=[P-]12=[N+](C(c3ccccc3)c3ccccc3)C3=C(C(=C1)CCC3)[PH-]1C(=[S+])c3ccccc3OP1Oc1ccccc1O2,0.0290644,-8.2144,0.0147703,0.4396,0.999998,657.63,0.2087391,6.8021,1.0,1.0,1.0,1.0,1.0,1.0,1.0,1.0,140,-13.340815,21.187735
24.8089,31.6438,-1.1443,0.4765556,C[Si]1(C)C(=C2c3ccccc3-c3ccccc32)c2c(-c3ccccc3)c3cccc4cccc(c2=C1c1ccccc1)c43,1,c1ccc(C2=c3c(c(-c4ccccc4)c4cccc5cccc3c54)C(=C3c4ccccc4-c4ccccc43)[SiH2]2)cc1,0.544904,-2.2067,0.0188815,0.7108,1.0,562.788,0.933565,2.9176,1.0,1.0,1.0,1.0,1.0,1.0,1.0,1.0,80,-16.740702,0.010761388
37.8064,37.669,-15.8627,0.3407236,O=C1[N-]C(=c2cc(-c3ccccc3)[n-][n+]2=Cc2ccc(-n3c4ccccc4c4ccccc43)cc2)CO1,1,O=C1[N-]C(=c2cc(-c3ccccc3)[n-][n+]2=Cc2ccc(-n3c4ccccc4c4ccccc43)cc2)CO1,0.2358287,-4.4147,0.022063,0.8834,0.9999999,481.535,0.861163,3.7167,1.0,1.0,1.0,1.0,1.0,1.0,1.0,1.0,100,-21.591194,-15.350524
46.0825,52.6003,-47.8079,0.0748827,O=C1C(Cl)=C2Nc3ccccc3C(N3CCCc4ccccc43)=N[P-]2(F)(F)(Oc2ccccc2)N1c1ccccc1,1,O=C1C=C2Nc3ccccc3C(N3CCCc4ccccc43)=N[P-]2(Oc2ccccc2)N1c1ccccc1,0.0055295,-10.9559,0.0155857,0.4989,1.0,589.99,0.8767451,3.5828,1.0,1.0,1.0,1.0,1.0,1.0,1.0,1.0,160,2.2695568,3.4011183
19.4269,29.0208,-3.0621,0.4056053,O=C1C(=Cc2ccccc2)C(=C2c3ccccc3C(=O)c3ccc4ccccc4c32)c2ccccc21,1,O=C1C(=Cc2ccccc2)C(=C2c3ccccc3C(=O)c3ccc4ccccc4c32)c2ccccc21,0.3763712,-3.3224,0.0156255,0.5017,0.9999996,460.532,0.956988,2.4685,1.0,1.0,1.0,1.0,1.0,1.0,1.0,1.0,240,-13.632313,5.482829
16.2606,16.5448,-15.9671,0.0090259,N#Cc1cc2ccccc2oc1=O,1,O=c1ccc2ccccc2o1,0.0047712,-11.1973,0.02755,1.1306,7e-06,171.155,0.9708159,2.0755,1.0,1.0,1.0,1.0,1.0,1.0,1.0,1.0,40,-28.219233,8.8602705
33.3823,36.2786,-17.5903,0.2920048,O=C1C=C(c2ccc(Br)cc2)C(=[S+]c2ccccc2)C(c2ccccc2Cl)=[N+]1[O-],1,O=C1C=C(c2ccccc2)C(=[S+]c2ccccc2)C(c2ccccc2)=[NH+]1,0.1503318,-5.3207,0.0239267,0.9735,0.9999999,483.794,0.8996375,3.3569,1.0,1.0,1.0,1.0,1.0,1.0,1.0,1.0,80,7.310352,-1.5580125
18.5602,23.7454,-11.9207,0.1847598,Clc1ccc(C(=C2c3ccccc3N(c3ccccc3)c3ccccc32)c2ccccc2)cc1,1,c1ccc(C(=C2c3ccccc3N(c3ccccc3)c3ccccc32)c2ccccc2)cc1,0.0457503,-7.4473,0.0217133,0.8656,0.9999994,455.988,0.9696208,2.1159,1.0,1.0,1.0,1.0,1.0,1.0,1.0,1.0,140,-1.4540412,19.539598
28.0259,34.8417,-14.3627,0.3199855,FN(F)c1ccc(-c2oc3ccccc3c2C=C2c3ccccc3-c3ccccc32)cc1,1,C(=C1c2ccccc2-c2ccccc21)c1c(-c2ccccc2)oc2ccccc12,0.1978223,-4.78,0.0182819,0.6751,0.9999861,421.446,0.9483461,2.6563,1.0,1.0,1.0,1.0,1.0,1.0,1.0,1.0,340,-6.0398536,15.083482
26.4278,41.7349,-8.8329,0.5140941,CC1=C(c2c3ccccc3cc3ccccc23)C(=NNc2ccccc2C)C(N)=C1C#N,1,C1=CC(=NNc2ccccc2)C(c2c3ccccc3cc3ccccc23)=C1,0.6880757,-1.2115,0.016141,0.5375,0.9999737,414.512,0.9426452,2.7645,1.0,1.0,1.0,1.0,1.0,1.0,1.0,1.0,220,-25.638203,-5.0641875
17.2861,39.6012,-4.3148,0.5513491,O=[N+]([O-])c1ccc(-c2c3c(n4c(Cl)ccc24)=C(c2ccccc2Cl)c2ccc(Br)n2[B-]3(F)F)cc1,1,[BH2-]1c2c(-c3ccccc3)c3cccn3c2=C(c2ccccc2)c2cccn21,0.7208407,-0.955,0.0297298,1.2157,1.0,573.997,0.8754684,3.5943,1.0,1.0,1.0,1.0,1.0,1.0,1.0,1.0,380,28.708809,-7.511224
14.1481,35.1448,-1.4183,0.5269769,CC1=C(c2cccnc2)C(Cl)=C2C1=C(c1ccncc1)c1cc(Cl)c(Cl)n1[B-]2(F)F,1,[BH2-]1C2=CC(c3cccnc3)=CC2=C(c2ccncc2)c2cccn21,0.6709419,-1.3397,0.0266189,1.0923,0.9999996,461.515,0.8652585,3.6828,1.0,1.0,1.0,1.0,1.0,1.0,1.0,1.0,360,32.572968,-8.322447
9.6113,26.3685,-26.3685,0.0,F[B-]1(F)C2=C(c3ccc[nH]3)c3cccn3[B-](F)(F)C2=C(c2ccccc2)c2cccn21,1,[BH2-]1C2=C(c3ccc[nH]3)c3cccn3[BH2-]C2=C(c2ccccc2)c2cccn21,0.8678296,0.5649,0.0366691,1.4513,0.9999826,418.999,0.8016889,4.135,1.0,1.0,1.0,1.0,1.0,1.0,1.0,1.0,380,32.41829,-12.969152
8.6198,19.7219,-19.7219,0.0,F[B-]1(F)n2cccc2C(c2cccnc2)=C2C=CC=[N+]21,1,[BH2-]1n2cccc2C(c2cccnc2)=C2C=CC=[N+]12,0.8714653,0.6171,0.039172,1.5258,0.0547121,269.063,0.8404577,3.8763,1.0,1.0,1.0,1.0,1.0,1.0,1.0,1.0,280,23.808262,-19.004
29.9497,41.2532,-40.2722,0.0153282,C[N+]1=[P-]2=NN=[N+](c3ccccc3)[P-]2(F)=[N+](c2ccccc2)CC1,1,c1ccc([N+]2=NN=[P-]3=[NH+]CC[N+](c4ccccc4)=[P-]23)cc1,0.0001444,-16.9016,0.0126712,0.2709,0.9884213,348.282,0.5843526,5.1671,1.0,1.0,1.0,1.0,1.0,1.0,1.0,1.0,200,14.342656,9.695619
17.0714,18.8664,-15.2902,0.0558783,C1=C(c2ccccc2)COC(c2ccccc2)=N1,1,C1=C(c2ccccc2)COC(c2ccccc2)=N1,0.0318427,-8.061,0.0284929,1.1682,0.0025723,235.286,0.9636146,2.2983,1.0,1.0,1.0,1.0,1.0,1.0,1.0,1.0,80,7.117541,8.093754
45.5694,55.7465,-28.095,0.432056,COc1c(C#N)c(C#N)c2c(c1C(=O)c1ccccc1)C1(OC(c3ccc(C)cc3)=C2)C(c2ccccc2)=C(c2ccccc2)C(c2ccccc2)=C1c1ccccc1,1,O=C(c1ccccc1)c1cccc2c1C1(OC(c3ccccc3)=C2)C(c2ccccc2)=C(c2ccccc2)C(c2ccccc2)=C1c1ccccc1,0.4451717,-2.8586,0.0226892,0.9145,0.9734519,760.893,0.8296211,3.9532,1.0,1.0,1.0,1.0,1.0,1.0,1.0,1.0,200,4.2441554,16.417145
30.7441,36.0871,-24.4487,0.1818504,Cc1ccc(-n2ccc(-c3ccc(N4c5ccccc5C=Cc5ccccc54)cc3)cc2=O)cc1,1,O=c1cc(-c2ccc(N3c4ccccc4C=Cc4ccccc43)cc2)ccn1-c1ccccc1,0.0465291,-7.4184,0.0186393,0.6965,0.9999992,452.557,0.9568482,2.4719,1.0,1.0,1.0,1.0,1.0,1.0,1.0,1.0,280,-5.94616,2.7112944
23.2482,26.5554,-19.7018,0.107087,O=C(c1ccccc1)c1cc(-c2ccccc2Cl)c2ccccc2c1,1,O=C(c1ccccc1)c1cc(-c2ccccc2)c2ccccc2c1,0.0128576,-9.5696,0.0150188,0.458,0.9810036,342.825,0.9785168,1.7684,1.0,1.0,1.0,1.0,1.0,1.0,1.0,1.0,180,-27.305428,-0.24091533
19.8873,39.6534,-0.9549,0.6046638,Cc1ccc(C2=[N+]3C(=C(c4ccc(Br)cc4)c4c(Cl)cc(Cl)n4[B-]3(F)F)C=C2c2ccc(Cl)cc2)cc1,1,[BH2-]1n2cccc2C(c2ccccc2)=C2C=C(c3ccccc3)C(c3ccccc3)=[N+]12,0.8386039,0.1837,0.0373046,1.4707,0.9999999,616.529,0.8905678,3.4513,1.0,1.0,1.0,1.0,1.0,1.0,1.0,1.0,380,19.243933,-2.5373116
15.3576,20.2025,16.2611,0.569744,O=C(NN=Cc1c2ccccc2cc2ccccc12)c1ccccc1,1,O=C(NN=Cc1c2ccccc2cc2ccccc12)c1ccccc1,0.6941841,-1.1649,0.0390082,1.5211,0.9042839,324.383,0.9762945,1.8669,1.0,1.0,1.0,1.0,1.0,1.0,1.0,1.0,320,-30.070454,-3.1895468
22.3503,21.6133,-19.2904,0.0362956,Cc1ccc(C=Nc2onc(C)c2C)o1,1,C(=Nc1ccno1)c1ccco1,0.037912,-7.7666,0.0363849,1.4425,0.0001476,204.229,0.9317129,2.9464,1.0,1.0,1.0,1.0,1.0,1.0,1.0,1.0,40,-3.3529131,-9.01775
14.5254,27.033,-1.3399,0.4014548,F[B-]1(F)C(Cl)=[n+]2c(ccc3ccccc32)=Cc2cccn21,1,[BH2-]1C=[n+]2c(ccc3ccccc32)=Cc2cccn21,0.4586371,-2.7701,0.0272543,1.1186,0.5577658,302.52,0.8129169,4.0645,1.0,1.0,1.0,1.0,1.0,1.0,1.0,1.0,260,13.3743,-14.95438
20.6121,36.4346,-14.5405,0.3420943,O=C1c2ccccc2-c2c(-c3ccccc3)nc(-c3ccccc3)c(-c3c4ccccc4cc4ccccc34)c21,1,O=C1c2ccccc2-c2c(-c3ccccc3)nc(-c3ccccc3)c(-c3c4ccccc4cc4ccccc34)c21,0.2376933,-4.3979,0.0168634,0.5858,1.0,509.608,0.9617922,2.3479,1.0,1.0,1.0,1.0,1.0,1.0,1.0,1.0,260,-26.79979,-4.6712914
12.5131,22.8659,-6.1053,0.2618849,O=c1c(-c2ccccc2)c2c(=O)c3ccccc3c-2c1-c1ccccc1,1,O=c1c(-c2ccccc2)c2c(=O)c3ccccc3c-2c1-c1ccccc1,0.1235008,-5.6916,0.0161059,0.5351,0.9595331,334.374,0.9740114,1.959,1.0,1.0,1.0,1.0,1.0,1.0,1.0,1.0,180,-15.245437,-9.273601
22.0782,25.9754,-10.3375,0.2443416,COc1ccc(-c2c(-c3ccccc3)oc3c2C(=O)C=CC3=O)cc1,1,O=C1C=CC(=O)c2c1oc(-c1ccccc1)c2-c1ccccc1,0.110319,-5.8997,0.0139279,0.3749,0.9423683,330.339,0.9613029,2.3608,1.0,1.0,1.0,1.0,1.0,1.0,1.0,1.0,80,-4.7530255,-7.524017
18.3522,37.6527,0.3395,0.5936282,F[B-]1(F)n2c(Br)ccc2C(c2ccc(Br)s2)=C2C=C(c3ccc(CBr)cc3)C(Br)=[N+]21,1,[BH2-]1n2cccc2C(c2cccs2)=C2C=C(c3ccccc3)C=[N+]12,0.8635588,0.505,0.0343366,1.3773,0.9999844,679.813,0.8339111,3.9232,1.0,1.0,1.0,1.0,1.0,1.0,1.0,1.0,320,35.275234,0.2767015
16.8673,28.9534,-28.9534,0.0,CC1=[N+]2C(=C(c3ccc(C(F)(F)F)cc3)c3ccc(Cl)n3[B-]2(F)F)C=C1Br,1,[BH2-]1n2cccc2C(c2ccccc2)=C2C=CC=[N+]12,0.8264284,0.0415,0.0408534,1.5734,0.9999997,463.44,0.8644888,3.6892,1.0,1.0,1.0,1.0,1.0,1.0,1.0,1.0,320,35.79591,-0.3221997
48.4208,48.8107,-41.8341,0.1090083,COc1ccc(NC(=Nc2ccccc2-c2nc3ccccc3c3ccccc23)c2nnc(-c3ccccc3)cc2-c2ccc(Cl)cc2)cc1,1,c1ccc(NC(=Nc2ccccc2-c2nc3ccccc3c3ccccc23)c2nnc(-c3ccccc3)cc2-c2ccccc2)cc1,0.0147486,-9.343,0.0121068,0.2208,0.9999946,668.2,0.9354713,2.8871,1.0,1.0,1.0,1.0,1.0,1.0,1.0,1.0,20,-18.40343,-10.867564
48.6201,54.7268,-21.2228,0.5235001,Cn1c(C(=C2C=CC=CC2=S(#[O+])c2ccccc2)c2ccccc2)nc(-c2ccccc2)c1C=c1[n-]c(=Cc2ccccc2)c(=O)n1-c1ccccc1,1,O=c1c(=Cc2ccccc2)[n-]c(=Cc2[nH]c(C(=C3C=CC=CC3=[SH]c3ccccc3)c3ccccc3)nc2-c2ccccc2)n1-c1ccccc1,0.7478513,-0.7294,0.0201891,0.7849,0.9998118,706.871,0.8212366,4.0101,1.0,1.0,1.0,1.0,1.0,1.0,1.0,1.0,200,0.75565904,3.8974004
13.3887,36.4905,0.5838,0.5792857,F[B-]1(F)C2=C(c3ccc(Br)cc3)c3ccc(Br)n3[B-](F)(F)C2=C(Cl)c2ccc(Cl)n21,1,[BH2-]1C2=C(c3ccccc3)c3cccn3[BH2-]C2=Cc2cccn21,0.841154,0.2146,0.0358208,1.4249,1.0,580.606,0.782626,4.2482,1.0,1.0,1.0,1.0,1.0,1.0,1.0,1.0,380,29.343336,0.03335838
15.5001,39.0003,-1.1081,0.5920645,Cc1ccc(C2=C3c4ccccc4C(c4ccc(Cl)cc4)=[N+]3[B-](F)(F)n3c(Br)ccc32)c(C)c1,1,[BH2-]1n2cccc2C(c2ccccc2)=C2c3ccccc3C(c3ccccc3)=[N+]12,0.791701,-0.3255,0.0366044,1.4493,1.0,535.628,0.9021418,3.3295,1.0,1.0,1.0,1.0,1.0,1.0,1.0,1.0,380,12.145173,-4.697327
24.909,24.9357,-24.9357,0.0,CC(=O)N1N=C(c2ncccc2Cl)CC1c1ccccc1O,1,c1ccc(C2CC(c3ccccn3)=NN2)cc1,0.0,0.0,0.0,0.0,0.0,0.0,0.0,0.0,1.0,1.0,0.0,0.0,0.0,0.0,0.0,0.0,20,-24.892683,17.879017
25.6961,25.9259,-18.9379,0.1091862,COc1ccccc1-c1ccc(-c2ccccc2N)nn1,1,c1ccc(-c2ccc(-c3ccccc3)nn2)cc1,0.0388469,-7.7254,0.0129906,0.2983,0.1102431,277.327,0.9748245,1.9271,1.0,1.0,1.0,1.0,1.0,1.0,1.0,1.0,160,-6.906692,8.431157
43.1054,52.5016,-41.2966,0.1750783,O=C1c2ccccc2-c2ncccc2C(=O)N(N=Nc2cc3ccc2CCc2ccc(cc2)CC3)c2nnccc21,1,O=C1c2ccccc2-c2ncccc2C(=O)N(N=Nc2cc3ccc2CCc2ccc(cc2)CC3)c2nnccc21,0.0619594,-6.9254,0.0145528,0.4233,1.0,536.595,0.6423163,4.9279,1.0,1.0,1.0,1.0,1.0,1.0,1.0,1.0,160,3.329148,25.374071
32.703,33.7104,-28.0648,0.0882116,Oc1c(Cl)c2c(c(Cl)c1Br)-c1c(ccc3ccccc13)C2,1,c1ccc2c(c1)Cc1ccc3ccccc3c1-2,0.0074705,-10.4627,0.0187795,0.7048,0.9993734,380.068,0.9452989,2.7155,1.0,1.0,1.0,1.0,1.0,1.0,1.0,1.0,100,-24.748377,1.0436215
20.4906,30.1158,-4.891,0.3941365,O=C(c1cc(-c2cccc3ccccc23)c2ccccc2c1)c1c2ccccc2cc2ccccc12,1,O=C(c1cc(-c2cccc3ccccc23)c2ccccc2c1)c1c2ccccc2cc2ccccc12,0.353796,-3.4811,0.0146012,0.4269,0.9999995,458.56,0.9693934,2.1235,1.0,1.0,1.0,1.0,1.0,1.0,1.0,1.0,200,-29.905502,-5.5484824
13.6334,21.9716,2.078,0.3757745,C1=C(c2ccccc2)C(=C2C(c3ccccc3)=C(c3ccccc3)c3ccccc32)c2ccccc21,1,C1=C(c2ccccc2)C(=C2C(c3ccccc3)=C(c3ccccc3)c3ccccc32)c2ccccc21,0.2995843,-3.8831,0.0170289,0.5966,0.9999995,456.588,0.9667419,2.2073,1.0,1.0,1.0,1.0,1.0,1.0,1.0,1.0,240,2.8612459,12.043406
24.1487,27.3277,-24.5725,0.0430507,C1=CCN(c2ccc3ccc4ccccc4c3c2)CC1,1,C1=CCN(c2ccc3ccc4ccccc4c3c2)CC1,0.0067687,-10.6245,0.018716,0.701,0.0231165,259.352,0.9665785,2.2123,1.0,1.0,1.0,1.0,1.0,1.0,1.0,1.0,80,-21.371096,-2.1613348
17.7339,27.0063,-16.4215,0.1653871,O=c1cc2c3ccccc3[nH]c(-c3ccccc3)c-2c(=O)n1-c1ccccc1,1,O=c1cc2c3ccccc3[nH]c(-c3ccccc3)c-2c(=O)n1-c1ccccc1,0.0366189,-7.8253,0.0181894,0.6695,0.9973534,364.404,0.9660561,2.228,1.0,1.0,1.0,1.0,1.0,1.0,1.0,1.0,220,-3.3584795,0.21737568
24.2188,29.1232,6.545,0.5573155,O=c1c2ccccc2nc2n1[B-](F)(F)[N+]1=C(c3ccccc3)C=C(c3ccccc3)C1=C2c1ccccc1,1,O=c1c2ccccc2nc2n1[BH2-][N+]1=C(c3ccccc3)C=C(c3ccccc3)C1=C2c1ccccc1,0.7047284,-1.0832,0.0309811,1.2619,1.0,499.329,0.9188966,3.128,1.0,1.0,1.0,1.0,1.0,1.0,1.0,1.0,160,13.631527,3.0931878
39.1639,40.7366,-40.7366,0.0,CC1=CC(=Cc2ccc(-c3ccc4ccccc4c3)cc2)[P-](#[S+])(C=Cc2ccccc2)C=C1,1,C1=CC(=Cc2ccc(-c3ccc4ccccc4c3)cc2)[PH-](C=Cc2ccccc2)C=C1,0.0,0.0,0.0,0.0,0.0,0.0,0.0,0.0,1.0,1.0,0.0,0.0,0.0,0.0,0.0,0.0,240,-15.76407,-2.0648954
33.7078,35.8718,-31.6644,0.0657419,Fc1cccc(F)c1C1(C[Si](F)(F)F)C(c2ccccc2)=Nc2ccccc21,1,c1ccc(C2=Nc3ccccc3C2c2ccccc2)cc1,0.0034466,-11.7292,0.0239668,0.9754,0.999927,403.426,0.888071,3.4761,1.0,1.0,1.0,1.0,1.0,1.0,1.0,1.0,340,-7.926908,15.596153
19.2359,28.3593,3.9008,0.5040647,F[B-]1(F)c2ccccc2C2=[N+]1C(=Nc1ccccc1)C(c1ccccc1)=C2c1ccccc1,1,[BH2-]1c2ccccc2C2=[N+]1C(=Nc1ccccc1)C(c1ccccc1)=C2c1ccccc1,0.5955169,-1.87,0.023712,0.9635,0.9999949,432.282,0.9138107,3.1928,1.0,1.0,1.0,1.0,1.0,1.0,1.0,1.0,240,11.48169,10.287442
25.9445,31.3625,-31.3625,0.0,O=C(C(O)=C1C=CN2C=CC=CN12)c1ccccc1,1,O=C(C=C1C=CN2C=CC=CN12)c1ccccc1,0.0,0.0,0.0,0.0,0.0,0.0,0.0,0.0,1.0,1.0,0.0,0.0,0.0,0.0,0.0,0.0,120,-5.848205,27.595177
21.7148,32.6126,5.6331,0.5975893,CC1=[N+]2C(=C(c3ccccc3)c3c(C)c(C)c(C)n3[B-]2(F)F)C(=NNc2ccccc2)c2ccccc21,1,[BH2-]1n2cccc2C(c2ccccc2)=C2C(=NNc3ccccc3)c3ccccc3C=[N+]12,0.8225871,-0.0018,0.0346842,1.3887,1.0,492.382,0.9043576,3.3047,1.0,1.0,1.0,1.0,1.0,1.0,1.0,1.0,240,13.109681,-0.82451266
22.2032,27.5379,-27.5379,0.0,CC1=C(c2ccccc2)C(=C(C#N)c2ccccc2)C(=O)N1c1ccccc1,1,O=C1C(=Cc2ccccc2)C(c2ccccc2)=CN1c1ccccc1,0.0,0.0,0.0,0.0,0.0,0.0,0.0,0.0,1.0,1.0,0.0,0.0,0.0,0.0,0.0,0.0,220,-1.6355773,20.589788
15.1674,14.858,-14.7104,0.0023052,COC(=S)Nc1ccccc1,1,c1ccccc1,0.0002256,-16.1745,0.0121725,0.2267,4.9e-06,167.233,0.9768542,1.8429,1.0,1.0,1.0,1.0,1.0,1.0,1.0,1.0,40,-9.361521,29.019592
15.9267,21.3082,9.8553,0.4869298,Cc1ccc(N(c2ccc(C)cc2)c2ccc(-c3c4ccccc4cc4ccccc34)cc2)cc1,1,c1ccc(N(c2ccccc2)c2ccc(-c3c4ccccc4cc4ccccc34)cc2)cc1,0.4918319,-2.5532,0.028363,1.1631,0.999999,449.597,0.9731427,1.992,1.0,1.0,1.0,1.0,1.0,1.0,1.0,1.0,180,-25.560144,-6.051689
22.6211,22.232,-22.2291,4.6e-05,CC1C2OC(=O)CC2CC1(C)O,1,O=C1CC2CCCC2O1,0.0,-34.2597,0.0197048,0.758,6.4e-06,170.208,0.7648113,4.3477,1.0,1.0,1.0,1.0,1.0,1.0,1.0,1.0,20,-24.91654,24.789211
20.4746,23.9885,1.9923,0.4059493,O=C1C(c2ccc(Cl)cc2)=C(c2ccc(Cl)c(Cl)c2)c2ccccc21,1,O=C1C(c2ccccc2)=C(c2ccccc2)c2ccccc21,0.3582101,-3.4497,0.0177891,0.6449,0.9996261,385.677,0.9718817,2.0381,1.0,1.0,1.0,1.0,1.0,1.0,1.0,1.0,340,5.5921392,-2.5096357
16.2312,41.1854,-5.3134,0.5604998,COc1ccc(C2=C3c4ccccc4C(c4ccco4)=[N+]3[B-](F)(F)n3c2cc(Cl)c3Br)cc1,1,[BH2-]1n2cccc2C(c2ccccc2)=C2c3ccccc3C(c3ccco3)=[N+]12,0.687228,-1.218,0.0380636,1.4934,1.0,527.561,0.8909723,3.4473,1.0,1.0,1.0,1.0,1.0,1.0,1.0,1.0,320,12.249982,-6.9676633
27.3399,37.2935,-8.1474,0.4554075,FC1=C=C=CC=C1c1c2c(n3cccc13)=C(c1cccs1)c1cccn1[B-]2(F)F,1,[BH2-]1c2c(C3=CC=C=C=C3)c3cccn3c2=C(c2cccs2)c2cccn21,0.6120504,-1.7575,0.0176637,0.6371,0.9999257,403.217,0.7097152,4.6264,1.0,1.0,1.0,1.0,1.0,1.0,1.0,1.0,380,28.49562,-9.357119
6.2418,22.9529,-22.9529,0.0,F[B-]1(F)n2cccc2C(c2ccccc2)=C2C(c3ccccc3)=C(c3ccccc3)C(c3ccccc3)=[N+]21,1,[BH2-]1n2cccc2C(c2ccccc2)=C2C(c3ccccc3)=C(c3ccccc3)C(c3ccccc3)=[N+]12,0.804197,-0.1992,0.0322865,1.3082,1.0,496.369,0.9224787,3.08,1.0,1.0,1.0,1.0,1.0,1.0,1.0,1.0,260,17.72699,-6.876576
58.0288,59.4033,-58.7893,0.0095944,COC(=O)C1=C2C3C4CC3([Si](C)(C)C)C2(C(=O)N4)C2Oc3cccnc3C12C,1,O=C1NC2CC3C2C2=CC4c5ncccc5OC4C123,8.39e-05,-17.7861,0.0158036,0.5142,0.9998622,396.519,0.2293021,6.6846,1.0,1.0,1.0,1.0,1.0,1.0,1.0,1.0,140,-22.916853,20.970318
11.879,22.2246,10.4954,0.51125,c1ccc2c(-c3ccc(-c4c5ccccc5cc5ccccc45)cc3)c3ccccc3cc2c1,1,c1ccc2c(-c3ccc(-c4c5ccccc5cc5ccccc45)cc3)c3ccccc3cc2c1,0.6113676,-1.7621,0.0204585,0.7996,0.999994,430.55,0.9816326,1.6122,1.0,1.0,1.0,1.0,1.0,1.0,1.0,1.0,240,-25.819551,-6.666251
30.7242,34.1857,-5.2857,0.451563,[NH+]#[P-]1(c2ccccc2)C(OC(=O)c2ccccc2)=CC=C1c1ccccc1,1,O=C(OC1=CC=C(c2ccccc2)[PH-]1c1ccccc1)c1ccccc1,0.4407791,-2.8876,0.0294462,1.205,0.9986057,371.376,0.8626513,3.7045,1.0,1.0,1.0,1.0,1.0,1.0,1.0,1.0,240,-3.6869457,23.196054
22.7259,35.6401,-3.1386,0.5078363,O=[N+]([O-])c1ccc(C2=C3N=C(N=C(c4ccccc4)c4ccccc43)[B-](F)(F)n3cccc32)cc1,1,[BH2-]1C2=NC(=C(c3ccccc3)c3cccn31)c1ccccc1C(c1ccccc1)=N2,0.6430566,-1.5413,0.02553,1.0457,0.9999998,465.248,0.8228945,3.999,1.0,1.0,1.0,1.0,1.0,1.0,1.0,1.0,260,22.33399,-12.159515
27.6178,28.2537,-25.7345,0.0393617,O=C1NC(c2cccc3ccccc23)C(=O)N1C1CCCCC1,1,O=C1NC(c2cccc3ccccc23)C(=O)N1C1CCCCC1,0.0010172,-13.7206,0.0276312,1.1339,0.683936,308.381,0.9474535,2.674,1.0,1.0,1.0,1.0,1.0,1.0,1.0,1.0,80,-23.911274,7.691749
32.068,33.9991,-25.3265,0.135509,O=C1CC2CCCCC2C(c2ccc(Cl)cc2)=NN=C1c1ccccc1,1,O=C1CC2CCCCC2C(c2ccccc2)=NN=C1c1ccccc1,0.0246121,-8.4926,0.0148641,0.4466,0.9974657,364.876,0.9095085,3.2451,1.0,1.0,1.0,1.0,1.0,1.0,1.0,1.0,40,3.826802,-2.4016976
25.6918,25.8762,-25.8762,0.0,O=C(Nc1ccccc1[N+](=O)[O-])C(=Cc1ccccc1)C(=O)c1ccccc1,1,O=C(Nc1ccccc1)C(=Cc1ccccc1)C(=O)c1ccccc1,0.0,0.0,0.0,0.0,0.0,0.0,0.0,0.0,1.0,1.0,0.0,0.0,0.0,0.0,0.0,0.0,40,-4.0892577,27.599836
23.7059,25.8867,-24.5868,0.0203113,C[Si](C)(C)[Si]1([Si](C)(C)C)C(=Cc2ccccc2)[Si](c2ccccc2)(c2ccccc2)C(c2ccccc2)=C1c1ccccc1,1,C(=C1[SiH2]C(c2ccccc2)=C(c2ccccc2)[Si]1(c1ccccc1)c1ccccc1)c1ccccc1,0.0001853,-16.4952,0.0187367,0.7023,0.9999997,637.136,0.9082903,3.2594,1.0,1.0,1.0,1.0,1.0,1.0,1.0,1.0,60,7.116063,16.079884
27.1955,29.5452,-26.3331,0.0501888,O=C(c1ccccc1)c1c(OCc2ccccc2)cc(O)c2c(=O)ccoc12,1,O=C(c1ccccc1)c1c(OCc2ccccc2)ccc2c(=O)ccoc12,0.0020016,-12.6166,0.0123404,0.2418,0.9987282,372.376,0.9638737,2.2911,1.0,1.0,1.0,1.0,1.0,1.0,1.0,1.0,160,-5.676938,25.293482
18.8521,25.3374,2.4403,0.4340262,c1ccc(NN=C2C(=C(c3ccccc3)c3ccccc3)Sc3ccccc32)cc1,1,c1ccc(NN=C2C(=C(c3ccccc3)c3ccccc3)Sc3ccccc32)cc1,0.3822878,-3.2815,0.0257164,1.0538,0.9999341,404.538,0.9607891,2.3743,1.0,1.0,1.0,1.0,1.0,1.0,1.0,1.0,220,-0.81400967,21.638426
17.7346,30.8862,3.5729,0.5384232,F[B-]1(F)N=c2cnc(Cl)cc2=C(c2ccccc2)c2cccn21,1,[BH2-]1N=c2cnccc2=C(c2ccccc2)c2cccn21,0.7407202,-0.7904,0.0248358,1.015,0.9326701,328.538,0.8755686,3.5934,1.0,1.0,1.0,1.0,1.0,1.0,1.0,1.0,320,20.053701,-15.032393
25.9756,25.4613,-25.3162,0.0022676,Cc1ccc(S(=O)(=O)N2Cc3cccc(C)c3CC3CCCCC32)cc1,1,O=S(=O)(c1ccccc1)N1Cc2ccccc2CC2CCCCC21,8e-07,-25.3152,0.0108991,0.1054,0.9983477,369.53,0.9291418,2.9852,1.0,1.0,1.0,1.0,1.0,1.0,1.0,1.0,40,-10.752787,-3.0360162
19.7203,40.8987,-5.0985,0.5593779,FC1=C(c2ccccc2)C(c2ccccc2)=[N+]2C1=C(c1ccccc1)c1cc(-c3ccco3)c(-c3ccccc3)n1[B-]2(F)F,1,[BH2-]1n2c(cc(-c3ccco3)c2-c2ccccc2)C(c2ccccc2)=C2C=C(c3ccccc3)C(c3ccccc3)=[N+]12,0.7123327,-1.0233,0.032319,1.3093,1.0,580.418,0.9018971,3.3322,1.0,1.0,1.0,1.0,1.0,1.0,1.0,1.0,380,17.03766,-6.5286994
38.2299,37.5415,-33.0543,0.0701127,C[SH](=O)([O-])c1ccc(C(=O)C2=[S+]C3C(CC2)C3(Cl)Cl)cc1,1,O=C(C1=[S+]C2CC2CC1)c1ccccc1,0.0072978,-10.5011,0.0135157,0.3419,0.9975632,365.303,0.5215257,5.4158,1.0,1.0,1.0,1.0,1.0,1.0,1.0,1.0,80,-6.3998804,-12.966251
44.6468,50.4959,-42.2904,0.1282122,F[B-]1(F)n2c3ccccc3c3c4cccnc4ccn(c4ccccc4c32)[B-]2(Cl)[O+]=c3ccccc3=[N+]12,1,[BH2-]1n2c3ccccc3c3c4cccnc4ccn(c4ccccc4c32)[BH-]2[O+]=c3ccccc3=[N+]12,0.0331101,-7.9953,0.0158652,0.5185,1.0,508.533,0.5012331,5.4952,1.0,1.0,1.0,1.0,1.0,1.0,1.0,1.0,140,13.12924,-19.032085
21.6644,33.4024,-6.4884,0.4205316,F[B-]1(F)C2=Cc3cccnc3[N+]2=c2ccccc2=C(c2cccs2)c2cccn21,1,[BH2-]1C2=Cc3cccnc3[N+]2=c2ccccc2=C(c2cccs2)c2cccn21,0.3905387,-3.2248,0.0273072,1.1208,0.9999109,401.25,0.8220237,4.0048,1.0,1.0,1.0,1.0,1.0,1.0,1.0,1.0,240,29.662102,-16.993183
44.9854,51.3588,-43.3398,0.1252962,C[Si](C)(C)C1=C(c2ccc3ccccc3c2)Cc2cc3c4c(c5c(c3c1c2[Si](C)(C)C)CCC5)CCC4,1,C1=C(c2ccc3ccccc3c2)Cc2cc1c1c3c(c4c(c1c2)CCC4)CCC3,0.0222089,-8.6639,0.0142894,0.4032,1.0,516.877,0.8141481,4.0565,1.0,1.0,1.0,1.0,1.0,1.0,1.0,1.0,100,-27.535612,1.7879483
29.3196,29.2228,-29.2189,6.18e-05,CN1C2CC=CC2C2OCOCC21,1,C1=CC2C(C1)NC1COCOC12,0.0,-36.8259,0.0636406,2.0807,1.78e-05,181.235,0.6921726,4.7082,1.0,1.0,1.0,1.0,1.0,1.0,1.0,1.0,40,-18.581472,20.745344
23.2651,26.5348,4.5549,0.4857766,Cc1cc(-c2c3ccccc3cc3ccccc23)c2ccccc2c1-c1ccccc1,1,c1ccc(-c2ccc(-c3c4ccccc4cc4ccccc34)c3ccccc23)cc1,0.5593482,-2.1115,0.0182995,0.6761,0.9998343,394.517,0.9734682,1.9798,1.0,1.0,1.0,1.0,1.0,1.0,1.0,1.0,260,-27.231459,-6.2238955
13.7404,29.4395,5.505,0.5460083,F[B-]1(F)N=c2c(cc(-c3ccccc3)c3cccn23)=C(c2ccccn2)c2cccn21,1,[BH2-]1N=c2c(cc(-c3ccccc3)c3cccn23)=C(c2ccccn2)c2cccn21,0.7308576,-0.8731,0.0255283,1.0456,0.9999573,409.228,0.8850687,3.5053,1.0,1.0,1.0,1.0,1.0,1.0,1.0,1.0,280,20.118769,-15.54843
20.5529,28.1864,10.7224,0.6079501,COc1ccc(C2=C3c4ccccc4C(c4ccc(F)cc4)=[N+]3[B-](F)(F)n3c(C)ccc32)cc1,1,[BH2-]1n2cccc2C(c2ccccc2)=C2c3ccccc3C(c3ccccc3)=[N+]12,0.8314741,0.0994,0.0372266,1.4683,0.9999995,456.276,0.9175282,3.1458,1.0,1.0,1.0,1.0,1.0,1.0,1.0,1.0,380,11.944616,-7.6484857
25.4745,29.2439,-15.1159,0.2207486,c1ccc(N=C2c3ccccc3C(=NN=C(c3ccccc3)c3ccccc3)N2c2ccccn2)cc1,1,c1ccc(N=C2c3ccccc3C(=NN=C(c3ccccc3)c3ccccc3)N2c2ccccn2)cc1,0.0868419,-6.3318,0.0127554,0.2782,0.9999999,477.571,0.9380744,2.8442,1.0,1.0,1.0,1.0,1.0,1.0,1.0,1.0,80,-0.12961628,24.281864
29.8748,29.734,-29.734,0.0,CC1(C)OC2NC(C(C)(C)C)B(c3ccccc3)OC2O1,1,c1ccc(B2CNC3OCOC3O2)cc1,0.0,0.0,0.0,0.0,0.0,0.0,0.0,0.0,1.0,1.0,0.0,0.0,0.0,0.0,0.0,0.0,20,-21.12574,-22.248043
28.5268,28.318,-19.3356,0.1403502,O=[N+]([O-])c1ccc(CN2CC[S+]=C2[S-])c2ccccc12,1,C1=[S+]CCN1Cc1cccc2ccccc12,0.0344287,-7.9295,0.0147906,0.4411,0.599861,304.396,0.8973899,3.381,1.0,1.0,1.0,1.0,1.0,1.0,1.0,1.0,280,-16.544872,-15.967501
25.8645,35.1045,-5.8207,0.4575598,Brc1ccc(-c2ccccc2)c(-c2ccccc2-c2cc3ccccc3cc2-c2c3ccccc3cc3ccccc23)c1,1,c1ccc(-c2ccccc2-c2ccccc2-c2cc3ccccc3cc2-c2c3ccccc3cc3ccccc23)cc1,0.4791175,-2.6361,0.0188702,0.7101,1.0,611.582,0.9651444,2.2548,1.0,1.0,1.0,1.0,1.0,1.0,1.0,1.0,180,-27.751825,-4.621156
25.3012,33.47,-22.1461,0.1769364,COC1=C(c2ccccc2)[B-]2(C=CC=C2)[P+](c2ccccc2)(c2ccccc2)C(c2ccccc2)=C1c1ccccc1,1,C1=C[B-]2(C=C1)C(c1ccccc1)=CC(c1ccccc1)=C(c1ccccc1)[P+]2(c1ccccc1)c1ccccc1,0.0441324,-7.5087,0.0246633,1.0072,1.0,558.47,0.8371271,3.9004,1.0,1.0,1.0,1.0,1.0,1.0,1.0,1.0,220,8.257499,14.800486
18.5193,35.4776,0.1911,0.5573221,Cn1cccc1[N+]1=Cc2cc(Br)ccc2C1=C1c2cccn2[B-](F)(F)n2cccc21,1,[BH2-]1n2cccc2C(=C2c3ccccc3C=[N+]2c2ccc[nH]2)c2cccn21,0.8310555,0.0946,0.0281136,1.1533,0.9999998,465.11,0.7710186,4.3137,1.0,1.0,1.0,1.0,1.0,1.0,1.0,1.0,380,35.73901,-16.86806
34.1681,48.5585,-31.8971,0.260334,[O-]c1c2c(nc3c1=C(c1ccccc1)C(c1ccccc1)=C3c1ccccc1)=C=C=c1ccccc1=N2,1,C1=C=c2ccccc2=Nc2cc3c(nc2=1)C(c1ccccc1)=C(c1ccccc1)C=3c1ccccc1,0.1271656,-5.6371,0.0174126,0.6212,0.9999999,471.539,0.8694128,3.6475,1.0,1.0,1.0,1.0,1.0,1.0,1.0,1.0,180,8.301185,12.517716
16.6804,32.6044,5.3738,0.5934096,F[B-]1(F)n2cc(Br)c(Br)c2C(c2ccc(-c3ccccc3)cc2)=C2c3ccccc3C(c3ccccc3)=[N+]21,1,[BH2-]1n2cccc2C(c2ccc(-c3ccccc3)cc2)=C2c3ccccc3C(c3ccccc3)=[N+]12,0.8178008,-0.0546,0.0329706,1.3317,0.9999999,628.123,0.90861,3.2557,1.0,1.0,1.0,1.0,1.0,1.0,1.0,1.0,280,12.149129,-2.0397422
19.0995,33.0859,-0.5705,0.5080537,CC1=[N+]2C(=Cc3cccn3[B-]2(F)F)c2cccc(c2)C(c2ccccc2)=C1,1,[BH2-]1n2cccc2C=C2c3cccc(c3)C(c3ccccc3)=CC=[N+]12,0.6418157,-1.5501,0.0295606,1.2094,0.9953231,358.2,0.7812764,4.256,1.0,1.0,1.0,1.0,1.0,1.0,1.0,1.0,240,15.930956,4.1130495
49.6181,60.4857,-60.4857,0.0,C#CC1=CCC2=C3C=CC4=C(C(=C2)C(Br)=C(Br)C4=O)C1=C(C#C[Si](C)(C)C)C3=C,1,C=C1C=C2C=CCC3=C1C=CC1=C2C(=C3)C=CC1=O,0.0,0.0,0.0,0.0,0.0,0.0,0.0,0.0,1.0,1.0,0.0,0.0,0.0,0.0,0.0,0.0,140,15.177208,-17.586607
25.7237,38.6652,-3.6468,0.5471631,O=c1n2cccc2c(-c2ccccc2)cc2[n+]1=Cc1cc(Br)c(-c3ccccc3)n1[B-](F)(F)C=2,1,O=c1n2cccc2c(-c2ccccc2)cc2[n+]1=Cc1ccc(-c3ccccc3)n1[BH2-]C=2,0.7526912,-0.6873,0.0258226,1.0584,1.0,516.154,0.8538543,3.7752,1.0,1.0,1.0,1.0,1.0,1.0,1.0,1.0,280,15.508767,-14.203304
17.306,35.0306,-0.4083,0.5409736,F[B-]1(F)C2=CC(Cl)=C(Cl)C2=C(c2cccnc2)c2c(Cl)ccn21,1,[BH2-]1C2=CC=CC2=C(c2cccnc2)c2cccn21,0.7249126,-0.9219,0.0285993,1.1724,0.9984751,370.402,0.8297842,3.9521,1.0,1.0,1.0,1.0,1.0,1.0,1.0,1.0,300,29.22139,-3.2909427
27.4014,38.9448,-23.9527,0.2342508,c1ccc(-c2cc3[s+]c4ccccc4c-3c(-c3ccccc3)[n+]3ncc4ccccc4c23)cc1,1,c1ccc(-c2cc3[s+]c4ccccc4c-3c(-c3ccccc3)[n+]3ncc4ccccc4c23)cc1,0.0923511,-6.2218,0.0182535,0.6734,0.9999992,452.582,0.9127133,3.2064,1.0,1.0,1.0,1.0,1.0,1.0,1.0,1.0,220,-16.104969,-7.159929
53.7196,53.2882,-47.9075,0.0840732,COc1c(-c2c([N+](=O)[O-])ccc3ccccc23)cc(-c2ccccc2Br)c2c(=O)[nH]c(C)cc12,1,O=c1[nH]ccc2cc(-c3cccc4ccccc34)cc(-c3ccccc3)c12,0.0073934,-10.4798,0.0130332,0.3019,1.0,515.363,0.945915,2.7038,1.0,1.0,1.0,1.0,1.0,1.0,1.0,1.0,40,-21.071596,0.4549044
31.4714,38.0395,-14.2148,0.3722612,O=C1C(c2ccccc2)=CC(c2ccccc2)=CC1=C1C=CC(=NC(F)(F)F)c2ccccc21,1,N=C1C=CC(=C2C=C(c3ccccc3)C=C(c3ccccc3)C2=O)c2ccccc21,0.2887087,-3.9685,0.0196156,0.753,0.9999993,453.463,0.9293064,2.9827,1.0,1.0,1.0,1.0,1.0,1.0,1.0,1.0,320,8.953185,13.8835125
29.9857,34.2226,-23.9666,0.1602512,CNC=C1C([N+]#N)=C([O-])C([N+](=O)[O-])=C1c1ccccc1,1,C=C1C=CC=C1c1ccccc1,0.1340764,-5.538,0.0174702,0.6249,0.060639,270.248,0.878447,3.5674,1.0,1.0,1.0,1.0,1.0,1.0,1.0,1.0,280,-7.1509795,-10.490122
20.0158,31.8622,-0.9575,0.4828866,O=C1C(C2=C3C(=Cc4cccn4[B-]2(F)F)C(F)(F)C(F)(F)C3(F)F)=[S+]C(F)(F)C1(F)F,1,O=C1CC[S+]=C1C1=C2CCCC2=Cc2cccn2[BH2-]1,0.7218716,-0.9467,0.0261495,1.0724,0.9999999,485.058,0.5938901,5.1286,1.0,1.0,1.0,1.0,1.0,1.0,1.0,1.0,260,32.546635,-10.692176
19.8794,28.8188,9.8005,0.6034257,O=[N+](C1=c2ccccc2=NN(c2ccccc2)[B-]1(F)F)c1ccccc1,1,O=[N+](C1=c2ccccc2=NN(c2ccccc2)[BH2-]1)c1ccccc1,0.7983608,-0.2589,0.0419905,1.6045,0.9893004,349.149,0.9051955,3.2952,1.0,1.0,1.0,1.0,1.0,1.0,1.0,1.0,360,7.3462157,-4.543562
14.5901,29.3589,-4.0007,0.3962232,F[B-]1(F)C(=[S+]c2ccccc2)C=C(c2cccnc2)c2ccc(Br)n21,1,[BH2-]1C(=[S+]c2ccccc2)C=C(c2cccnc2)c2cccn21,0.3312468,-3.6442,0.0274441,1.1263,0.9999793,417.087,0.8348922,3.9163,1.0,1.0,1.0,1.0,1.0,1.0,1.0,1.0,300,26.709026,-4.250458
18.9571,25.8075,-5.1831,0.3222561,c1ccc(P(c2ccccc2)c2ccc3ccccc3c2-c2ccc3ccccc3c2-c2c3ccccc3cc3ccccc23)cc1,1,c1ccc(P(c2ccccc2)c2ccc3ccccc3c2-c2ccc3ccccc3c2-c2c3ccccc3cc3ccccc23)cc1,0.2194191,-4.5668,0.0135891,0.3478,0.9999999,614.728,0.9552805,2.5083,1.0,1.0,1.0,1.0,1.0,1.0,1.0,1.0,220,-28.076344,-7.42747
14.2575,34.203,3.9558,0.5962305,F[B-]1(F)n2c(Cl)ccc2C(c2cccnc2)=C2C=CC(c3cccs3)=[N+]21,1,[BH2-]1n2cccc2C(c2cccnc2)=C2C=CC(c3cccs3)=[N+]12,0.8330964,0.1184,0.0374099,1.4739,0.9996247,385.635,0.8567736,3.7521,1.0,1.0,1.0,1.0,1.0,1.0,1.0,1.0,380,29.190619,-4.2950315
32.4276,40.7318,-6.4321,0.5359326,Cc1ccc(-c2nc3cc4nnnn4c(C)c3c2=Cc2ccccc2)cc1,1,C(c1ccccc1)=c1c(-c2ccccc2)nc2cc3nnnn3cc12,0.6556014,-1.4516,0.0269746,1.1071,0.9912967,351.413,0.9426007,2.7653,1.0,1.0,1.0,1.0,1.0,1.0,1.0,1.0,160,-13.955942,-1.8011469
17.5082,28.9088,6.3264,0.5505494,F[B-]1(F)C2=C(c3ccc(Br)cc3)c3ccc(Br)cc3C2=C(c2ccccc2)c2ccc(Br)n21,1,[BH2-]1C2=C(c3ccccc3)c3ccccc3C2=C(c2ccccc2)c2cccn21,0.7133044,-1.0155,0.0280802,1.1519,0.9999999,628.925,0.9036716,3.3124,1.0,1.0,1.0,1.0,1.0,1.0,1.0,1.0,220,24.669344,-0.67895895
30.3915,48.1551,-14.2447,0.5298506,O=c1cc(F)cc(C2=C3c4cc(Cl)ccc4C(c4cccnc4)=[N+]3[B-](F)(F)n3c(Cl)ccc32)[nH]1,1,O=c1cccc(C2=C3c4ccccc4C(c4cccnc4)=[N+]3[BH2-]n3cccc32)[nH]1,0.63298,-1.6124,0.0350207,1.3995,1.0,499.088,0.8514698,3.7937,1.0,1.0,1.0,1.0,1.0,1.0,1.0,1.0,340,27.018402,-2.4433854
50.3728,54.149,-46.2601,0.1232647,CC1(C)CC2=C(C1)C(C)(C)c1ccc3c(c1C2=O)C1=CC(C=CC=C3)C(=O)N1,1,O=C1C2=C(CCC2)Cc2ccc3c(c21)C1=CC(C=CC=C3)C(=O)N1,0.0291164,-8.2114,0.0141059,0.3889,0.998619,371.48,0.5457429,5.3207,1.0,1.0,1.0,1.0,1.0,1.0,1.0,1.0,120,-21.916515,18.676754
33.2584,43.0892,-21.2197,0.3417112,[O-]c1[s+]c2ccccc2c2c1C=CN1c3ccccc3C21Cl,1,C1=CN2c3ccccc3C2c2c1c[s+]c1ccccc21,0.2382215,-4.3932,0.0334543,1.3481,0.8995675,323.804,0.7741034,4.2965,1.0,1.0,1.0,1.0,1.0,1.0,1.0,1.0,240,-22.271557,5.0229287
16.2373,33.8054,1.2065,0.5470618,F[B-]1(F)N2C(=NNc3ccc(Br)cc3)C=CC2=C(c2ccccc2)c2cccn21,1,[BH2-]1N2C(=NNc3ccccc3)C=CC2=C(c2ccccc2)c2cccn21,0.6897579,-1.1988,0.031345,1.275,0.9999992,452.091,0.8846011,3.5098,1.0,1.0,1.0,1.0,1.0,1.0,1.0,1.0,260,22.2003,-14.793378
30.8951,33.1449,-9.141,0.3750606,O=C1ON(C2=C(O)C(=O)c3ccccc3C2=O)CC1=Cc1ccccn1,1,O=C1ON(C2=CC(=O)c3ccccc3C2=O)CC1=Cc1ccccn1,0.2914713,-3.9466,0.0210812,0.8329,0.9884549,348.314,0.9205078,3.1067,1.0,1.0,1.0,1.0,1.0,1.0,1.0,1.0,220,-12.544776,6.8295374
23.2801,24.4687,-22.6364,0.0286299,c1ccc2c(c1)C1c3ccccc3C2C(c2cccc3ccccc23)c2ccccc21,1,c1ccc2c(c1)C1c3ccccc3C2C(c2cccc3ccccc23)c2ccccc21,0.000409,-15.2056,0.0236413,0.9602,0.9998343,394.517,0.9181353,3.1379,1.0,1.0,1.0,1.0,1.0,1.0,1.0,1.0,40,-23.870626,5.627297
28.3887,30.0345,-30.0345,0.0,C=CC1c2ccc3ccccc3c2N=CN1c1ccc(C)cc1,1,C1=Nc2c(ccc3ccccc23)CN1c1ccccc1,0.0,0.0,0.0,0.0,0.0,0.0,0.0,0.0,1.0,1.0,0.0,0.0,0.0,0.0,0.0,0.0,40,-19.512592,-1.4351846
29.5152,36.8385,-33.4685,0.0526562,O=[P-](F)(=C1C=[O+]c2c1cc1ccccc1c2-c1ccccc1)c1ccccc1,1,O=[PH-](=C1C=[O+]c2c1cc1ccccc1c2-c1ccccc1)c1ccccc1,0.0021158,-12.526,0.0223971,0.9001,0.9996489,386.362,0.8273505,3.9688,1.0,1.0,1.0,1.0,1.0,1.0,1.0,1.0,220,-18.664394,-5.6332564
10.4185,29.7941,-29.7941,0.0,F[B-]1(F)C=[N+]2C(=C(c3ccco3)c3ccc(Cl)n31)c1cccn1[B-]2(F)F,1,[BH2-]1C=[N+]2[BH2-]n3cccc3C2=C(c2ccco2)c2cccn21,0.8150752,-0.0842,0.0347123,1.3896,0.9993881,380.326,0.7354445,4.5009,1.0,1.0,1.0,1.0,1.0,1.0,1.0,1.0,320,25.980944,-17.230879
35.1178,36.7058,-27.5668,0.1427978,O=[N+]([O-])c1ccc(-c2c(-c3ccccc3)cc(-c3ccccc3)c3cccc(OS(=O)(=O)c4ccc(Br)cc4)c23)cc1,1,O=S(=O)(Oc1cccc2c(-c3ccccc3)cc(-c3ccccc3)c(-c3ccccc3)c12)c1ccccc1,0.0263635,-8.3777,0.0161258,0.5365,0.9999997,636.523,0.9555853,2.5013,1.0,1.0,1.0,1.0,1.0,1.0,1.0,1.0,180,-12.304691,-10.743299
24.5537,37.5248,-4.9789,0.5085298,O=C1C2=C3c4ccc(Cl)c(Cl)c4C(Cl)=[N+]3[B-](F)(F)C(Cl)=C2c2ccccc21,1,O=C1C2=C3c4ccccc4C=[N+]3[BH2-]C=C2c2ccccc21,0.6458429,-1.5215,0.0221302,0.8868,0.9999981,442.872,0.8703335,3.6396,1.0,1.0,1.0,1.0,1.0,1.0,1.0,1.0,260,8.334264,-2.6256804
19.8498,30.6889,-9.192,0.3358879,C1=C(N=Nc2ccc(N(c3ccccc3)c3ccccc3)cc2)C(=NNc2ccccc2)c2ccccc21,1,C1=C(N=Nc2ccc(N(c3ccccc3)c3ccccc3)cc2)C(=NNc2ccccc2)c2ccccc21,0.2333389,-4.4373,0.0160811,0.5334,1.0,491.598,0.9452171,2.717,1.0,1.0,1.0,1.0,1.0,1.0,1.0,1.0,280,0.40910256,29.872849
18.4175,22.831,0.8456,0.3699463,C(=C1N=NC(=Nc2ccccc2)N1c1ccccc1)c1ccccc1,1,C(=C1N=NC(=Nc2ccccc2)N1c1ccccc1)c1ccccc1,0.3087368,-3.8127,0.0166187,0.5697,0.9043158,324.387,0.9470266,2.6823,1.0,1.0,1.0,1.0,1.0,1.0,1.0,1.0,260,-1.9705585,1.1944777
20.6886,37.6212,-0.5783,0.578796,Cc1ccc2n1[B-](F)(F)[N+]1=C(c3cccnc3)c3c(Br)cccc3C1=C2c1cccs1,1,[BH2-]1n2cccc2C(c2cccs2)=C2c3ccccc3C(c3cccnc3)=[N+]12,0.7850443,-0.3905,0.0337025,1.3564,1.0,494.173,0.8747959,3.6004,1.0,1.0,1.0,1.0,1.0,1.0,1.0,1.0,340,28.80102,-5.0401764
16.2657,30.3201,4.0518,0.537061,F[B-]1(F)[NH+]=c2cc(Br)ccc2=C(c2ccc(Cl)cc2)c2ccc(Br)n21,1,[BH2-]1[NH+]=c2ccccc2=C(c2ccccc2)c2cccn21,0.6778138,-1.2887,0.0313456,1.275,0.9999999,486.35,0.8514585,3.7938,1.0,1.0,1.0,1.0,1.0,1.0,1.0,1.0,320,30.231966,0.7798577
13.0867,13.5246,-13.4509,0.0011515,CN1C(=O)c2ccccc2S1(=O)=O,1,O=C1NS(=O)(=O)c2ccccc21,1.01e-05,-21.2326,0.0156922,0.5064,7.74e-05,197.215,0.965327,2.2495,1.0,1.0,1.0,1.0,1.0,1.0,1.0,1.0,60,-15.952055,13.689269
57.8105,58.5054,-58.5054,0.0,CC1=[S+]C(=C2C(=C(C)[O-])C(=C(C=Cc3cccc4ccccc34)c3ccccc3)S[S-]2C)[S+]=C1[O-],1,C=C1C(=C(C=Cc2cccc3ccccc23)c2ccccc2)S[SH-]C1=C1[S+]=CC=[S+]1,0.0,0.0,0.0,0.0,0.0,0.0,0.0,0.0,1.0,1.0,0.0,0.0,0.0,0.0,0.0,0.0,20,-25.085175,8.49525
43.9035,42.0531,-37.7767,0.0668183,O=C1CC2CCC13CC2(CCl)C12C=CC=CC1C(Cl)(Cl)C32,1,O=C1CC2CCC13CC2C12C=CC=CC1CC32,0.0128174,-9.5747,0.0256749,1.052,0.9824185,343.681,0.1670448,7.07,1.0,1.0,1.0,1.0,1.0,1.0,1.0,1.0,100,-25.521334,23.70576
22.0056,39.4728,-4.0697,0.5531731,Cc1ccc(C2=C3C(=C(F)C(F)(F)C3=C3C=CC(Cl)=[O+]3)[B-](F)(F)n3c(Br)ccc32)cc1,1,[BH2-]1C2=CCC(=C3C=CC=[O+]3)C2=C(c2ccccc2)c2cccn21,0.8039919,-0.2013,0.0319092,1.295,1.0,514.484,0.7465312,4.4445,1.0,1.0,1.0,1.0,1.0,1.0,1.0,1.0,380,28.689676,-0.30054757
18.9735,29.4748,-1.9169,0.4305924,COC1=C(Br)C(=NNc2ccccc2[N+](=O)[O-])C(=O)C(Br)=C1[N+](=O)[O-],1,O=C1C=CC=CC1=NNc1ccccc1,0.4326193,-2.9416,0.0181091,0.6646,0.9999999,476.037,0.9169009,3.1539,1.0,1.0,1.0,1.0,1.0,1.0,1.0,1.0,180,-12.389182,-17.154144
31.0631,37.6552,-32.0364,0.0877943,[O-]N([O-])c1ccc([S+]=C2C(=[N+]3[N-]C4[N-]C43)C=Cc3cccc2c3)cc1,1,C1=Cc2cccc(c2)C(=[S+]c2ccccc2)C1=[N+]1[N-]C2[N-]C21,0.0224759,-8.644,0.0154703,0.4907,0.9885314,348.387,0.2417752,6.6169,1.0,1.0,1.0,1.0,1.0,1.0,1.0,1.0,240,9.717445,-20.744701
29.8508,39.9612,-16.048,0.3736443,[O-][s+]1c(=Cc2ccccc2)c(=C(O)c2ccccc2)c(=NNc2ccccc2)c2ccccc21,1,C(c1ccccc1)=c1[sH+]c2ccccc2c(=NNc2ccccc2)c1=Cc1ccccc1,0.2784636,-4.0506,0.0254941,1.0441,0.9999997,462.574,0.8878456,3.4783,1.0,1.0,1.0,1.0,1.0,1.0,1.0,1.0,220,-0.99417,21.927246
20.8808,21.7583,-21.7583,0.0,Cc1c(C)[n+](C(C)C)c([B-](F)(Br)Br)n1C(C)C,1,c1c[nH+]c[nH]1,0.0,0.0,0.0,0.0,0.0,0.0,0.0,0.0,1.0,1.0,0.0,0.0,0.0,0.0,0.0,0.0,240,11.08204,-26.025873
44.5507,47.2014,-43.5107,0.0576666,CC1=CCC(C(=O)C2=C3CCC4(C)C(=O)CCC4C3(C)CC(=O)C2=O)C(O)CC(C)=CCC1,1,O=C1CC2C(=C(C(=O)C3CC=CCCC=CCC3)C1=O)CCC1C(=O)CCC12,0.0042623,-11.3819,0.0130313,0.3017,0.9999992,452.591,0.5578609,5.2728,1.0,1.0,1.0,1.0,1.0,1.0,1.0,1.0,60,-23.793621,22.381832
26.5163,29.8314,-26.5215,0.0517178,O=C1C(Oc2ccccc2)=CC2c3ccccc3C(=O)C2c2ccccc21,1,O=C1C(Oc2ccccc2)=CC2c3ccccc3C(=O)C2c2ccccc21,0.0022887,-12.3978,0.0118146,0.1939,0.992039,352.389,0.9134245,3.1976,1.0,1.0,1.0,1.0,1.0,1.0,1.0,1.0,60,-12.601315,12.9671335
31.3378,34.714,-23.1875,0.1801029,Cc1cc2c3ccccc3c3c(c2c2ccc(F)cc12)-c1ccccc1C3,1,c1ccc2c(c1)Cc1c-2c2c3ccccc3ccc2c2ccccc12,0.0473179,-7.3897,0.0163038,0.5486,0.9885658,348.42,0.9633108,2.3067,1.0,1.0,1.0,1.0,1.0,1.0,1.0,1.0,80,-20.877132,-8.490549
16.0963,28.6524,-28.6524,0.0,Fc1c(F)c(F)c(C2=C3C(Cl)=C(Cl)C(Cl)=[N+]3[B-](F)(F)n3cccc32)c(F)c1F,1,[BH2-]1n2cccc2C(c2ccccc2)=C2C=CC=[N+]12,0.8477089,0.2959,0.0436122,1.6474,0.9999996,461.36,0.8065058,4.1051,1.0,1.0,1.0,1.0,1.0,1.0,1.0,1.0,340,25.528955,-11.219852
21.9859,27.8304,-3.8587,0.3745578,COc1cc(N(c2ccccc2)c2ccccc2)ccc1C=Nc1ccccc1N=Nc1ccccc1OC,1,C(=Nc1ccccc1N=Nc1ccccc1)c1ccc(N(c2ccccc2)c2ccccc2)cc1,0.3013591,-3.8694,0.0171089,0.6018,1.0,512.613,0.9473561,2.6759,1.0,1.0,1.0,1.0,1.0,1.0,1.0,1.0,160,0.4353172,29.589764
28.8027,40.147,-13.2401,0.4204208,F[B-]1(F)N2C(=C(c3ccccc3)[B-](Cl)(Cl)c3ncccc32)C(c2ccccc2)=[N+]1c1ccccn1,1,[BH2-]1C(c2ccccc2)=C2C(c3ccccc3)=[N+](c3ccccn3)[BH2-]N2c2cccnc21,0.3840607,-3.2693,0.026662,1.0941,1.0,503.965,0.847385,3.8249,1.0,1.0,1.0,1.0,1.0,1.0,1.0,1.0,220,13.125171,5.638589
21.735,21.7264,-11.0316,0.1671059,CN1C(=O)C(=Cc2ccccc2)c2cccc(F)c21,1,O=C1Nc2ccccc2C1=Cc1ccccc1,0.2390055,-4.3862,0.0286382,1.1739,0.0133416,253.276,0.9683663,2.1567,1.0,1.0,1.0,1.0,1.0,1.0,1.0,1.0,180,-10.835242,6.782863
32.9679,33.1036,-32.6434,0.0071905,COC(=O)C1(C23CCCC2Nc2ccccc23)NC(c2ccccc2)c2ccccc21,1,c1ccc(C2NC(C34CCCC3Nc3ccccc34)c3ccccc32)cc1,1.7e-05,-20.3833,0.0110349,0.119,0.999962,410.517,0.8123544,4.0681,1.0,1.0,1.0,1.0,1.0,1.0,1.0,1.0,20,-15.204194,19.061956
15.8003,25.6111,-0.8093,0.387528,F[B-]1(F)N2C(=C(c3ccncc3)c3cccn31)Nc1ccccc12,1,[BH2-]1N2C(=C(c3ccncc3)c3cccn31)Nc1ccccc12,0.3174046,-3.7471,0.0271581,1.1146,0.8749147,321.119,0.8924083,3.4327,1.0,1.0,1.0,1.0,1.0,1.0,1.0,1.0,400,33.51497,-9.56238
29.6759,38.854,-1.7061,0.5804365,Cc1cc(C)c(-n2ccnc2-c2oc(-c3ccccc3)c3ccc4ccccc2c43)c(C)c1,1,c1ccc(-c2oc(-c3nccn3-c3ccccc3)c3ccccc4ccc2c43)cc1,0.7245582,-0.9248,0.0367198,1.4529,0.9999928,428.535,0.946972,2.6834,1.0,1.0,1.0,1.0,1.0,1.0,1.0,1.0,240,-22.991793,-2.9597938
12.0878,22.5907,9.6643,0.5039838,F[B-]1(F)n2cccc2C(=C2C=CC=[S+]2)c2cccn2[B-]1(F)F,1,[BH2-]1[BH2-]n2cccc2C(=C2C=CC=[S+]2)c2cccn21,0.7783578,-0.4543,0.0344733,1.3818,0.8918976,322.912,0.5946474,5.1255,1.0,1.0,1.0,1.0,1.0,1.0,1.0,1.0,240,33.92078,-20.08081
17.3108,16.0736,-13.3019,0.0433069,O=C1C=C(Cl)C(=O)C(Cl)=C1Cl,1,O=C1C=CC(=O)C=C1,0.0589475,-7.0118,0.0136155,0.35,0.0002865,211.431,0.9357285,2.883,1.0,1.0,1.0,1.0,1.0,1.0,1.0,1.0,220,-2.8237464,-20.129976
10.1842,26.4925,12.1112,0.6031839,F[B-]1(F)n2cc(Br)cc2C(c2ccco2)=C2C=CC=[N+]21,1,[BH2-]1n2cccc2C(c2ccco2)=C2C=CC=[N+]12,0.8924424,0.946,0.040422,1.5613,0.9677534,336.932,0.8046811,4.1165,1.0,1.0,1.0,1.0,1.0,1.0,1.0,1.0,320,25.096884,-19.220947
12.8094,36.7531,0.4521,0.58133,F[B-]1(F)n2cc(Cl)cc2C(c2c3ccccc3cc3ccccc23)=C2c3ccccc3C(Br)=[N+]21,1,[BH2-]1n2cccc2C(c2c3ccccc3cc3ccccc23)=C2c3ccccc3C=[N+]12,0.8240444,0.0146,0.0282911,1.1603,1.0,531.596,0.8937159,3.4194,1.0,1.0,1.0,1.0,1.0,1.0,1.0,1.0,400,17.85576,0.3562372
36.9991,52.8084,-20.0748,0.5114625,F[B-]1(F)N2C=CC=C(c3ccccc3)C2=C(c2ccc(Cl)c(-c3c4ccccc4cc4cc(Br)ccc34)c2)c2cccc[n+]21,1,[BH2-]1N2C=CC=C(c3ccccc3)C2=C(c2cccc(-c3c4ccccc4cc4ccccc34)c2)c2cccc[n+]21,0.6278091,-1.6485,0.0245824,1.0036,0.9999976,659.77,0.8823892,3.5308,1.0,1.0,1.0,1.0,1.0,1.0,1.0,1.0,400,19.04447,0.8377151
26.9793,27.4609,-17.5796,0.1543951,Cn1c2c(c3ccc(Br)cc31)C=CC(=O)C2,1,O=C1C=Cc2c([nH]c3ccccc23)C1,0.0944872,-6.1807,0.016177,0.54,0.0999093,276.133,0.9357979,2.8818,1.0,1.0,1.0,1.0,1.0,1.0,1.0,1.0,80,4.0409503,-24.728369
15.8604,30.1152,7.651,0.5900978,Cc1ccc(C2=[N+]3C(=C(c4ccc(Br)cc4)c4ccc(Cl)n4[B-]3(F)F)[B-](F)(F)n3cccc32)cc1,1,[BH2-]1C2=C(c3ccccc3)c3cccn3[BH2-][N+]2=C(c2ccccc2)c2cccn21,0.8480319,0.3,0.0348527,1.3941,1.0,559.386,0.832183,3.9354,1.0,1.0,1.0,1.0,1.0,1.0,1.0,1.0,300,25.029694,-3.6356723
16.2143,22.0451,-22.0451,0.0,c1ccc2c(-c3nc4ccccc4c4ccccc34)c3ccccc3cc2c1,1,c1ccc2c(-c3nc4ccccc4c4ccccc34)c3ccccc3cc2c1,0.4533969,-2.8045,0.0219199,0.8762,0.9939775,355.44,0.9749429,1.9224,1.0,1.0,1.0,1.0,1.0,1.0,1.0,1.0,160,-26.250168,-7.356592
25.4213,34.5296,-24.8985,0.1504862,O=c1c(=CNc2ccc(Cl)cc2)c(=O)n2c(=O)c3ccccc3cc2n1-c1ccccc1,1,O=c1c(=CNc2ccccc2)c(=O)n2c(=O)c3ccccc3cc2n1-c1ccccc1,0.030208,-8.1496,0.016334,0.5506,0.9999979,441.874,0.9469863,2.6831,1.0,1.0,1.0,1.0,1.0,1.0,1.0,1.0,200,-4.8193765,-2.4118035
14.2744,27.6264,8.9526,0.5715459,F[B-]1(F)C2=C(c3ccccn3)c3cccn3[B-](F)(F)[N+]2=C(c2ccncc2)c2cccn21,1,[BH2-]1C2=C(c3ccccn3)c3cccn3[BH2-][N+]2=C(c2ccncc2)c2cccn21,0.8033547,-0.2079,0.0352803,1.4078,0.9999956,433.994,0.7996086,4.1478,1.0,1.0,1.0,1.0,1.0,1.0,1.0,1.0,260,20.049452,-10.470256
29.4634,29.606,-29.606,0.0,CCOC(=O)c1noc2c1C1CCC3(C)C(=O)CCC3C1CC2,1,O=C1CCC2C1CCC1c3cnoc3CCC12,0.0,0.0,0.0,0.0,0.0,0.0,0.0,0.0,1.0,1.0,0.0,0.0,0.0,0.0,0.0,0.0,20,-23.211649,20.973133
22.4587,34.8988,-5.4883,0.4595387,Cc1cccc2c1-c1c(ccc3ccccc13)C2=C(Br)c1c2ccccc2cc2ccccc12,1,C(=C1c2ccccc2-c2c1ccc1ccccc21)c1c2ccccc2cc2ccccc12,0.5071321,-2.4535,0.0168466,0.5847,1.0,497.435,0.9514822,2.5919,1.0,1.0,1.0,1.0,1.0,1.0,1.0,1.0,400,-29.611124,-5.023165
42.4105,46.5924,-37.9115,0.1356391,COC(=O)C1=C2C(=O)C3C4CN2C(=O)C3C2=C4CC=CC12,1,O=C1C2=CC3C=CCC4=C3C3C(=O)N2CC4C13,0.1200402,-5.7443,0.0119734,0.2086,0.1765798,283.283,0.3583382,6.0693,1.0,1.0,1.0,1.0,1.0,1.0,1.0,1.0,100,-20.066904,24.184835
38.5326,44.8583,-28.2948,0.2588058,[O-]C1=c2sc(=C3C=C(c4ccccc4)c4ccccc4-c4ccccc43)[s+]c2C(=[S+]c2ccccc2)[N-]C1,1,C1=C(c2ccccc2)c2ccccc2-c2ccccc2C1=c1sc2c([s+]1)C(=[S+]c1ccccc1)[N-]CC=2,0.134285,-5.5351,0.0162779,0.5468,1.0,543.738,0.8160915,4.0439,1.0,1.0,1.0,1.0,1.0,1.0,1.0,1.0,160,-0.91204715,12.912408
21.9134,25.2947,-25.2947,0.0,O=C(C(=C1C=CC=C1)c1ccc[nH]1)c1ccccc1,1,O=C(C(=C1C=CC=C1)c1ccc[nH]1)c1ccccc1,0.0,0.0,0.0,0.0,0.0,0.0,0.0,0.0,1.0,1.0,0.0,0.0,0.0,0.0,0.0,0.0,140,-5.8301415,27.53326
20.9523,29.9325,-2.1174,0.4346108,O=C1c2ccccc2C(=O)C12C(c1ccccc1)=c1oc(=O)c3ccccc3c1=C2c1ccccc1,1,O=C1c2ccccc2C(=O)C12C(c1ccccc1)=c1oc(=O)c3ccccc3c1=C2c1ccccc1,0.4377421,-2.9077,0.0189671,0.7158,0.9999998,466.492,0.9140033,3.1905,1.0,1.0,1.0,1.0,1.0,1.0,1.0,1.0,180,-0.79205847,7.615208
37.4089,47.356,-43.8724,0.0544302,c1ccc(CC2c3c(cc(-c4ccccc4)c4ccccc34)C34c5ccccc5-c5ccccc5C23c2ccccc2-c2ccccc24)cc1,1,c1ccc(CC2c3c(cc(-c4ccccc4)c4ccccc34)C34c5ccccc5-c5ccccc5C23c2ccccc2-c2ccccc24)cc1,0.0025741,-12.206,0.0124377,0.2504,0.9999998,634.822,0.904827,3.2994,1.0,1.0,1.0,1.0,1.0,1.0,1.0,1.0,100,-6.7289443,13.268207
39.5692,41.2841,-26.0064,0.2387136,O=C1C=CC=C2CC3C=CC(c4ccccc4)N3C3=C2C(c2ccccc2)C13,1,O=C1C=CC=C2CC3C=CC(c4ccccc4)N3C3=C2C(c2ccccc2)C13,0.1226473,-5.7044,0.0198787,0.7678,0.9971137,363.46,0.6503355,4.8937,1.0,1.0,1.0,1.0,1.0,1.0,1.0,1.0,40,-15.296917,17.242775
15.8723,32.9344,2.2913,0.5504009,F[B-]1(F)C2=C(Br)C(c3ccc[nH]3)=C(c3ccccc3)C2=C(c2ccccc2)c2cccn21,1,[BH2-]1C2=CC(c3ccc[nH]3)=C(c3ccccc3)C2=C(c2ccccc2)c2cccn21,0.7391233,-0.8039,0.0260037,1.0662,0.9999999,486.148,0.8889858,3.4671,1.0,1.0,1.0,1.0,1.0,1.0,1.0,1.0,280,16.58048,-13.464223
30.2916,50.9844,-14.7567,0.5660581,CN(C)c1ccc(C2=c3cc(-c4ccc(N(C)C)cc4)c4ccccc4c3=C[N+](=O)[B-](F)(F)n3cc(Br)cc32)cc1,1,O=[N+]1[BH2-]n2cccc2C(c2ccccc2)=c2cc(-c3ccccc3)c3ccccc3c2=C1,0.7716035,-0.5174,0.0294183,1.204,0.9999999,613.315,0.8777717,3.5735,1.0,1.0,1.0,1.0,1.0,1.0,1.0,1.0,320,14.40699,-16.633791
26.2184,26.3894,-16.8138,0.149619,CN(C)c1cccc2ccc(N(c3ccccc3)c3ccccc3)c(C#N)c12,1,c1ccc(N(c2ccccc2)c2ccc3ccccc3c2)cc1,0.0280499,-8.2739,0.0191722,0.7277,0.9971147,363.464,0.9612373,2.3626,1.0,1.0,1.0,1.0,1.0,1.0,1.0,1.0,40,-0.9581868,30.004284
14.0779,22.6176,9.5609,0.5027893,C1=CC(=C(c2ccccc2)c2ccccc2)C=C(c2ccccc2)C1=Nc1ccccc1,1,C1=CC(=C(c2ccccc2)c2ccccc2)C=C(c2ccccc2)C1=Nc1ccccc1,0.5948216,-1.8747,0.0207153,0.8135,0.9999585,409.532,0.9580002,2.4442,1.0,1.0,1.0,1.0,1.0,1.0,1.0,1.0,240,3.601267,19.562845
19.537,35.7623,0.7438,0.5704078,O=C1C(Br)=C(Cl)C(c2ccccc2)=[N+]2C1=C(c1ccccc1)c1cc(Cl)cn1[B-]2(F)F,1,O=C1C=CC(c2ccccc2)=[N+]2[BH2-]n3cccc3C(c3ccccc3)=C12,0.7608702,-0.615,0.0323862,1.3116,1.0,519.969,0.8821945,3.5326,1.0,1.0,1.0,1.0,1.0,1.0,1.0,1.0,340,17.618586,-3.8512495
12.071,23.3356,16.0411,0.6152614,F[B-]1(F)n2cccc2C(c2ccc(Br)cc2)=C2C=CC(c3ccccc3)=[N+]21,1,[BH2-]1n2cccc2C(c2ccccc2)=C2C=CC(c3ccccc3)=[N+]12,0.8636075,0.5057,0.0387446,1.5134,0.9999881,423.069,0.894137,3.415,1.0,1.0,1.0,1.0,1.0,1.0,1.0,1.0,260,23.450062,-11.463853
55.3507,55.5862,-54.2891,0.0202672,c1ccc(-c2ccc3c(c2)-c2cc4c5c(c2)C32CC3c6ccccc6CC3C5C2CC4)nc1,1,c1ccc(-c2ccc3c(c2)-c2cc4c5c(c2)C32CC3c6ccccc6CC3C5C2CC4)nc1,0.0003637,-15.3968,0.0136034,0.349,0.9999886,423.559,0.4266353,5.7888,1.0,1.0,1.0,1.0,1.0,1.0,1.0,1.0,40,14.924034,-20.789433
22.9053,24.3137,-23.3024,0.0158005,Cc1cnnc(-c2ccccc2)c1F,1,c1ccc(-c2cccnn2)cc1,0.0114596,-9.7593,0.0156426,0.5029,3.37e-05,188.205,0.9639683,2.2884,1.0,1.0,1.0,1.0,1.0,1.0,1.0,1.0,220,-1.2006432,-5.664982
25.4886,24.8595,-13.7502,0.1735827,O=[N+]([O-])c1n[nH]nc1N=Nc1nonc1N([N+](=O)[O-])[N+](=O)[O-],1,c1n[nH]nc1N=Nc1cnon1,0.0563607,-7.0894,0.0169068,0.5887,0.801037,315.122,0.7597751,4.3748,1.0,1.0,1.0,1.0,1.0,1.0,1.0,1.0,120,-11.026368,-18.338512
21.0984,22.1997,-14.3503,0.1226479,O=C1N=CC=CC1=NNc1ccccc1O,1,O=C1N=CC=CC1=NNc1ccccc1,0.573853,-2.0153,0.0261608,1.0729,0.0004058,215.212,0.9420961,2.7744,1.0,1.0,1.0,1.0,1.0,1.0,1.0,1.0,140,-12.005849,-16.373121
22.8428,33.2448,-19.6978,0.211671,Cn1c(-c2ccccc2)nc2c1=C(Br)C(=O)C=2c1ccccc1Br,1,O=C1C=c2[nH]c(-c3ccccc3)nc2=C1c1ccccc1,0.0666135,-6.7994,0.0212161,0.8399,0.9999983,444.126,0.9405587,2.8016,1.0,1.0,1.0,1.0,1.0,1.0,1.0,1.0,340,-4.4747095,6.750704
18.074,28.856,3.662,0.5080951,Fc1ccc2c(c1)=C[B-](F)(F)n1cccc1C=2c1cccs1,1,[BH2-]1C=c2ccccc2=C(c2cccs2)c2cccn21,0.6614854,-1.409,0.0283532,1.1627,0.8155041,316.136,0.861085,3.7173,1.0,1.0,1.0,1.0,1.0,1.0,1.0,1.0,300,29.645258,-19.210775
20.1861,36.9096,-1.1071,0.5594137,F[B-]1(F)C(=C2[NH+]=C(c3ccccc3)c3ccccc32)C=C(c2ccco2)c2ccc(Br)n21,1,[BH2-]1C(=C2[NH+]=C(c3ccccc3)c3ccccc32)C=C(c2ccco2)c2cccn21,0.766077,-0.568,0.0319823,1.2976,1.0,489.128,0.8241404,3.9906,1.0,1.0,1.0,1.0,1.0,1.0,1.0,1.0,300,20.351454,-22.384077
16.0848,20.2119,1.9999,0.3470603,CN1C(=O)C(=C2c3ccccc3Sc3ccccc32)c2ccccc21,1,O=C1Nc2ccccc2C1=C1c2ccccc2Sc2ccccc21,0.2072373,-4.685,0.0304585,1.2429,0.978465,341.435,0.9640894,2.285,1.0,1.0,1.0,1.0,1.0,1.0,1.0,1.0,260,-9.952275,10.248307
12.1885,18.234,-18.234,0.0,COc1ccc(C2=C3C=CC=[N+]3[B-](F)(F)n3cccc32)cc1,1,[BH2-]1n2cccc2C(c2ccccc2)=C2C=CC=[N+]12,0.8447786,0.2592,0.0381713,1.4966,0.4563853,298.101,0.8799517,3.5535,1.0,1.0,1.0,1.0,1.0,1.0,1.0,1.0,320,24.101763,-18.882067
40.8173,40.8195,-40.8195,0.0,C=C(C)C1CCC2C(=O)CC3C4C(=O)CC1C3C21CC41,1,O=C1CC2CCCC3C(=O)CC4C1C1CC31C24,0.0,0.0,0.0,0.0,0.0,0.0,0.0,0.0,1.0,1.0,0.0,0.0,0.0,0.0,0.0,0.0,20,-21.88706,23.186272
14.2568,32.39,6.125,0.6017976,CC1=C(c2ccncc2)C(c2cccnc2)=[N+]2C1=C(c1ccncc1)c1cc(C)c(C)n1[B-]2(F)F,1,[BH2-]1n2cccc2C(c2ccncc2)=C2C=C(c3ccncc3)C(c3cccnc3)=[N+]12,0.8469141,0.2859,0.0362205,1.4374,0.9999998,465.316,0.8758178,3.5912,1.0,1.0,1.0,1.0,1.0,1.0,1.0,1.0,400,32.34688,-7.2695265
11.292,28.7018,-28.7018,0.0,COc1ccc(C2=CC(c3ccccc3)=[N+]3C2=C(c2ccc(OC)cc2)c2cccn2[B-]3(F)F)cc1,1,[BH2-]1n2cccc2C(c2ccccc2)=C2C(c3ccccc3)=CC(c3ccccc3)=[N+]12,0.8470991,0.2882,0.0367662,1.4543,0.9999999,480.323,0.9090554,3.2504,1.0,1.0,1.0,1.0,1.0,1.0,1.0,1.0,400,13.505788,-9.493985
23.5682,26.9334,-7.9934,0.2959378,O=C1C(S(=O)(=O)c2ccc(Cl)cc2)=C(c2ccc(Cl)cc2)c2cccc3cccc1c23,1,O=C1C(S(=O)(=O)c2ccccc2)=C(c2ccccc2)c2cccc3cccc1c23,0.1625064,-5.1704,0.0176066,0.6335,0.9999998,465.357,0.9606373,2.3782,1.0,1.0,1.0,1.0,1.0,1.0,1.0,1.0,380,-16.018377,1.8247486
14.7726,26.005,8.7506,0.5430553,F[B-]1(F)C2=CC(=C(c3ccccc3)c3ccc(Cl)n31)c1ccccc12,1,[BH2-]1C2=CC(=C(c3ccccc3)c3cccn31)c1ccccc12,0.7401029,-0.7957,0.028213,1.1572,0.9906126,350.584,0.8263875,3.9754,1.0,1.0,1.0,1.0,1.0,1.0,1.0,1.0,340,14.067133,-6.1130066
28.9265,29.9196,-29.7776,0.0022182,[O+]#[P-]12Oc3ccccc3C1OCC(c1ccccc1)(c1ccccc1)O2,1,c1ccc(C2(c3ccccc3)COC3c4ccccc4O[PH-]3O2)cc1,9e-07,-25.1946,0.0104833,0.0627,0.997337,364.337,0.7974881,4.1606,1.0,1.0,1.0,1.0,1.0,1.0,1.0,1.0,40,4.0398707,9.261273
13.4217,30.6244,3.6142,0.5349784,F[B-]1(F)c2c(-c3ccccc3)c3cccn3c2=C(c2ccc(Cl)cc2)c2cccn21,1,[BH2-]1c2c(-c3ccccc3)c3cccn3c2=C(c2ccccc2)c2cccn21,0.6667687,-1.3704,0.0273512,1.1226,0.9999763,415.659,0.906896,3.2757,1.0,1.0,1.0,1.0,1.0,1.0,1.0,1.0,340,28.051723,-9.060709
12.833,28.2007,6.4448,0.5413358,F[B-]1(F)C2=CC(Br)=CC2=C(c2ccc(Br)cc2)c2ccc(Br)n21,1,[BH2-]1C2=CC=CC2=C(c2ccccc2)c2cccn21,0.697589,-1.1387,0.0298409,1.2199,1.0,502.767,0.8586897,3.7368,1.0,1.0,1.0,1.0,1.0,1.0,1.0,1.0,300,32.594658,-1.7316527
11.6438,26.9733,11.1042,0.5949611,C[N+]1=C(c2ccccc2)c2ccccc2C1=C1c2cccn2[B-](F)(F)n2cccc21,1,[BH2-]1n2cccc2C(=C2[NH+]=C(c3ccccc3)c3ccccc32)c2cccn21,0.8399051,0.1994,0.0346369,1.3871,0.999871,397.237,0.8680229,3.6594,1.0,1.0,1.0,1.0,1.0,1.0,1.0,1.0,360,35.708317,-16.715649
24.4115,31.8543,-15.2817,0.2589469,O=c1c(=C2C=CC(=[N+]([O-])[O-])C=C2)c2ccccc2n2c1=NC(c1ccccc1)=[O+][B-]2(F)F,1,[N+]=C1C=CC(=c2c(=O)c3n(c4ccccc24)[BH2-][O+]=C(c2ccccc2)N=3)C=C1,0.1308081,-5.5843,0.0179492,0.6548,0.9999948,432.171,0.8134937,4.0608,1.0,1.0,1.0,1.0,1.0,1.0,1.0,1.0,180,13.298562,-19.111773
14.4145,17.2323,-9.7959,0.116193,O=[N+]([O-])c1ccc(N=Cc2ccc(Br)cc2)cc1,1,C(=Nc1ccccc1)c1ccccc1,0.0195656,-8.8747,0.0153742,0.4838,0.6159951,305.131,0.97205,2.0321,1.0,1.0,1.0,1.0,1.0,1.0,1.0,1.0,240,-4.804915,-14.597931
31.0125,38.5303,-20.9614,0.2745138,Cc1ccccc1NN=C1C=C(Br)C(=[N+]([O-])[O-])C(c2ccccc2)=C1,1,[N+]=C1C=CC(=NNc2ccccc2)C=C1c1ccccc1,0.1287422,-5.6141,0.021735,0.8668,0.9998712,397.252,0.9328123,2.9294,1.0,1.0,1.0,1.0,1.0,1.0,1.0,1.0,200,-6.3459044,-10.457554
10.062,29.1977,10.0245,0.6128474,F[B-]1(F)n2cccc2C(c2ccc(Cl)cc2)=C2C=CC(c3ccccn3)=[N+]21,1,[BH2-]1n2cccc2C(c2ccccc2)=C2C=CC(c3ccccn3)=[N+]12,0.8634802,0.504,0.0387071,1.5123,0.9993461,379.606,0.8834639,3.5206,1.0,1.0,1.0,1.0,1.0,1.0,1.0,1.0,300,23.564106,-10.992697
17.4462,18.8113,-18.1454,0.0104051,c1ccc(-c2ccc(P(c3ccccc3)c3ccccc3)cc2)cc1,1,c1ccc(-c2ccc(P(c3ccccc3)c3ccccc3)cc2)cc1,3.61e-05,-19.1607,0.013302,0.3243,0.9716908,338.39,0.9785158,1.7685,1.0,1.0,1.0,1.0,1.0,1.0,1.0,1.0,220,8.668771,4.253433
26.191,25.4089,-7.69,0.2768579,O=[N+]([O-])c1ccc(-c2ccc(-c3ccc(-c4ccccc4)nn3)o2)cc1,1,c1ccc(-c2ccc(-c3ccc(-c4ccccc4)o3)nn2)cc1,0.1349838,-5.5253,0.0186291,0.6959,0.981871,343.342,0.9700016,2.1032,1.0,1.0,1.0,1.0,1.0,1.0,1.0,1.0,80,-12.032678,-13.593273
18.8702,44.2235,-14.7024,0.4612664,F[B-]1(F)n2cc(Cl)c(Cl)c2C(c2ccccn2)=C2C(c3ccccc3)=C(c3cccnc3)C(Cl)=[N+]2[B-]1(F)F,1,[BH2-]1[BH2-][N+]2=CC(c3cccnc3)=C(c3ccccc3)C2=C(c2ccccn2)c2cccn21,0.4658386,-2.7229,0.0325085,1.3159,1.0,574.39,0.827058,3.9708,1.0,1.0,1.0,1.0,1.0,1.0,1.0,1.0,400,27.745031,-5.1656737
37.0789,45.1353,-45.1353,0.0,CC1(C)C=C(c2ccccc2Cl)C(=CCc2ccccc2N=Nc2ccc(Cl)cc2)C(=O)C1,1,O=C1CCC=C(c2ccccc2)C1=CCc1ccccc1N=Nc1ccccc1,0.0,0.0,0.0,0.0,0.0,0.0,0.0,0.0,1.0,1.0,0.0,0.0,0.0,0.0,0.0,0.0,200,1.4603809,-3.1628687
18.9505,31.3532,-1.0976,0.4727451,Cc1ccc(C2=NN(c3ccccc3)[B-](F)(F)[N+]2=C2C=CC(c3ccccc3)=C2)cc1,1,[BH2-]1N(c2ccccc2)N=C(c2ccccc2)[N+]1=C1C=CC(c2ccccc2)=C1,0.5223594,-2.3542,0.0217738,0.8687,0.9999646,411.264,0.9072865,3.2711,1.0,1.0,1.0,1.0,1.0,1.0,1.0,1.0,300,16.155697,-3.0495758
27.4768,32.0007,-5.8056,0.4092998,Brc1ccc2c(c1)c(=C1c3ccccc3-c3ccccc31)c1c2ccc2c3cccc4cccc(c43)c21,1,c1ccc2c(c1)C(=c1c3ccccc3c3ccc4c5cccc6cccc(c65)c4c13)c1ccccc1-2,0.3697916,-3.3682,0.0180894,0.6634,1.0,531.452,0.9515321,2.5908,1.0,1.0,1.0,1.0,1.0,1.0,1.0,1.0,160,-17.326624,0.32799166
10.0845,25.5077,-25.5077,0.0,F[B-]1(F)n2cccc2C(c2ccc(Br)cc2)=C2C(Br)=CC=[N+]21,1,[BH2-]1n2cccc2C(c2ccccc2)=C2C=CC=[N+]12,0.8522716,0.3542,0.0397738,1.5431,0.9999908,425.867,0.840843,3.8735,1.0,1.0,1.0,1.0,1.0,1.0,1.0,1.0,300,25.503498,-20.570333
11.6551,21.3632,-21.3632,0.0,F[B-]1(F)n2cccc2C(c2ccc(-c3ccccc3)cc2)=C2C=CC=[N+]21,1,[BH2-]1n2cccc2C(c2ccc(-c3ccccc3)cc2)=C2C=CC=[N+]12,0.8171461,-0.0618,0.0330476,1.3343,0.9831843,344.173,0.9069173,3.2754,1.0,1.0,1.0,1.0,1.0,1.0,1.0,1.0,160,23.950203,-18.59982
25.3835,30.2629,-10.1958,0.3135477,C(=C1CSC(c2ccccc2)=C1c1ccccc1)c1ccncc1,1,C(=C1CSC(c2ccccc2)=C1c1ccccc1)c1ccncc1,0.1719632,-5.0598,0.0265521,1.0895,0.9261104,327.452,0.9596187,2.4042,1.0,1.0,1.0,1.0,1.0,1.0,1.0,1.0,160,7.965775,9.351697
15.8738,16.6242,-14.2639,0.0368812,Cc1ccc(S(=O)(=O)NN=C(c2ccccc2)c2ccccc2)cc1,1,O=S(=O)(NN=C(c1ccccc1)c1ccccc1)c1ccccc1,0.0007304,-14.2605,0.0253147,1.0363,0.9904911,350.443,0.9749374,1.9226,1.0,1.0,1.0,1.0,1.0,1.0,1.0,1.0,140,-1.0081726,24.115524
54.0256,67.2826,-48.2673,0.2971146,O=C1C(F)=C(F)C(=P(=C2C3=C(CC(=O)n4c3cc3ccccc34)C(Nc3ccccc3)=[O+][B-]2(F)F)c2ccccc2)c2ccccc21,1,O=C1C=CC(=P(=C2[BH2-][O+]=C(Nc3ccccc3)C3=C2c2cc4ccccc4n2C(=O)C3)c2ccccc2)c2ccccc21,0.1947799,-4.8114,0.0197262,0.7592,0.9999992,648.361,0.7348933,4.5037,1.0,1.0,1.0,1.0,1.0,1.0,1.0,1.0,180,8.394863,-16.198505
8.5676,29.5902,-29.5902,0.0,F[B-]1(F)n2cccc2C(c2cccnc2)=C2C(Br)=CC(Br)=[N+]21,1,[BH2-]1n2cccc2C(c2cccnc2)=C2C=CC=[N+]12,0.870241,0.5994,0.0398187,1.5443,0.9999916,426.855,0.8167321,4.0398,1.0,1.0,1.0,1.0,1.0,1.0,1.0,1.0,300,25.517122,-7.203413
19.2833,41.474,-8.9709,0.5078613,F[B-]1(F)C2=C(c3ccccc3)C(=C(c3ccncc3)c3ccc(Br)n31)C(c1ccc(Br)cc1)=[N+]2c1ccccc1,1,[BH2-]1C2=C(c3ccccc3)C(=C(c3ccncc3)c3cccn31)C(c1ccccc1)=[N+]2c1ccccc1,0.6513257,-1.4823,0.0275434,1.1304,0.9999984,655.149,0.7852622,4.233,1.0,1.0,1.0,1.0,1.0,1.0,1.0,1.0,280,24.772213,-0.74137247
25.5845,26.0688,-25.4518,0.0096402,CC1Cc2cccc3cccc(c23)N1O,1,c1cc2c3c(cccc3c1)NCC2,0.001833,-12.7602,0.024133,0.9831,9.33e-05,199.253,0.9338704,2.9127,1.0,1.0,1.0,1.0,1.0,1.0,1.0,1.0,40,-19.506243,5.460149
32.6951,44.0303,-24.527,0.3047391,CC1=[N+]2C3=C(CC1)C(F)(F)C(=C1c4ccccc4C=Cc4ccccc41)C3=[O+][B-]2(F)F,1,[BH2-]1[O+]=C2C(=C3c4ccccc4C=Cc4ccccc43)CC3=C2[N+]1=CCC3,0.2039863,-4.7174,0.0161288,0.5367,0.9999871,422.21,0.8155375,4.0475,1.0,1.0,1.0,1.0,1.0,1.0,1.0,1.0,360,9.477914,2.2346632
30.0494,31.2373,-25.5262,0.0892361,O=C1n2c(cc3ccccc32)N2C=Cc3ccccc3C12O,1,O=C1C2c3ccccc3C=CN2c2cc3ccccc3n21,0.0155634,-9.2541,0.0170947,0.6009,0.2540633,288.306,0.8931825,3.4248,1.0,1.0,1.0,1.0,1.0,1.0,1.0,1.0,40,-11.309102,14.835539
21.4362,21.6382,-21.6382,0.0,CC(=Cc1ccc(C=C(C#N)c2ccccc2)cc1)c1ccccc1,1,C(=Cc1ccc(C=Cc2ccccc2)cc1)c1ccccc1,0.0,0.0,0.0,0.0,0.0,0.0,0.0,0.0,1.0,1.0,0.0,0.0,0.0,0.0,0.0,0.0,40,0.020752525,27.977274
21.3562,28.7119,-4.1643,0.3835562,O=C1C(C2=C(c3ccccc3)C(c3ccccc3)=[N+](c3ccc(Cl)cc3)[B-]2(F)F)=C(c2ccccc2)C(c2ccccc2)=C1c1ccccc1,1,O=C1C(C2=C(c3ccccc3)C(c3ccccc3)=[N+](c3ccccc3)[BH2-]2)=C(c2ccccc2)C(c2ccccc2)=C1c1ccccc1,0.312139,-3.7868,0.0198923,0.7685,0.9999924,671.983,0.9215334,3.0929,1.0,1.0,1.0,1.0,1.0,1.0,1.0,1.0,220,7.2146745,12.239519
24.134,22.5195,-20.064,0.0383667,CN1c2ccccc2C(=O)CC1c1ccc2c(c1)OCO2,1,O=C1CC(c2ccc3c(c2)OCO3)Nc2ccccc21,0.0023887,-12.328,0.0134862,0.3395,0.1517012,281.311,0.9438102,2.7432,1.0,1.0,1.0,1.0,1.0,1.0,1.0,1.0,140,-23.897541,12.899707
23.6881,39.4952,-14.3315,0.393183,O=[N+]([O-])c1ccc(C2=C3[N+](=C(c4ccc([N+](=O)[O-])cc4)c4cccc(Cl)c4[B-]3(F)F)c3ccccc32)cc1,1,[BH2-]1C2=C(c3ccccc3)c3ccccc3[N+]2=C(c2ccccc2)c2ccccc21,0.3406969,-3.5752,0.019803,0.7635,1.0,529.695,0.8941112,3.4153,1.0,1.0,1.0,1.0,1.0,1.0,1.0,1.0,300,9.927637,-7.734743
25.7134,37.8139,-11.8219,0.4061244,c1ccc(N2N=C(c3cccc4ccccc34)c3cc4ccccc4cc3C2=C2c3ccccc3-c3ccccc32)cc1,1,c1ccc(N2N=C(c3cccc4ccccc34)c3cc4ccccc4cc3C2=C2c3ccccc3-c3ccccc32)cc1,0.3805787,-3.2933,0.0155903,0.4992,1.0,546.673,0.9481021,2.6612,1.0,1.0,1.0,1.0,1.0,1.0,1.0,1.0,200,-26.460724,4.8008504
11.5031,30.2571,-30.2571,0.0,F[B-]1(F)C2=Cc3cccn3[B-](F)(F)[N+]2=C(c2cccnc2)c2ccc(Br)n21,1,[BH2-]1C2=Cc3cccn3[BH2-][N+]2=C(c2cccnc2)c2cccn21,0.8601131,0.4579,0.0343414,1.3775,0.9999963,435.804,0.7287598,4.5342,1.0,1.0,1.0,1.0,1.0,1.0,1.0,1.0,400,28.510519,-5.983486
29.9654,35.2094,-34.0531,0.0180664,Cc1cc(-c2nocc2C(=O)c2ccccc2)c[nH]1,1,O=C(c1ccccc1)c1conc1-c1cc[nH]c1,0.001116,-13.5695,0.0138533,0.369,0.0121786,252.273,0.9500411,2.622,1.0,1.0,1.0,1.0,1.0,1.0,1.0,1.0,120,-6.5627036,25.752874
23.8336,35.1856,-3.3692,0.4971326,C[Si]1(C)C(=C2c3ccccc3-c3ccc(Br)cc32)c2cccc3cc4ccccc4c1c23,1,c1ccc2c(c1)C(=C1[SiH2]c3c4ccccc4cc4cccc1c34)c1ccccc1-2,0.6093116,-1.7762,0.0187159,0.701,1.0,489.488,0.9314988,2.9497,1.0,1.0,1.0,1.0,1.0,1.0,1.0,1.0,400,-17.738623,0.2222864
31.3348,38.5302,-32.0115,0.1018542,O=[N+]([O-])C1=CC=CC(=[S+]c2ccccc2)C1=[N+]1C=CC=C1Nc1ccc(N([O-])[O-])cc1,1,C1=CC(=[S+]c2ccccc2)C(=[N+]2C=CC=C2Nc2ccccc2)C=C1,0.0139798,-9.4314,0.0138357,0.3676,0.999995,432.461,0.7599412,4.374,1.0,1.0,1.0,1.0,1.0,1.0,1.0,1.0,140,7.5965962,-19.764538
14.71,35.835,-1.2829,0.5398764,F[B-]1(F)c2c(-c3ccc[nH]3)c3ccc(Br)n3c2=C(c2ccncc2)c2ccc(Br)n21,1,[BH2-]1c2c(-c3ccc[nH]3)c3cccn3c2=C(c2ccncc2)c2cccn21,0.7235671,-0.9329,0.0293002,1.1995,1.0,528.971,0.8175243,4.0346,1.0,1.0,1.0,1.0,1.0,1.0,1.0,1.0,380,32.790665,-5.3806467
26.7223,26.9927,-26.9094,0.0013025,CC1=CC2C(=O)N1C1C(=O)NC(=O)C21,1,O=C1NC(=O)C2C1C1C=CN2C1=O,2.41e-05,-19.8154,0.0149242,0.4511,4.86e-05,192.174,0.6305938,4.9774,1.0,1.0,1.0,1.0,1.0,1.0,1.0,1.0,180,-19.874632,26.741724
30.3297,29.6268,-29.6268,0.0,CCc1cc2occ(C)c(=O)c2cc1C(Cl)Cl,1,O=c1ccoc2ccccc12,0.0,0.0,0.0,0.0,0.0,0.0,0.0,0.0,1.0,1.0,0.0,0.0,0.0,0.0,0.0,0.0,120,-9.823256,-10.935704
33.9797,45.7423,-22.9204,0.3565921,O=C1NC(=NN=C2c3ccccc3C(=NNc3ccccc3[N+](=O)[O-])c3ccccc32)C(=O)C1=Cc1cccc2ccccc12,1,O=C1NC(=NN=C2c3ccccc3C(=NNc3ccccc3)c3ccccc32)C(=O)C1=Cc1cccc2ccccc12,0.2887926,-3.9678,0.0142409,0.3994,1.0,590.599,0.916199,3.1628,1.0,1.0,1.0,1.0,1.0,1.0,1.0,1.0,180,-4.8623457,16.303946
28.5971,36.116,-17.8889,0.2847982,C1=CC(=[N+](c2ccccc2)c2ccccc2)N(c2ccccc2)C1=c1c(=[B-]2c3ccccc3-c3ccccc32)nc(-c2ccccc2)c2ccccc12,1,C1=CC(=[N+](c2ccccc2)c2ccccc2)N(c2ccccc2)C1=c1c(=[B-]2c3ccccc3-c3ccccc32)nc(-c2ccccc2)c2ccccc12,0.1657749,-5.1316,0.0155086,0.4934,0.9999894,675.644,0.8677045,3.6621,1.0,1.0,1.0,1.0,1.0,1.0,1.0,1.0,300,-14.166822,-4.4518056
34.7327,37.6542,-33.618,0.0630668,O=C1N(c2ccccc2F)CCN1c1ccc(Oc2ccccc2F)c2ccccc12,1,O=C1N(c2ccccc2)CCN1c1ccc(Oc2ccccc2)c2ccccc12,0.0028598,-12.0341,0.025312,1.0362,0.9999779,416.427,0.9655735,2.2422,1.0,1.0,1.0,1.0,1.0,1.0,1.0,1.0,200,-21.86495,-7.7779293
23.7239,31.2402,-2.6544,0.4466534,c1ccc2cc3c(cc2c1)c(-c1c2ccccc2cc2ccccc12)cc1c3ccc2ccc3ccccc3c21,1,c1ccc2cc3c(cc2c1)c(-c1c2ccccc2cc2ccccc12)cc1c3ccc2ccc3ccccc3c21,0.455986,-2.7875,0.0181924,0.6697,1.0,504.632,0.9645168,2.2729,1.0,1.0,1.0,1.0,1.0,1.0,1.0,1.0,320,-27.452274,-5.136738
36.4815,36.2298,-32.2259,0.0625611,Cc1cccc(NC(=S)Nc2cc3c(C)n(C)nc3n2-c2ccccc2)c1,1,S=C(Nc1ccccc1)Nc1cc2c[nH]nc2n1-c1ccccc1,0.003455,-11.7252,0.0132567,0.3206,0.999046,375.501,0.9530193,2.5588,1.0,1.0,1.0,1.0,1.0,1.0,1.0,1.0,120,-5.566562,-6.2705603
18.7392,22.3472,-9.9337,0.1939605,Brc1ccc(C2N=C(c3ccccc3)C(c3ccccc3)=C2c2ccccc2)cc1,1,c1ccc(C2=NC(c3ccccc3)C(c3ccccc3)=C2c2ccccc2)cc1,0.0527462,-7.2035,0.0216912,0.8645,0.999999,450.379,0.9464384,2.6937,1.0,1.0,1.0,1.0,1.0,1.0,1.0,1.0,160,6.464836,10.074351
19.0615,24.6611,-10.1288,0.2270667,Cc1ccccc1NN=c1c(=O)cc(-c2ccccc2)c1=O,1,O=c1cc(-c2ccccc2)c(=O)c1=NNc1ccccc1,0.1459566,-5.3772,0.0177088,0.6399,0.2908256,290.322,0.9646274,2.2697,1.0,1.0,1.0,1.0,1.0,1.0,1.0,1.0,120,-6.374342,-10.402117
13.6201,29.0468,7.8077,0.5758511,F[B-]1(F)C2=C(c3cccnc3)c3cccn3[B-](F)(F)C2=Cc2cccn21,1,[BH2-]1C2=C(c3cccnc3)c3cccn3[BH2-]C2=Cc2cccn21,0.8664442,0.5453,0.0341721,1.3719,0.9936793,354.912,0.7553437,4.3984,1.0,1.0,1.0,1.0,1.0,1.0,1.0,1.0,280,32.039364,-10.839805
23.9555,35.7455,-21.1729,0.2276963,O=C1C(c2ccccc2)=C[N+](=C2N=C(c3ccccc3)C=C(c3ccccc3)O[B-]2(F)F)c2ccccc21,1,O=C1C(c2ccccc2)=C[N+](=C2[BH2-]OC(c3ccccc3)=CC(c3ccccc3)=N2)c2ccccc21,0.0884942,-6.2982,0.0176392,0.6355,1.0,502.329,0.8906241,3.4508,1.0,1.0,1.0,1.0,1.0,1.0,1.0,1.0,260,10.639282,1.3158114
17.9259,34.2865,1.2969,0.5559897,O=c1c2c(c(-c3ccc(Cl)cc3)c3ccc(Br)n13)[B-](F)(F)n1cc(Br)cc1C=2c1ccccc1,1,O=c1c2c(c(-c3ccccc3)c3cccn13)[BH2-]n1cccc1C=2c1ccccc1,0.7632477,-0.5936,0.0262195,1.0754,1.0,601.461,0.8786282,3.5657,1.0,1.0,1.0,1.0,1.0,1.0,1.0,1.0,300,23.688358,-2.2421694
21.7752,31.0769,-5.4146,0.400974,COc1ccccc1NN=C1C(=C2C(=O)c3ccccc3C2=O)C=Cc2ccccc21,1,O=C1C(=C2C=Cc3ccccc3C2=NNc2ccccc2)C(=O)c2ccccc21,0.350727,-3.503,0.0180585,0.6615,0.9999447,406.441,0.953159,2.5558,1.0,1.0,1.0,1.0,1.0,1.0,1.0,1.0,220,-8.381634,7.5296235
64.9186,72.7223,-61.4891,0.1755186,CON(C)c1ccccc1C(=O)c1c2n(c3c4n(-c5ccccc5)nc(c1=O)C=CC(=O)C41c4ccccc4C31)C(=O)c1ccccc1-2,1,O=C(c1ccccc1)c1c2n(c3c4n(-c5ccccc5)nc(c1=O)C=CC(=O)C41c4ccccc4C31)C(=O)c1ccccc1-2,0.089536,-6.2772,0.0141929,0.3957,0.9999998,630.66,0.4053599,5.8744,1.0,1.0,1.0,1.0,1.0,1.0,1.0,1.0,80,-6.777466,17.923162
38.2286,39.4799,-32.3931,0.1107307,O=[N+]([O-])CC1c2ccccc2CCc2c1c1ccccc1n1c(C(F)(F)F)cc(-c3ccccc3)c21,1,c1ccc(-c2ccn3c2c2c(c4ccccc43)Cc3ccccc3CC2)cc1,0.014375,-9.3854,0.0169138,0.5891,0.9999999,486.493,0.8910369,3.4466,1.0,1.0,1.0,1.0,1.0,1.0,1.0,1.0,60,1.1387757,-6.657091
22.7215,33.934,-1.569,0.5057026,Cl[B-]12C(=C(c3ccccc3)C(c3ccccc3)=C1c1ccccc1)C(=C1C=CC(c3ccccc3)=[N+]1c1ccccc1)C(c1ccccc1)=C2c1ccccc1,1,C1=CC(c2ccccc2)=[N+](c2ccccc2)C1=C1C2=C(c3ccccc3)C(c3ccccc3)=C(c3ccccc3)[BH-]2C(c2ccccc2)=C1c1ccccc1,0.6439528,-1.535,0.0220573,0.8831,0.9976825,734.151,0.8600572,3.7257,1.0,1.0,1.0,1.0,1.0,1.0,1.0,1.0,220,9.816335,11.316551
25.0097,31.4024,-12.4842,0.2955965,COC(=O)c1cc(C2=C(c3ccccc3)C(=O)N(C)C2=O)cc(-c2ccccc2)n1,1,O=C1NC(=O)C(c2ccnc(-c3ccccc3)c2)=C1c1ccccc1,0.1521701,-5.2974,0.0214784,0.8536,0.9998843,398.418,0.9627404,2.3224,1.0,1.0,1.0,1.0,1.0,1.0,1.0,1.0,200,6.1241736,4.7603436
62.9305,65.6828,-43.6874,0.343679,Cn1c(-c2cc(-n3c4ccccc4c4ccccc43)nc3cc4ccccc4cc23)c2c3c1=CC=3C=CC(c1ccccc1-c1ccccc1-c1nnnn1-c1ccccc1)=C2,1,C1=CC2=c3c(c(-c4cc(-n5c6ccccc6c6ccccc65)nc5cc6ccccc6cc45)[nH]c3=C2)C=C1c1ccccc1-c1ccccc1-c1nnnn1-c1ccccc1,0.321122,-3.7192,0.0173437,0.6168,0.6361511,793.934,0.8567247,3.7525,1.0,1.0,1.0,1.0,1.0,1.0,1.0,1.0,80,-22.870586,-15.260454
19.0756,29.3417,-11.0913,0.2851622,O=[N+]([O-])c1ccc(C2=CC=C(c3ccccc3)C2=C2C(c3ccccc3)=C(c3ccccc3)c3ccccc32)cc1,1,C1=C(c2ccccc2)C(=C2C(c3ccccc3)=C(c3ccccc3)c3ccccc32)C(c2ccccc2)=C1,0.1504533,-5.3192,0.0170221,0.5962,1.0,527.623,0.9523047,2.5743,1.0,1.0,1.0,1.0,1.0,1.0,1.0,1.0,240,2.6810775,12.147421
23.4594,47.7131,-14.4789,0.5192844,Cc1c2cc3c(cccn13)C(=O)C1=C(c3ccncc3)c3cccn3[B-](F)(F)C1=C2c1ccncc1,1,O=C1C2=C(c3ccncc3)c3cccn3[BH2-]C2=C(c2ccncc2)c2cc3c1cccn3c2,0.7218046,-0.9472,0.0255724,1.0476,0.9999999,475.287,0.7616985,4.3645,1.0,1.0,1.0,1.0,1.0,1.0,1.0,1.0,400,32.365597,-9.407191
27.0742,31.0265,-28.9751,0.032054,Fc1c(F)c(F)c([B-]2(c3c(F)c(F)c(F)c(F)c3F)CC3=CC=CC3(c3ccccc3)[P+]2(c2ccccc2)c2ccccc2)c(F)c1F,1,C1=CC2(c3ccccc3)C(=C1)C[B-](c1ccccc1)(c1ccccc1)[P+]2(c1ccccc1)c1ccccc1,0.0006239,-14.5174,0.0260675,1.0689,0.9999764,684.322,0.7401958,4.4769,1.0,1.0,1.0,1.0,1.0,1.0,1.0,1.0,200,19.31628,16.525648
24.9158,24.1449,-23.8795,0.0041459,O=C1NC(=O)C(O)(Cc2ccccc2)C(=O)N1c1ccccc1,1,O=C1NC(=O)N(c2ccccc2)C(=O)C1Cc1ccccc1,4.4e-06,-22.5933,0.0106575,0.0808,0.7210132,310.309,0.9505493,2.6114,1.0,1.0,1.0,1.0,1.0,1.0,1.0,1.0,80,-12.3762665,20.919512
19.8402,40.5538,-5.5788,0.5464845,Fc1cc2c(c(Br)c1F)=C(c1ccc(Cl)cc1)c1ccc(Br)n1[B-](F)(F)[N+]=2c1ccc(Cl)cc1,1,[BH2-]1n2cccc2C(c2ccccc2)=c2ccccc2=[N+]1c1ccccc1,0.7290265,-0.8882,0.0273171,1.1212,0.9999998,632.873,0.8666965,3.6707,1.0,1.0,1.0,1.0,1.0,1.0,1.0,1.0,300,28.22086,0.8037039
41.5952,40.6131,-33.242,0.1151737,Cc1ccc(S(=O)(=O)n2cc(C=C3c4ccccc4CCc4[nH]c(C)c(-c5ccccc5)c43)c3ccccc32)cc1,1,O=S(=O)(c1ccccc1)n1cc(C=C2c3ccccc3CCc3[nH]cc(-c4ccccc4)c32)c2ccccc21,0.0141984,-9.4058,0.0211924,0.8387,1.0,554.715,0.9420724,2.7748,1.0,1.0,1.0,1.0,1.0,1.0,1.0,1.0,240,-10.575334,-4.1412115
36.3668,39.6145,-20.1007,0.3049026,O=C1c2c(c(=O)c3c4ccccc4ccc3c3c2ccc2ccccc23)-c2ccccc2C12c1ccccc1-c1ccccc12,1,O=C1c2c(c(=O)c3c4ccccc4ccc3c3c2ccc2ccccc23)-c2ccccc2C12c1ccccc1-c1ccccc12,0.187893,-4.8839,0.0156783,0.5054,1.0,572.663,0.9194518,3.1207,1.0,1.0,1.0,1.0,1.0,1.0,1.0,1.0,240,-25.284403,-0.7663843
9.2058,24.9515,-24.9515,0.0,F[B-]1(F)n2cccc2C(c2ccc(-c3ccccc3)cc2)=C2C=CC(Br)=[N+]21,1,[BH2-]1n2cccc2C(c2ccc(-c3ccccc3)cc2)=C2C=CC=[N+]12,0.847949,0.2989,0.0345585,1.3846,0.9999881,423.069,0.8975725,3.379,1.0,1.0,1.0,1.0,1.0,1.0,1.0,1.0,300,22.556126,-10.337438
19.765,19.9621,-18.8974,0.016636,O=S1(=O)Nc2ccccc2C=Cc2ccccc21,1,O=S1(=O)Nc2ccccc2C=Cc2ccccc21,0.0006306,-14.4999,0.0225913,0.9097,0.0192364,257.314,0.9500371,2.622,1.0,1.0,1.0,1.0,1.0,1.0,1.0,1.0,60,-15.435842,11.105835
24.8137,24.8378,-23.7683,0.0167117,COc1ccc(CN2CCc3c2sc2ccccc32)cc1,1,c1ccc(CN2CCc3c2sc2ccccc32)cc1,0.0001614,-16.7198,0.0202133,0.7863,0.395792,295.407,0.9657717,2.2364,1.0,1.0,1.0,1.0,1.0,1.0,1.0,1.0,40,-19.162848,-16.164299
24.0961,41.2359,-3.9836,0.5820671,Fc1cc(C2=c3cc(Cl)c(Cl)c(Cl)c3=C(Cl)c3c(Cl)c(Cl)c(Cl)n3[B-]2(F)F)ccc1Br,1,[BH2-]1C(c2ccccc2)=c2ccccc2=Cc2cccn21,0.8305992,0.0893,0.0332919,1.3426,0.9999998,630.118,0.8322746,3.9347,1.0,1.0,1.0,1.0,1.0,1.0,1.0,1.0,340,25.359428,4.613575
23.7098,42.0788,-6.1791,0.5609323,COc1ccc(C2=C3C(=CC(c4ccco4)=C3c3cccnc3)[B-](F)(F)n3ccc(C)c32)cc1,1,[BH2-]1C2=CC(c3ccco3)=C(c3cccnc3)C2=C(c2ccccc2)c2cccn21,0.7667352,-0.562,0.027944,1.1465,0.9999993,453.277,0.8766986,3.5833,1.0,1.0,1.0,1.0,1.0,1.0,1.0,1.0,360,12.36398,-12.327862
20.8146,24.1335,-23.6688,0.007261,COc1ccc2cc1CSCc1cccc(c1)CSCc1cccc(c1)SC2,1,c1cc2cc(c1)CSCc1cccc(c1)SCc1cccc(c1)CSC2,2.26e-05,-19.9213,0.010822,0.0976,0.9999897,424.656,0.5847614,5.1655,1.0,1.0,1.0,1.0,1.0,1.0,1.0,1.0,120,-9.873769,-8.358617
27.3417,42.003,-7.5622,0.5381378,F[B-]1(F)c2ccc(Cl)cc2C(=C2C=C(Cl)N(c3ccc(Cl)cc3)C(c3c4ccccc4cc4ccccc34)=C2)c2cccn21,1,[BH2-]1c2ccccc2C(=C2C=CN(c3ccccc3)C(c3c4ccccc4cc4ccccc34)=C2)c2cccn21,0.7245042,-0.9253,0.0245238,1.0009,0.9999997,636.745,0.8670818,3.6674,1.0,1.0,1.0,1.0,1.0,1.0,1.0,1.0,340,18.181534,0.90842366
22.9649,24.7679,4.6221,0.4592178,O=C1c2ccccc2C2=C3C=CC=[N+]3[B-](F)(F)n3ccc1c32,1,O=C1c2ccccc2C2=C3C=CC=[N+]3[BH2-]n3ccc1c32,0.7706156,-0.5265,0.0256454,1.0507,0.3667313,294.069,0.8502761,3.8029,1.0,1.0,1.0,1.0,1.0,1.0,1.0,1.0,180,23.37326,-19.886168
43.4048,41.4973,-41.4973,0.0,CC(=O)CC1=CN(S(=O)(=O)c2ccc(C)cc2)N(Cc2ccccc2)C(=O)N1OCc1ccccc1,1,O=C1N(OCc2ccccc2)C=CN(S(=O)(=O)c2ccccc2)N1Cc1ccccc1,0.0,0.0,0.0,0.0,0.0,0.0,0.0,0.0,1.0,1.0,0.0,0.0,0.0,0.0,0.0,0.0,60,-9.951725,-2.6915705
35.6816,45.0425,-13.8221,0.4878192,C[N+]1=[P-](=O)(C2=[N+]([O-])c3ccccc3C2=O)C(c2ccccc2)=NC(=Cc2ccc(Br)cc2)C1=O,1,O=C1[NH+]=[P-](=O)(C2=[NH+]c3ccccc3C2=O)C(c2ccccc2)=NC1=Cc1ccccc1,0.5769722,-1.9946,0.0275113,1.1291,1.0,534.306,0.8052822,4.1128,1.0,1.0,1.0,1.0,1.0,1.0,1.0,1.0,300,-9.162643,0.41677696
29.437,36.2696,-33.2508,0.0471691,COc1ccc2cc1-c1ccccc1[Si](F)(F)c1ccc(-c3ccccc3)cc1-2,1,c1ccc(-c2ccc3c(c2)-c2cccc(c2)-c2ccccc2[SiH2]3)cc1,0.0016963,-12.8866,0.0150337,0.4591,0.9999045,400.5,0.8993134,3.3604,1.0,1.0,1.0,1.0,1.0,1.0,1.0,1.0,320,7.954945,2.3651783
14.3523,27.1674,8.3426,0.554845,COc1ccc(C2=C3[S+]=CC=C3[B-](F)(F)n3c(Cl)ccc32)cc1,1,[BH2-]1C2=CC=[S+]C2=C(c2ccccc2)c2cccn21,0.7656102,-0.5722,0.031243,1.2713,0.9897294,349.598,0.8153526,4.0487,1.0,1.0,1.0,1.0,1.0,1.0,1.0,1.0,340,13.682737,-7.575199
18.5752,41.3459,-2.6547,0.6045511,F[B-]1(F)n2cc(Cl)cc2C(c2cc[nH]c2)=C2C=CC(c3ccc(Br)cc3)=[N+]21,1,[BH2-]1n2cccc2C(c2cc[nH]c2)=C2C=CC(c3ccccc3)=[N+]12,0.8619692,0.4832,0.0409857,1.577,0.9999986,446.491,0.8270607,3.9708,1.0,1.0,1.0,1.0,1.0,1.0,1.0,1.0,360,32.913395,0.20159647
28.7883,30.0575,-28.2005,0.0290155,c1ccc2c(c1)-c1ccccc1C2c1csc2ccc3sccc3c12,1,c1ccc2c(c1)-c1ccccc1C2c1csc2ccc3sccc3c12,0.0005154,-14.8287,0.011383,0.1531,0.9934358,354.499,0.9552603,2.5088,1.0,1.0,1.0,1.0,1.0,1.0,1.0,1.0,100,-24.095331,10.500685
29.382,39.7317,-21.7586,0.2808299,c1ccc(C2=[NH+]C(=c3ccc(=[b-]4oc5ccccc5cc4-c4ccccc4)cc3)[n+]3ccccc32)cc1,1,c1ccc(C2=[NH+]C(=c3ccc(=[b-]4oc5ccccc5cc4-c4ccccc4)cc3)[n+]3ccccc32)cc1,0.1476444,-5.3553,0.022721,0.916,0.9999999,475.38,0.8266266,3.9738,1.0,1.0,1.0,1.0,1.0,1.0,1.0,1.0,120,8.361471,1.3117054
14.3674,27.4751,5.5469,0.5159697,F[B-]1(F)[O+]=c2cc(Br)c(Br)cc2=C(c2ccncc2)c2cccn21,1,[BH2-]1[O+]=c2ccccc2=C(c2ccncc2)c2cccn21,0.6447953,-1.529,0.0283141,1.1612,0.9999993,453.877,0.8291073,3.9568,1.0,1.0,1.0,1.0,1.0,1.0,1.0,1.0,320,34.455128,-6.0641556
9.4898,27.4387,-27.4387,0.0,F[B-]1(F)n2cccc2C(c2ccccc2)=C2C(c3ccccc3)=C(c3ccccc3)C(Cl)=[N+]21,1,[BH2-]1n2cccc2C(c2ccccc2)=C2C(c3ccccc3)=C(c3ccccc3)C=[N+]12,0.8006494,-0.2357,0.0336956,1.3561,0.9999993,454.716,0.9117807,3.2178,1.0,1.0,1.0,1.0,1.0,1.0,1.0,1.0,280,18.030703,-6.8194833
7.7194,21.5815,-21.5815,0.0,F[B-]1(F)n2cccc2C(c2ccc(Cl)cc2)=C2C=CC(Cl)=[N+]21,1,[BH2-]1n2cccc2C(c2ccccc2)=C2C=CC=[N+]12,0.8525051,0.3572,0.0422984,1.6127,0.9678481,336.965,0.8588086,3.7358,1.0,1.0,1.0,1.0,1.0,1.0,1.0,1.0,260,23.994463,-9.622583
39.6297,51.525,-20.4755,0.4851486,Brc1ccc(C(c2ccccc2)c2c(-c3c4ccccc4cc4ccccc34)ccc3ccccc23)c(Sc2c3ccccc3cc3ccccc23)c1,1,c1ccc(C(c2ccccc2Sc2c3ccccc3cc3ccccc23)c2c(-c3c4ccccc4cc4ccccc34)ccc3ccccc23)cc1,0.6052271,-1.8041,0.0177446,0.6421,0.9799079,757.796,0.8965094,3.3903,1.0,1.0,1.0,1.0,1.0,1.0,1.0,1.0,260,-28.250933,-4.8724294
30.7435,33.379,-33.379,0.0,C=CCn1nnc2c3c(ccc4cc5ccccc5cc43)ccc21,1,c1ccc2cc3c(ccc4ccc5[nH]nnc5c43)cc2c1,0.0,0.0,0.0,0.0,0.0,0.0,0.0,0.0,1.0,1.0,0.0,0.0,0.0,0.0,0.0,0.0,180,-26.4077,1.0088264
25.4678,35.0111,-3.0607,0.4992248,O=C1C(=NNc2ccccc2)c2ccccc2N1C=C1C=C(Cl)[S+]=C1Cl,1,O=C1C(=NNc2ccccc2)c2ccccc2N1C=C1C=C[S+]=C1,0.5964205,-1.8639,0.0228158,0.9206,0.9999112,401.298,0.8971964,3.383,1.0,1.0,1.0,1.0,1.0,1.0,1.0,1.0,220,-6.8816967,0.27740404
24.3303,38.3646,-0.5032,0.5915847,Cc1cc(C)n2c1C(c1ccncc1)=C1C(=C(c3[nH]nc(C)c3C)c3cccn3[B-]1(F)F)[B-]2(F)F,1,[BH2-]1C2=C(c3ccn[nH]3)c3cccn3[BH2-]C2=C(c2ccncc2)c2cccn21,0.8715615,0.6185,0.0388427,1.5163,0.9999999,477.083,0.7754338,4.289,1.0,1.0,1.0,1.0,1.0,1.0,1.0,1.0,340,34.146587,-10.870151
19.3056,23.8152,-17.7041,0.095486,S=C1NCc2ccccc2-c2cc3ccccc3cc21,1,S=C1NCc2ccccc2-c2cc3ccccc3cc21,0.0293693,-8.1969,0.0140095,0.3814,0.093812,275.376,0.9629721,2.3161,1.0,1.0,1.0,1.0,1.0,1.0,1.0,1.0,200,-28.265991,3.759588
27.8605,28.3799,-27.3279,0.0164374,O=C1C(c2ccc(F)cc2)NC(=S)N1Cc1ccc(Cl)cc1,1,O=C1C(c2ccccc2)NC(=S)N1Cc1ccccc1,0.0001253,-17.132,0.0109414,0.1096,0.9610398,334.803,0.9537969,2.5417,1.0,1.0,1.0,1.0,1.0,1.0,1.0,1.0,60,1.3238176,-20.28118
32.0287,39.7619,-18.9015,0.325943,c1ccc(-c2c3c(nc4nc5cccn5c(-c5ccccc5)c24)-c2ccccc2-3)cc1,1,c1ccc(-c2c3c(nc4nc5cccn5c(-c5ccccc5)c24)-c2ccccc2-3)cc1,0.2078034,-4.6794,0.0178058,0.6459,0.9998482,395.465,0.9555069,2.5031,1.0,1.0,1.0,1.0,1.0,1.0,1.0,1.0,120,10.310947,4.7758937
29.2997,34.4281,-25.9333,0.1327313,COc1c(C)cc2c(-c3ccc([N+](=O)[O-])cc3)c(-c3ccccc3)ncc2c1OC,1,c1ccc(-c2ncc3ccccc3c2-c2ccccc2)cc1,0.0224633,-8.645,0.0145814,0.4254,0.9999039,400.434,0.9625037,2.3288,1.0,1.0,1.0,1.0,1.0,1.0,1.0,1.0,380,-12.146873,-12.364123
22.6366,40.234,-10.7298,0.4610032,F[B-]1(F)C2=C(Cl)c3ccccc3C2=Cc2c(-c3ccccn3)c3ccccc3n21,1,[BH2-]1C2=Cc3ccccc3C2=Cc2c(-c3ccccn3)c3ccccc3n21,0.4589536,-2.768,0.0275078,1.1289,0.999914,401.632,0.8998373,3.3547,1.0,1.0,1.0,1.0,1.0,1.0,1.0,1.0,320,11.37861,-15.373225
24.5545,25.0712,-23.0606,0.0314163,CN1C(=O)N(Cc2ccccc2)C(c2cccc3ccccc23)c2ccccc21,1,O=C1Nc2ccccc2C(c2cccc3ccccc23)N1Cc1ccccc1,0.0004936,-14.899,0.0252483,1.0333,0.9992744,378.475,0.9517543,2.5861,1.0,1.0,1.0,1.0,1.0,1.0,1.0,1.0,40,-23.486067,5.5141873
28.4683,30.6734,-10.9957,0.3074641,C[O+]=C1C=CC(=C2C=C(OC3=C([O-])c4ccccc4C3=O)c3ccccc3C2=O)C=C1,1,O=C1C(OC2=CC(=C3C=CC(=[O+])C=C3)C(=O)c3ccccc32)=Cc2ccccc21,0.1967165,-4.7914,0.0163834,0.5539,0.9999539,408.409,0.8749412,3.5991,1.0,1.0,1.0,1.0,1.0,1.0,1.0,1.0,120,-8.401238,8.558814
18.6927,19.5723,-4.7773,0.2311718,O=C1C(=Cc2ccc(Br)cc2)[S+]=C([O-])N1Cc1ccccc1,1,O=C1C(=Cc2ccccc2)[S+]=CN1Cc1ccccc1,0.0691578,-6.7339,0.0399804,1.5489,0.9989305,374.259,0.930532,2.9644,1.0,1.0,1.0,1.0,1.0,1.0,1.0,1.0,360,-4.371843,-12.611681
17.5485,17.0819,-17.0819,0.0,O=C(O)CC(F)(F)F,1,,0.0,0.0,0.0,0.0,0.0,0.0,0.0,0.0,1.0,1.0,0.0,0.0,0.0,0.0,0.0,0.0,20,-7.1090713,30.716206
21.9504,22.6685,-21.793,0.0136801,COC(=O)C1=C(C)NC2(C(=O)Nc3ccccc32)C1c1ccccc1,1,O=C1Nc2ccccc2C12NC=CC2c1ccccc1,7.69e-05,-17.9275,0.0148376,0.4446,0.9595367,334.375,0.8700758,3.6418,1.0,1.0,1.0,1.0,1.0,1.0,1.0,1.0,40,-15.212558,19.241905
7.6805,27.4309,-27.4309,0.0,F[B-]1(F)n2c(Cl)ccc2C(c2ccc[nH]2)=C2c3ccccc3C(Cl)=[N+]21,1,[BH2-]1n2cccc2C(c2ccc[nH]2)=C2c3ccccc3C=[N+]12,0.8353454,0.1448,0.043527,1.6452,0.999089,376.002,0.8525682,3.7852,1.0,1.0,1.0,1.0,1.0,1.0,1.0,1.0,340,14.438303,-2.9828777
24.4887,42.8723,-15.7471,0.4238307,F[B-]1(F)C(c2ccccc2)=C(c2cccs2)c2c1c(-c1cccs1)c1cccn1c2-c1ccccn1,1,[BH2-]1C(c2ccccc2)=C(c2cccs2)c2c1c(-c1cccs1)c1cccn1c2-c1ccccn1,0.3980246,-3.1738,0.0218,0.8701,1.0,507.419,0.90047,3.3478,1.0,1.0,1.0,1.0,1.0,1.0,1.0,1.0,400,23.430555,8.589355
20.4526,26.319,4.2578,0.4777625,COc1ccc2c(c1)-c1ccccc1C2=C1c2ccccc2-c2cccc(-c3ccccc3)c21,1,c1ccc(-c2cccc3c2C(=C2c4ccccc4-c4ccccc42)c2ccccc2-3)cc1,0.5778047,-1.989,0.0147017,0.4345,0.9999958,434.538,0.9641371,2.2836,1.0,1.0,1.0,1.0,1.0,1.0,1.0,1.0,200,-2.4316437,11.758033
38.3676,39.0819,-35.5837,0.0546594,CC1=N[N-]C2=[S+]CC(=O)NC(c3ccccc3)=Nc3ccccc3CC2=C1,1,O=C1C[S+]=C2[N-]N=CC=C2Cc2ccccc2N=C(c2ccccc2)N1,0.0025399,-12.2278,0.0197067,0.7581,0.998951,374.469,0.7770833,4.2798,1.0,1.0,1.0,1.0,1.0,1.0,1.0,1.0,120,-3.1832123,4.5314226
10.7849,34.0126,4.9329,0.6085232,F[B-]1(F)n2cc(Cl)cc2C(c2ccncc2)=C2C=CC(c3ccc(Br)cc3)=[N+]21,1,[BH2-]1n2cccc2C(c2ccncc2)=C2C=CC(c3ccccc3)=[N+]12,0.85427,0.3802,0.0392438,1.5279,0.9999995,458.502,0.8700269,3.6422,1.0,1.0,1.0,1.0,1.0,1.0,1.0,1.0,360,32.946636,0.14150608
24.9701,31.4461,2.7736,0.5346829,Fc1ccc(-n2ncc3cc(-c4c5ccccc5cc5ccccc45)ccc32)cc1,1,c1ccc(-n2ncc3cc(-c4c5ccccc5cc5ccccc45)ccc32)cc1,0.635064,-1.5977,0.0270142,1.1087,0.9997102,388.445,0.9693795,2.1239,1.0,1.0,1.0,1.0,1.0,1.0,1.0,1.0,280,-25.6248,-5.855805
22.6635,26.4175,-11.9771,0.2256309,O=C1C(=CNC(=O)c2ccccc2)CCCC1=Cc1cccs1,1,O=C1C(=CNC(=O)c2ccccc2)CCCC1=Cc1cccs1,0.0873942,-6.3205,0.0169386,0.5907,0.8963011,323.417,0.9533756,2.551,1.0,1.0,1.0,1.0,1.0,1.0,1.0,1.0,140,-5.4862947,23.31012
22.9277,30.4345,-0.5696,0.4666382,O=C1C(=C2N=C(c3ccccc3)Sc3ccccc32)c2ccccc2-c2ccccc21,1,O=C1C(=C2N=C(c3ccccc3)Sc3ccccc32)c2ccccc2-c2ccccc21,0.4966313,-2.5219,0.020235,0.7875,0.999976,415.517,0.9557739,2.497,1.0,1.0,1.0,1.0,1.0,1.0,1.0,1.0,240,-3.967785,10.940092
21.0221,30.7922,-1.36,0.4598775,CC1=NN(c2ccccc2)C(=O)C1=C1C(=O)C2=C(C(=O)CC2)N1c1ccccc1,1,O=C1CCC2=C1N(c1ccccc1)C(=C1C=NN(c3ccccc3)C1=O)C2=O,0.4792114,-2.6355,0.0211511,0.8365,0.9995392,383.407,0.937607,2.852,1.0,1.0,1.0,1.0,1.0,1.0,1.0,1.0,220,-3.7624152,2.605533
47.5586,50.5696,-28.4004,0.3463932,CC1=C2C(=[n+]3c4p(c5c1cccc53)OCC=4c1ccccc1)c1ccccc1C2(C)C,1,C1=C2Cc3ccccc3C2=[n+]2c3p(c4c1cccc42)OCC=3c1ccccc1,0.3206836,-3.7225,0.0221121,0.8859,0.9999848,420.472,0.6092996,5.0658,1.0,1.0,1.0,1.0,1.0,1.0,1.0,1.0,80,-4.7868414,8.654061
37.5688,38.0522,-38.0522,0.0,O=C(C=C1CCC2OOC3CCCC(C1)C32)c1ccc(Cl)cc1,1,O=C(C=C1CCC2OOC3CCCC(C1)C32)c1ccccc1,0.0,0.0,0.0,0.0,0.0,0.0,0.0,0.0,1.0,1.0,0.0,0.0,0.0,0.0,0.0,0.0,20,-5.0527487,-27.24725
17.4428,35.2686,-3.8131,0.4914936,F[B-]1(F)n2c(Br)cc3cccc(c32)C2=C(c3ccccc3)c3ccccc3C2=[N+]1c1ccccc1,1,[BH2-]1n2ccc3cccc(c32)C2=C(c3ccccc3)c3ccccc3C2=[N+]1c1ccccc1,0.5622252,-2.0925,0.0238582,0.9703,1.0,523.189,0.9037969,3.311,1.0,1.0,1.0,1.0,1.0,1.0,1.0,1.0,240,13.736869,0.15247329
19.7847,28.2232,2.4776,0.4797,C1=CC2(c3ccccc3)C(=C2c2ccccc2)C(c2ccccc2)=C1,1,C1=CC2(c3ccccc3)C(=C2c2ccccc2)C(c2ccccc2)=C1,0.5634367,-2.0845,0.0231397,0.9363,0.845071,318.419,0.9315853,2.9483,1.0,1.0,1.0,1.0,1.0,1.0,1.0,1.0,240,4.551967,7.52351
31.4839,45.7549,-23.8216,0.3427091,COc1ccc2c(c1)-c1c(c3c(c4ccccc14)C(=C1C(=O)N(C)C(=O)N(C)C1=O)c1ccccc1-3)C2c1ccccc1,1,O=C1NC(=O)C(=C2c3ccccc3-c3c4c(c5ccccc5c32)-c2ccccc2C4c2ccccc2)C(=O)N1,0.2514843,-4.2763,0.0170317,0.5968,1.0,562.625,0.8955435,3.4004,1.0,1.0,1.0,1.0,1.0,1.0,1.0,1.0,180,-6.373439,7.261195
19.0414,24.8637,-21.2931,0.0557896,COc1ccc2c(c1)c1ccccc1c1c(-c3ccccc3)cccc21,1,c1ccc(-c2cccc3c4ccccc4c4ccccc4c23)cc1,0.0024945,-12.2572,0.014811,0.4427,0.9596902,334.418,0.9773096,1.8231,1.0,1.0,1.0,1.0,1.0,1.0,1.0,1.0,180,-12.764521,-8.681569
14.5909,25.6681,10.4415,0.5642121,F[B-]1(F)n2cccc2C(=C2C(c3ccccc3)=Nc3ccccc32)c2cccn21,1,[BH2-]1n2cccc2C(=C2C(c3ccccc3)=Nc3ccccc32)c2cccn21,0.8024686,-0.217,0.0243553,0.9933,0.9994851,382.202,0.8902268,3.4547,1.0,1.0,1.0,1.0,1.0,1.0,1.0,1.0,400,35.19437,-17.196238
38.4738,53.339,-34.5558,0.2934876,F[B-]1(F)C(=c2c(=C3C=CC(=[NH+]c4ccc(Cl)cc4)C=C3)c3cc(Br)ccc3c3ccccc23)c2ccsc2-c2cccn21,1,[BH2-]1C(=c2c(=C3C=CC(=[NH+]c4ccccc4)C=C3)c3ccccc3c3ccccc23)c2ccsc2-c2cccn21,0.1907697,-4.8534,0.0163269,0.5501,0.9999957,665.799,0.7820314,4.2516,1.0,1.0,1.0,1.0,1.0,1.0,1.0,1.0,240,27.284145,-6.904064
58.9236,62.4166,-48.4684,0.21794,COc1ccc2c(c1)OCC1=[S+]C(=C3C=CC(=c4ccc(=c5ccc(=C6[N-]C=CC6=S)cc5)cc4OC)C3=O)C=C12,1,O=C1C(=C2C=C3C(=[S+]2)COc2ccccc23)C=CC1=c1ccc(=c2ccc(=C3[N-]C=CC3=S)cc2)cc1,0.0960671,-6.1509,0.0166637,0.5727,1.0,573.695,0.7086903,4.6313,1.0,1.0,1.0,1.0,1.0,1.0,1.0,1.0,40,-8.402578,-7.557561
33.0077,35.6615,-26.9828,0.1356045,O=C(ON=C1c2ccccc2-c2ccccc21)Oc1ccccc1-c1cccc2cccc(N=C(c3ccccc3)c3ccccc3)c12,1,O=C(ON=C1c2ccccc2-c2ccccc21)Oc1ccccc1-c1cccc2cccc(N=C(c3ccccc3)c3ccccc3)c12,0.0249065,-8.4727,0.0133797,0.3307,0.9999999,620.708,0.9347989,2.898,1.0,1.0,1.0,1.0,1.0,1.0,1.0,1.0,40,-4.1954365,17.011702
27.1515,35.8296,-8.0659,0.4338089,CC1=C(c2ccccc2)C(c2ccc(C=C3C(c4ccccc4)=C(c4ccccc4)c4ccccc43)cc2)=C2C1=C(c1ccccc1)c1ccccc12,1,C1=C(c2ccccc2)C(c2ccc(C=C3C(c4ccccc4)=C(c4ccccc4)c4ccccc43)cc2)=C2C1=C(c1ccccc1)c1ccccc12,0.441303,-2.8841,0.0167075,0.5756,0.9999918,672.871,0.9457239,2.7074,1.0,1.0,1.0,1.0,1.0,1.0,1.0,1.0,160,3.9367707,13.596559
46.6708,46.8013,-46.8013,0.0,COc1cccc(CC(NC(=O)OCc2ccccc2)C(=O)NC(Cc2cccnc2)c2ccc(O)cc2O)c1,1,O=C(NC(Cc1ccccc1)C(=O)NC(Cc1cccnc1)c1ccccc1)OCc1ccccc1,0.0,0.0,0.0,0.0,0.0,0.0,0.0,0.0,1.0,1.0,0.0,0.0,0.0,0.0,0.0,0.0,40,-14.4687,25.279915
13.8004,33.871,-1.6428,0.503566,F[B-]1(F)C2C=C(Br)C(Cl)=CC2=C(c2ccc(Br)s2)c2ccc(Br)n21,1,[BH2-]1C2C=CC=CC2=C(c2cccs2)c2cccn21,0.7144664,-1.0063,0.0265739,1.0904,1.0,557.268,0.6867961,4.7327,1.0,1.0,1.0,1.0,1.0,1.0,1.0,1.0,380,34.525684,1.9956986
18.8951,17.9135,-17.1753,0.0115343,N#Cc1ccc(S(=O)(=O)c2ccc(C#N)c(C#N)c2)cc1,1,O=S(=O)(c1ccccc1)c1ccccc1,7.74e-05,-17.917,0.0124972,0.2557,0.3505899,293.307,0.9628628,2.3191,1.0,1.0,1.0,1.0,1.0,1.0,1.0,1.0,80,-10.129018,-20.17974
19.0652,35.0921,-2.8966,0.5030552,F[B-]1(F)c2c(Br)c3ccccc3c(=C3C(Br)=Cc4ccccc43)c2=C(c2ccccc2)c2cccn21,1,[BH2-]1c2cc3ccccc3c(=C3C=Cc4ccccc43)c2=C(c2ccccc2)c2cccn21,0.6372005,-1.5827,0.0208412,0.8202,1.0,600.089,0.8753935,3.595,1.0,1.0,1.0,1.0,1.0,1.0,1.0,1.0,240,16.48832,-12.705601
20.7236,29.6226,-2.6514,0.4214256,O=C1C=C(c2c3ccccc3cc3c(F)cccc23)C(=O)c2ccccc21,1,O=C1C=C(c2c3ccccc3cc3ccccc23)C(=O)c2ccccc21,0.3963462,-3.1852,0.0180662,0.662,0.9920208,352.364,0.9625488,2.3276,1.0,1.0,1.0,1.0,1.0,1.0,1.0,1.0,300,-15.599122,4.359984
29.191,49.0536,-22.1525,0.4203301,F[B-]1(F)C(Cl)=c2c(cc(-c3ccc(Cl)cc3)[n+]3c(Cl)c(Cl)c(Cl)c(Cl)c23)=C(c2ccc(Cl)cc2)c2c(Cl)c(Cl)c(Br)n21,1,[BH2-]1C=c2c(cc(-c3ccccc3)[n+]3ccccc23)=C(c2ccccc2)c2cccn21,0.6494579,-1.4957,0.033047,1.3343,0.3005307,809.172,0.8075069,4.0989,1.0,1.0,1.0,1.0,1.0,1.0,1.0,1.0,260,27.30395,1.6783721
21.438,26.8014,-11.6592,0.2365974,CC1=C(c2ccc(C)cc2)C(=NNc2ccccc2)N=N1,1,C1=C(c2ccccc2)C(=NNc2ccccc2)N=N1,0.2678098,-4.138,0.0169748,0.5931,0.1016621,276.343,0.9590492,2.4184,1.0,1.0,1.0,1.0,1.0,1.0,1.0,1.0,280,-5.5954895,-6.704026
9.8703,25.7753,12.4902,0.5978981,Fc1ccc(C2=C3C(=C(c4ccc(F)cc4)c4cccn4[B-]3(F)F)[B-](F)(F)n3cccc32)cc1,1,[BH2-]1C2=C(c3ccccc3)c3cccn3[BH2-]C2=C(c2ccccc2)c2cccn21,0.8670152,0.5533,0.0334859,1.3491,0.9999998,466.002,0.8580061,3.7423,1.0,1.0,1.0,1.0,1.0,1.0,1.0,1.0,300,33.053017,-12.852821
25.8148,26.0247,-23.3064,0.0424737,O=c1c2ccc(Cl)cc2ncn1-c1cccc2ccccc12,1,O=c1c2ccccc2ncn1-c1cccc2ccccc12,0.0014631,-13.1279,0.0159633,0.5253,0.6506468,306.752,0.9742891,1.9482,1.0,1.0,1.0,1.0,1.0,1.0,1.0,1.0,80,-20.182106,-2.8187263
40.7333,42.4245,-28.0118,0.225199,C[N+]1=c2ccccc2=CC1=CNC1=NC(=O)C(=O)C(N([O-])[O-])=C1,1,O=C1C=CC(NC=C2C=c3ccccc3=[NH+]2)=NC1=O,0.1060934,-5.971,0.0221872,0.8896,0.7385896,311.277,0.7423201,4.4661,1.0,1.0,1.0,1.0,1.0,1.0,1.0,1.0,60,-7.356701,-10.138718
28.2574,31.8401,-19.0701,0.1995321,F[B-]1(F)N2C3=CC=CC2=NC(c2ccccc2)=[N+]1C(c1ccccc1Cl)=N3,1,[BH2-]1N2C3=CC=CC2=NC(c2ccccc2)=[N+]1C(c1ccccc1)=N3,0.0743954,-6.6058,0.0155289,0.4948,0.999403,380.594,0.7598557,4.3744,1.0,1.0,1.0,1.0,1.0,1.0,1.0,1.0,80,9.931695,0.33158395
71.3547,74.0254,-74.0254,0.0,CC(C)=CCC1(C)CC(C)=CC2=C3C4(CC2)CCC2C(=C4CC(=O)C31C)C=CC1C2(C)C(=O)C(F)(F)C1(C)C,1,O=C1CC2=C3C=CC4CCC(=O)C4C3CCC23CCC2=C3C1CCC=C2,0.0,0.0,0.0,0.0,0.0,0.0,0.0,0.0,1.0,1.0,0.0,0.0,0.0,0.0,0.0,0.0,100,-23.340414,21.953323
24.7689,25.9606,-13.9011,0.1884301,Cc1ccc(C(=O)c2c3ccccc3cc3[nH]c4ccccc4c23)cc1,1,O=C(c1ccccc1)c1c2ccccc2cc2[nH]c3ccccc3c12,0.0537931,-7.1697,0.01595,0.5244,0.9630669,335.406,0.9699594,2.1046,1.0,1.0,1.0,1.0,1.0,1.0,1.0,1.0,80,-22.672646,-9.144758
26.1931,33.9901,-20.6948,0.20774,Cc1cc(C)c2c(C)cc3cc(-c4ccccc4)cc-3cc2c1C,1,c1ccc(-c2cc3ccc4ccccc4cc-3c2)cc1,0.0779833,-6.5228,0.0163819,0.5538,0.723434,310.44,0.9701277,2.099,1.0,1.0,1.0,1.0,1.0,1.0,1.0,1.0,320,13.515741,15.1765375
17.2605,36.6141,-3.058,0.5243134,F[B-]1(F)[NH+]=c2cc(Br)ccc2=C(c2ccc(Cl)nc2)c2ccc(Br)n21,1,[BH2-]1[NH+]=c2ccccc2=C(c2cccnc2)c2cccn21,0.6535742,-1.4662,0.0321569,1.3037,0.9999999,487.338,0.8163146,4.0425,1.0,1.0,1.0,1.0,1.0,1.0,1.0,1.0,340,30.336355,0.73755294
37.9352,42.6778,-21.8046,0.3261436,C1=CC2=C1C=C(c1ccccc1)C1C=C(c3ccccc3)C3(C=c4ccccc4=C23)c2ccccc21,1,C1=CC2=C1C=C(c1ccccc1)C1C=C(c3ccccc3)C3(C=c4ccccc4=C23)c2ccccc21,0.3397681,-3.5819,0.0181232,0.6654,0.9999995,456.588,0.5016701,5.4935,1.0,1.0,1.0,1.0,1.0,1.0,1.0,1.0,340,4.6126223,6.639631
33.8638,45.873,-25.6566,0.3158807,CC1CNC(=C2N=[N+]([O-])C(c3ccccc3)=C2C(=O)c2ccccc2)C1=Cc1ccccc1,1,O=C(C1=C(c2ccccc2)[NH+]=NC1=C1NCCC1=Cc1ccccc1)c1ccccc1,0.1910494,-4.8504,0.0221928,0.8899,0.9999954,433.511,0.8799393,3.5536,1.0,1.0,1.0,1.0,1.0,1.0,1.0,1.0,200,-7.396723,23.796463
21.1964,29.748,3.1519,0.5140604,C1=C(c2ccccc2)OC(c2c3ccccc3cc3ccccc23)C(c2ccccc2)=C1c1ccccc1,1,C1=C(c2ccccc2)OC(c2c3ccccc3cc3ccccc23)C(c2ccccc2)=C1c1ccccc1,0.5943486,-1.8779,0.0267569,1.098,0.9999999,486.614,0.9313621,2.9518,1.0,1.0,1.0,1.0,1.0,1.0,1.0,1.0,260,-25.120714,-9.253882
35.1669,35.3305,-35.3305,0.0,COC(=O)C(=O)CC1C=C2C(=O)CC3C(C)(C(=O)OC)CCCC3(C)C2CC1,1,O=C1CC2CCCCC2C2CCCC=C12,0.0,0.0,0.0,0.0,0.0,0.0,0.0,0.0,1.0,1.0,0.0,0.0,0.0,0.0,0.0,0.0,20,-22.637606,22.10191
35.0817,56.4314,-29.9902,0.4131448,Cc1ccc(C2=C3c4cccn4[B-](F)(F)[N+]3=C[B-](F)(F)n3cccc32)cc1[N+]1=NC(c2ccc(N3c4ccccc4Oc4ccccc43)cc2)=C1,1,[BH2-]1C=[N+]2[BH2-]n3cccc3C2=C(c2cccc([N+]3=NC(c4ccc(N5c6ccccc6Oc6ccccc65)cc4)=C3)c2)c2cccn21,0.4210356,-3.0187,0.0230242,0.9308,0.9999837,680.283,0.7527546,4.4121,1.0,1.0,1.0,1.0,1.0,1.0,1.0,1.0,360,20.40109,-12.498659
23.4315,23.9064,1.1615,0.3916849,CN(C)c1ccc(N=C2C(Nc3ccc(Cl)cc3)=Nc3ccccc32)cc1,1,c1ccc(N=C2C(Nc3ccccc3)=Nc3ccccc32)cc1,0.3339571,-3.6243,0.0172998,0.6141,0.9989895,374.875,0.9570631,2.4668,1.0,1.0,1.0,1.0,1.0,1.0,1.0,1.0,20,3.0918794,-1.9190431
13.9422,18.9479,-18.9479,0.0,c1ccc(C2=C(c3ccccc3)C(c3ccccc3)=C3C2=C(c2ccccc2)c2ccccc23)cc1,1,c1ccc(C2=C(c3ccccc3)C(c3ccccc3)=C3C2=C(c2ccccc2)c2ccccc23)cc1,0.0528884,-7.1989,0.0181637,0.6679,0.9999995,456.588,0.9774188,1.8183,1.0,1.0,1.0,1.0,1.0,1.0,1.0,1.0,120,4.5890465,13.122248
35.4689,40.4222,-24.8972,0.242578,N=c1c(=O)c(=O)c2c(=O)c3cc(Cl)ccc3n(-c3ccc(Cl)cc3)c12,1,N=c1c(=O)c(=O)c2c(=O)c3ccccc3n(-c3ccccc3)c12,0.1023228,-6.0368,0.0158817,0.5196,0.9985802,371.179,0.9485437,2.6524,1.0,1.0,1.0,1.0,1.0,1.0,1.0,1.0,180,2.9414268,-4.4483185
66.6227,86.2152,-63.648,0.3526132,Cn1c(=C2[NH+]=c3c(Cl)c(oc(=O)c3=C3C=CC=C3Cl)-c3ccccc32)ccc1=c1c2nc(=Cc3ccccc3Cl)c-2[n+]1[O-],1,O=c1oc2cc(c1=C1C=CC=C1)=[NH+]C(=c1ccc(=c3[nH+]c4c(=Cc5ccccc5)nc3-4)[nH]1)c1ccccc1-2,0.3573302,-3.4559,0.0206076,0.8077,0.9999999,624.891,0.5774091,5.195,1.0,1.0,1.0,1.0,1.0,1.0,1.0,1.0,180,6.25224,0.13385612
23.5784,29.5836,-29.5836,0.0,c1ccc(C2=C(c3ccccc3)C2=C2C(C(=C(c3ccccc3)c3ccccc3)c3ccccc3)=C(c3ccccc3)c3ccccc32)cc1,1,c1ccc(C2=C(c3ccccc3)C2=C2C(C(=C(c3ccccc3)c3ccccc3)c3ccccc3)=C(c3ccccc3)c3ccccc32)cc1,0.0,0.0,0.0,0.0,0.0,0.0,0.0,0.0,1.0,1.0,0.0,0.0,0.0,0.0,0.0,0.0,160,4.01687,14.116943
17.2463,32.4988,2.1071,0.5407164,CC1=C2C(c3ccc(Cl)cc3)=CC=C2[B-](F)(F)n2c(Cl)ccc21,1,[BH2-]1C2=CC=C(c3ccccc3)C2=Cc2cccn21,0.7192721,-0.9677,0.0268856,1.1034,0.9891502,348.996,0.8627268,3.7039,1.0,1.0,1.0,1.0,1.0,1.0,1.0,1.0,380,28.387386,2.207397
29.4162,35.0332,-15.7643,0.3010755,Cc1cccc(C2=[S+]c3cccc(F)c3C2=C2c3ccccc3Oc3ccccc32)c1,1,c1ccc(C2=[S+]c3ccccc3C2=C2c3ccccc3Oc3ccccc32)cc1,0.1554442,-5.2565,0.0255605,1.047,0.9999862,421.516,0.9280208,3.0017,1.0,1.0,1.0,1.0,1.0,1.0,1.0,1.0,320,5.4247403,-17.49736
15.1607,29.2934,4.6414,0.5302315,O=C1[N+]2=Cc3cccn3[B-](F)(F)C2=C(c2ccc[nH]2)c2cccn2[B-]1(F)F,1,O=C1[BH2-]n2cccc2C(c2ccc[nH]2)=C2[BH2-]n3cccc3C=[N+]12,0.7775035,-0.4623,0.0333235,1.3437,0.9987888,372.907,0.6668667,4.8218,1.0,1.0,1.0,1.0,1.0,1.0,1.0,1.0,360,31.390394,-14.388376
30.5655,45.233,-9.4835,0.5585855,FC1=C(c2ccccc2)C(F)(c2ccccc2)C2=C(c3ccccc3)c3c(Cl)ncn3[B-](F)(F)[N+]2=C1,1,[BH2-]1n2cncc2C(c2ccccc2)=C2C(c3ccccc3)C(c3ccccc3)=CC=[N+]12,0.7446306,-0.7571,0.0352454,1.4067,1.0,505.711,0.818524,4.028,1.0,1.0,1.0,1.0,1.0,1.0,1.0,1.0,260,17.143692,2.5439973
30.662,43.2684,-13.0035,0.4728896,Fc1c(F)c(F)c2c(c1F)C1=CC=CC=CC2=C1[Si](c1ccccc1)(c1ccccc1)c1c2ccccc2cc2ccccc12,1,C1=CC=C2C([Si](c3ccccc3)(c3ccccc3)c3c4ccccc4cc4ccccc34)=C(C=C1)c1ccccc12,0.6208879,-1.6966,0.0164271,0.5569,1.0,608.71,0.812018,4.0702,1.0,1.0,1.0,1.0,1.0,1.0,1.0,1.0,360,-28.328474,-8.4618845
30.0902,33.6585,-23.1496,0.1642016,O=C1c2cccc3c2c(cc2cc(Cl)ccc23)-c2cc(Cl)ccc2N1c1ccccc1Cl,1,O=C1c2cccc3c2c(cc2ccccc23)-c2ccccc2N1c1ccccc1,0.0369781,-7.8088,0.0167211,0.5765,0.9999999,474.774,0.9618598,2.3461,1.0,1.0,1.0,1.0,1.0,1.0,1.0,1.0,100,-3.500254,21.012537
18.0936,18.5601,-14.0439,0.0705652,COc1ccc(C=Nc2ccc(Cl)cc2)cc1OC,1,C(=Nc1ccccc1)c1ccccc1,0.0124137,-9.6275,0.0175103,0.6274,0.0966608,275.735,0.97681,1.8449,1.0,1.0,1.0,1.0,1.0,1.0,1.0,1.0,80,-2.806273,-15.176113
27.0524,30.6386,-29.2223,0.0221298,C1=C(c2ccccc2)Oc2ccccc2C2(c3ccccc3)C(=Cc3ccccc3)C12,1,C1=C(c2ccccc2)Oc2ccccc2C2(c3ccccc3)C(=Cc3ccccc3)C12,0.0002447,-16.0423,0.0156646,0.5044,0.9998853,398.505,0.9021528,3.3294,1.0,1.0,1.0,1.0,1.0,1.0,1.0,1.0,80,4.1528616,9.662968
11.5725,22.1476,16.759,0.6079156,CC1=[N+]2C(=C(c3ccccc3)c3cccn3[B-]2(F)F)C(c2ccccc2)=C1c1ccccc1,1,[BH2-]1n2cccc2C(c2ccccc2)=C2C(c3ccccc3)=C(c3ccccc3)C=[N+]12,0.8427826,0.2346,0.0358201,1.4249,0.9999958,434.298,0.9153835,3.1732,1.0,1.0,1.0,1.0,1.0,1.0,1.0,1.0,280,18.044678,-7.0698223
34.1497,41.4581,-17.9654,0.3670736,O=C1c2cc(Br)c(Br)cc2C(=NNc2ccc([N+](=O)[O-])cc2[N+](=O)[O-])c2cc(Br)c3cc(Br)ccc3c21,1,O=C1c2ccccc2C(=NNc2ccccc2)c2ccc3ccccc3c21,0.2929472,-3.935,0.0172519,0.611,0.9857736,753.983,0.924396,3.0535,1.0,1.0,1.0,1.0,1.0,1.0,1.0,1.0,260,-12.878577,-17.549349
26.0377,29.9353,-19.5289,0.1626005,CC1=NC(=C2[N-]C=Cc3ccccc32)[S+]=C1n1c(C)cc(C)c1C,1,C1=Cc2ccccc2C(=C2N=CC(n3cccc3)=[S+]2)[N-]1,0.0398249,-7.6832,0.0213055,0.8446,0.9561349,333.46,0.7884842,4.2142,1.0,1.0,1.0,1.0,1.0,1.0,1.0,1.0,280,3.9741666,-15.020927
24.2419,23.6108,-18.8663,0.0741322,Cc1ccc(S(=O)(=O)n2c3ccccc3c(=NN)c3ccccc32)cc1,1,N=c1c2ccccc2n(S(=O)(=O)c2ccccc2)c2ccccc12,0.0046877,-11.2262,0.0195853,0.7513,0.9971089,363.442,0.961074,2.3668,1.0,1.0,1.0,1.0,1.0,1.0,1.0,1.0,220,-11.454919,-4.748728
9.1522,24.6741,12.2356,0.576713,F[B-]1(F)n2cccc2C(=C2c3cccn3[B-](F)(F)n3c(Cl)ccc32)c2cccn21,1,[BH2-]1n2cccc2C(=C2c3cccn3[BH2-]n3cccc32)c2cccn21,0.8901083,0.9068,0.0357288,1.422,0.9999779,416.383,0.7172822,4.5902,1.0,1.0,1.0,1.0,1.0,1.0,1.0,1.0,320,33.148808,-17.92788
26.0909,28.6698,-28.6698,0.0,c1ccc(C(=C(c2ccccc2)c2c3ccccc3c3c4c5cccc4c3c2cc5)c2ccccc2)cc1,1,c1ccc(C(=C(c2ccccc2)c2c3ccccc3c3c4c5cccc4c3c2cc5)c2ccccc2)cc1,0.0,0.0,0.0,0.0,0.0,0.0,0.0,0.0,1.0,1.0,0.0,0.0,0.0,0.0,0.0,0.0,140,2.327019,25.121159
36.4336,42.1663,-20.928,0.3318489,BrC1=CC(Br)=C2C(Br)=CC=C3CC1=CC1=CC=CC(=C(Br)Br)C132,1,C=C1C=CC=C2C=C3C=CC=C4C=CC=C(C3)C142,0.5731717,-2.0199,0.0164224,0.5566,0.9999999,624.79,0.2800005,6.4229,1.0,1.0,1.0,1.0,1.0,1.0,1.0,1.0,120,33.051266,-1.3046561
18.5448,32.6061,-2.7122,0.4670918,F[B-]1(F)c2ncccc2C(=C2C(Cl)=C(Cl)C(Cl)=[N+]2[B-](F)(F)F)c2cc(Br)cn21,1,[BH2-]1c2ncccc2C(=C2C=CC=[NH+]2)c2cccn21,0.5301204,-2.3035,0.0357247,1.4219,1.0,518.092,0.7017029,4.6641,1.0,1.0,1.0,1.0,1.0,1.0,1.0,1.0,380,32.5321,2.9253893
26.4054,33.2227,0.0465,0.5198316,Fc1c(F)c(F)c(C=C2c3ccccc3C3=[N+]2[B-](F)(F)C=C3c2ccc(-c3ccccc3)cc2)c(F)c1F,1,[BH2-]1C=C(c2ccc(-c3ccccc3)cc2)C2=[N+]1C(=Cc1ccccc1)c1ccccc12,0.670283,-1.3446,0.0222843,0.8945,1.0,521.244,0.8892252,3.4647,1.0,1.0,1.0,1.0,1.0,1.0,1.0,1.0,280,12.125231,-1.5978504
31.8657,42.5568,-6.668,0.5607626,O=C1CC(=O)C2=C1C=C1c3ccccc3C=[N+]1[B-](F)(F)N2Cc1ccccc1,1,O=C1CC(=O)C2=C1C=C1c3ccccc3C=[N+]1[BH2-]N2Cc1ccccc1,0.7562441,-0.6561,0.0300365,1.2272,0.9991031,376.171,0.866731,3.6704,1.0,1.0,1.0,1.0,1.0,1.0,1.0,1.0,260,17.274277,-16.55655
38.5326,37.3363,-37.3363,0.0,COC(=O)C(C(=O)OC)C(C(=O)OC)c1c(Cl)ccc2oc(-c3ccccc3)cc12,1,c1ccc(-c2cc3ccccc3o2)cc1,0.0,0.0,0.0,0.0,0.0,0.0,0.0,0.0,1.0,1.0,0.0,0.0,0.0,0.0,0.0,0.0,40,-9.398158,25.9071
27.7145,44.6607,-18.2771,0.4122438,O=[N+]([O-])c1ccc(C2=C(c3ccccc3)[P-]3(Cl)(Cl)=[N+](c4ccccc4)C2=C(c2ccccc2)c2cc(Br)cn2[B-]3(F)F)cc1,1,[BH2-]1n2cccc2C(c2ccccc2)=C2C(c3ccccc3)=C(c3ccccc3)[P-]1=[N+]2c1ccccc1,0.4157353,-3.0542,0.0252505,1.0334,0.9997458,710.131,0.7323269,4.5165,1.0,1.0,1.0,1.0,1.0,1.0,1.0,1.0,320,20.698084,-0.19537434
25.1311,30.0039,-10.9468,0.2977675,CC1(c2ccccc2)N=C(c2ccccc2)N(c2ccccc2N=Nc2ccccc2)C1=O,1,O=C1C(c2ccccc2)N=C(c2ccccc2)N1c1ccccc1N=Nc1ccccc1,0.1711126,-5.0696,0.0176412,0.6356,0.999994,430.511,0.9160495,3.1647,1.0,1.0,1.0,1.0,1.0,1.0,1.0,1.0,140,7.2176905,24.153545
16.2878,33.6706,3.2874,0.5774683,F[B-]1(F)n2cccc2C(c2ccoc2)=C2C=C(c3ccc[nH]3)C(c3ccco3)=[N+]21,1,[BH2-]1n2cccc2C(c2ccoc2)=C2C=C(c3ccc[nH]3)C(c3ccco3)=[N+]12,0.8059235,-0.1813,0.0371692,1.4666,0.9997289,389.17,0.8069718,4.1022,1.0,1.0,1.0,1.0,1.0,1.0,1.0,1.0,300,21.86445,-7.7786098
24.617,26.4777,-26.4777,0.0,CN(C(C#N)=C(F)F)c1ccccc1,1,c1ccccc1,0.0,0.0,0.0,0.0,0.0,0.0,0.0,0.0,1.0,1.0,0.0,0.0,0.0,0.0,0.0,0.0,100,-12.7012615,27.632828
45.3032,44.0214,-43.4313,0.0092195,CC1(O)CCOc2ncc(CNc3ccc(O)cc3)c(Br)c21,1,c1ccc(NCc2cnc3c(c2)CCCO3)cc1,2.96e-05,-19.4814,0.0112031,0.1356,0.9975461,365.227,0.8939823,3.4166,1.0,1.0,1.0,1.0,1.0,1.0,1.0,1.0,40,-4.105475,-1.2139592
21.195,34.7397,1.3244,0.5635027,F[B-]1(F)n2cccc2C(c2ccccc2)=C2CC(Br)=CC(c3ccc(Cl)cc3)=[N+]21,1,[BH2-]1n2cccc2C(c2ccccc2)=C2CC=CC(c3ccccc3)=[N+]12,0.735001,-0.8386,0.0330903,1.3358,0.9999999,471.541,0.8788241,3.5639,1.0,1.0,1.0,1.0,1.0,1.0,1.0,1.0,280,20.471462,-5.7214465
31.003,32.9362,-32.7591,0.0027679,Cc1cccc(C)c1N1CC2Cc3ccccc3C2(O)P1Cl,1,c1ccc(N2CC3Cc4ccccc4C3P2)cc1,1.6e-06,-24.2646,0.0106469,0.0797,0.9491806,331.783,0.8069382,4.1024,1.0,1.0,1.0,1.0,1.0,1.0,1.0,1.0,60,-17.986694,12.829384
42.268,43.2665,-42.9172,0.0054576,CC1=CC2C(CO1)OC1COC2C1n1nnc(-c2ccccc2)n1,1,C1=CC2C(CO1)OC1COC2C1n1nnc(-c2ccccc2)n1,1.01e-05,-21.2302,0.0163053,0.5487,0.9188986,326.356,0.578583,5.1903,1.0,1.0,1.0,1.0,1.0,1.0,1.0,1.0,60,-19.34893,-23.14074
14.0887,28.1381,10.8003,0.608413,Cc1ccccc1C1=C2C(c3ccccc3)=CC(c3ccccc3)=[N+]2[B-](F)(F)n2cccc21,1,[BH2-]1n2cccc2C(c2ccccc2)=C2C(c3ccccc3)=CC(c3ccccc3)=[N+]12,0.8450083,0.2621,0.0366588,1.451,0.9999958,434.298,0.9062872,3.2827,1.0,1.0,1.0,1.0,1.0,1.0,1.0,1.0,300,18.53617,-5.5037494
29.0113,35.0264,-6.6515,0.4433566,CC1=C(N(c2c3ccccc3cc3ccccc23)S(=O)(=O)c2ccc(C)cc2)c2ccccc2C1=O,1,O=C1C=C(N(c2c3ccccc3cc3ccccc23)S(=O)(=O)c2ccccc2)c2ccccc21,0.4334002,-2.9365,0.0209588,0.8264,1.0,489.596,0.9501301,2.6201,1.0,1.0,1.0,1.0,1.0,1.0,1.0,1.0,100,-28.801613,-1.3467174
28.5483,29.4146,-26.6537,0.0431398,CC12C(=O)Nc3ccccc3C1(C)c1cc3c(cc1C2=O)OCO3,1,O=C1Nc2ccccc2C2c3cc4c(cc3C(=O)C12)OCO4,0.0016074,-12.9744,0.011439,0.1585,0.877046,321.332,0.8668735,3.6692,1.0,1.0,1.0,1.0,1.0,1.0,1.0,1.0,20,-19.044645,13.922006
13.0988,27.7333,9.6717,0.5844533,Cn1cccc1C1=CC(=C2c3cccn3[B-](F)(F)n3cccc32)C(=O)C(F)(F)C1(F)F,1,O=C1CCC(c2ccc[nH]2)=CC1=C1c2cccn2[BH2-]n2cccc21,0.8910295,0.9222,0.0337285,1.3572,0.9999964,436.144,0.7659792,4.3413,1.0,1.0,1.0,1.0,1.0,1.0,1.0,1.0,320,34.373386,-17.957664
21.1326,22.0309,-21.1082,0.0144158,Cc1cc(C)c([N+]2=CC=[N+](c3c(C)cc(C)cc3C)[P-]2(=O)=O)c(C)c1,1,O=[P-]1(=O)[N+](c2ccccc2)=CC=[N+]1c1ccccc1,8.37e-05,-17.7895,0.0175397,0.6293,0.9939543,355.398,0.8482949,3.818,1.0,1.0,1.0,1.0,1.0,1.0,1.0,1.0,180,28.264124,9.096751
29.5948,30.2288,-29.7185,0.0079728,COC(=O)C1=C(OC)CC2(c3ccccc3)C1C(=O)OC2c1ccccc1,1,O=C1OC(c2ccccc2)C2(c3ccccc3)CC=CC12,1.87e-05,-20.231,0.0163872,0.5542,0.9973517,364.397,0.8649039,3.6858,1.0,1.0,1.0,1.0,1.0,1.0,1.0,1.0,220,-15.095026,19.86147
30.3061,47.2091,-15.7628,0.4913472,F[B-]1(F)n2cccc2C(c2ccc3cccc4c3c2C=C4)=C2C=C(c3ccccc3)C(c3ccco3)=[N+]21,1,[BH2-]1n2cccc2C(c2ccc3cccc4c3c2C=C4)=C2C=C(c3ccccc3)C(c3ccco3)=[N+]12,0.5839803,-1.9477,0.0240886,0.981,0.9999999,484.314,0.8561294,3.7572,1.0,1.0,1.0,1.0,1.0,1.0,1.0,1.0,280,21.358955,-7.496412
21.2039,21.1809,-10.4553,0.167587,COc1ccc2c(c1)C(=O)C(c1ccc(O)cc1)=C2,1,O=C1C(c2ccccc2)=Cc2ccccc21,0.288016,-3.974,0.0183489,0.6791,0.0121742,252.269,0.9683754,2.1565,1.0,1.0,1.0,1.0,1.0,1.0,1.0,1.0,20,-1.5671041,-13.228752
43.3999,52.1557,-19.5953,0.5087562,O=[N+]1C(c2cccnc2)=C(c2ccc[nH]2)c2ccc(Br)cc2C1=C1[N-]C(c2ccc(Br)cc2)=NN1c1ccccc1,1,O=[N+]1C(c2cccnc2)=C(c2ccc[nH]2)c2ccccc2C1=C1[N-]C(c2ccccc2)=NN1c1ccccc1,0.6462204,-1.5188,0.0230253,0.9308,0.9999962,664.361,0.857247,3.7483,1.0,1.0,1.0,1.0,1.0,1.0,1.0,1.0,260,22.462591,0.091277026
15.4432,30.6069,1.2409,0.4976217,COc1ccc(C2=[N+]3C(=C(c4ccc(Cl)cc4)c4ccccc43)[B-](F)(F)n3cccc32)cc1,1,[BH2-]1C2=C(c3ccccc3)c3ccccc3[N+]2=C(c2ccccc2)c2cccn21,0.5605395,-2.1037,0.0268346,1.1013,0.9999995,458.704,0.901782,3.3335,1.0,1.0,1.0,1.0,1.0,1.0,1.0,1.0,360,10.867778,-8.251661
20.8055,36.8513,-2.2852,0.5400953,F[B-]1(F)C2=C(Br)C(Br)=CC2=C(c2cccnc2)c2c(Cl)c(Br)c(Cl)n21,1,[BH2-]1C2=CC=CC2=C(c2cccnc2)c2cccn21,0.7172591,-0.9839,0.0307777,1.2545,1.0,572.645,0.8118554,4.0713,1.0,1.0,1.0,1.0,1.0,1.0,1.0,1.0,320,30.79012,-3.9875412
22.6799,26.1582,-26.1582,0.0,Fc1ccc(C=Cc2ccc(-c3cccs3)s2)c(F)c1,1,C(=Cc1ccc(-c2cccs2)s1)c1ccccc1,0.0,0.0,0.0,0.0,0.0,0.0,0.0,0.0,1.0,1.0,0.0,0.0,0.0,0.0,0.0,0.0,300,29.803099,-20.673264
39.8321,39.2619,-39.2619,0.0,CC(=O)CC1C2C3C=CC(CC3)C2C(=O)O[Si]1(C)C,1,O=C1O[SiH2]CC2C3C=CC(CC3)C12,0.0,0.0,0.0,0.0,0.0,0.0,0.0,0.0,1.0,1.0,0.0,0.0,0.0,0.0,0.0,0.0,40,-20.814846,25.294582
26.2325,32.0123,-32.0123,0.0,CC(C=NNc1ccc(N([O-])[O-])cc1Cl)=C1C=CC(Cl)=[S+]1,1,C1=CC(=CC=NNc2ccccc2)[S+]=C1,0.0,0.0,0.0,0.0,0.0,0.0,0.0,0.0,1.0,1.0,0.0,0.0,0.0,0.0,0.0,0.0,220,0.53189176,-22.385647
41.11,41.6733,-41.6733,0.0,CCc1c(S(=O)(=O)c2ccc(C)cc2)c(=Cc2ccc(Cl)cc2)c2cccc3c2-n13,1,O=S(=O)(c1ccccc1)c1cn2c3cccc(c3-2)c1=Cc1ccccc1,0.0,0.0,0.0,0.0,0.0,0.0,0.0,0.0,1.0,1.0,0.0,0.0,0.0,0.0,0.0,0.0,220,-8.87067,-4.9286623
27.7604,28.4946,-3.7899,0.386011,CC1=CC2=C(c3ccccc3)c3ccccc3C3c4ccccc4C23c2ccccc21,1,C1=Cc2ccccc2C23C1=C(c1ccccc1)c1ccccc1C2c1ccccc13,0.291893,-3.9433,0.0322115,1.3056,0.9998343,394.517,0.8468897,3.8286,1.0,1.0,1.0,1.0,1.0,1.0,1.0,1.0,20,-8.849078,15.799359
7.8002,23.3517,15.228,0.6028076,F[B-]1(F)n2c(Br)ccc2C(c2ccccn2)=C2C=CC=[N+]21,1,[BH2-]1n2cccc2C(c2ccccn2)=C2C=CC=[N+]12,0.8583984,0.4348,0.0414492,1.5898,0.9880758,347.959,0.8258739,3.9789,1.0,1.0,1.0,1.0,1.0,1.0,1.0,1.0,320,22.199871,-20.528023
30.0964,35.8746,-20.5565,0.2393447,CC1=C2C(=O)C(c3ccccc3)=C3CC2(C)N(C3=O)c2ccccc21,1,O=C1C2=Cc3ccccc3N3C(=O)C(=C1c1ccccc1)CC23,0.1172172,-5.7882,0.0143559,0.4083,0.9256744,327.383,0.828711,3.9595,1.0,1.0,1.0,1.0,1.0,1.0,1.0,1.0,300,-4.190982,6.7540493
18.583,20.4866,-3.5364,0.2648462,Oc1ccc(N=Nc2ccccc2)cc1N=Nc1ccccc1,1,c1ccc(N=Nc2cccc(N=Nc3ccccc3)c2)cc1,0.1627084,-5.168,0.0171719,0.6059,0.5536047,302.337,0.9576327,2.4531,1.0,1.0,1.0,1.0,1.0,1.0,1.0,1.0,100,7.013647,25.060709
23.5651,37.2119,-16.8177,0.31866,Cn1c(-c2ccccc2)c2c(c1=Cc1ccccc1)=C(Nc1ccccc1)C(=O)C2=Cc1ccccc1,1,O=C1C(=Cc2ccccc2)c2c(-c3ccccc3)[nH]c(=Cc3ccccc3)c2=C1Nc1ccccc1,0.1847046,-4.9181,0.0223589,0.8982,0.9999999,478.595,0.9435822,2.7474,1.0,1.0,1.0,1.0,1.0,1.0,1.0,1.0,200,-0.56728935,3.9206293
29.0722,30.5568,-3.4107,0.4241591,COc1c(-c2ccccc2)c2cc3ccccc3cc2c2c(ccc3ccccc32)c1=O,1,O=c1cc(-c2ccccc2)c2cc3ccccc3cc2c2c1ccc1ccccc12,0.3803554,-3.2948,0.0213168,0.8452,0.9999683,412.488,0.9663131,2.2203,1.0,1.0,1.0,1.0,1.0,1.0,1.0,1.0,140,-24.643263,-2.5005562
23.2721,22.4105,-22.4105,0.0,CC(=O)OC1C(=O)CC(C)CC1c1ccccc1,1,O=C1CCCC(c2ccccc2)C1,0.0,0.0,0.0,0.0,0.0,0.0,0.0,0.0,1.0,1.0,0.0,0.0,0.0,0.0,0.0,0.0,20,-16.96983,20.025764
18.1488,28.6275,-14.7477,0.216872,O=C1C=C(c2ccccc2)OC1=C1Nc2ccccc2N1c1ccccc1,1,O=C1C=C(c2ccccc2)OC1=C1Nc2ccccc2N1c1ccccc1,0.0713315,-6.6797,0.0202018,0.7856,0.9920419,352.393,0.9552806,2.5083,1.0,1.0,1.0,1.0,1.0,1.0,1.0,1.0,180,-0.19553213,2.2493234
25.6146,37.1815,-29.3482,0.1223955,F[B-]1(F)C(C[P+](c2ccccc2)(c2ccccc2)c2ccccc2)=C(Br)c2cccn21,1,[BH2-]1C(C[P+](c2ccccc2)(c2ccccc2)c2ccccc2)=Cc2cccn21,0.0171573,-9.0926,0.0214836,0.8538,1.0,494.128,0.8953644,3.4023,1.0,1.0,1.0,1.0,1.0,1.0,1.0,1.0,220,17.283716,-12.3705015
43.3502,60.9097,-42.7127,0.2843288,O=C1C(c2ccccc2)=C2C(c3ccccc3)=C3CC4=C(C(N(c5ccccc5)c5ccccc5)=Cc5nc6ccccc6c4c5-c4ccccc4)N(c4ccccc4)C132,1,O=C1C(c2ccccc2)=C2C(c3ccccc3)=C3CC4=C(C(N(c5ccccc5)c5ccccc5)=Cc5nc6ccccc6c4c5-c4ccccc4)N(c4ccccc4)C132,0.2124688,-4.6336,0.0196369,0.7542,0.950432,767.932,0.5863322,5.1591,1.0,1.0,1.0,1.0,1.0,1.0,1.0,1.0,160,13.63561,3.5011814
13.2436,29.0957,3.3458,0.5068985,F[B-]1(F)c2c(-c3cccnc3)c3cccn3c2=C(c2ccccn2)c2cccn21,1,[BH2-]1c2c(-c3cccnc3)c3cccn3c2=C(c2ccccn2)c2cccn21,0.5847191,-1.9427,0.0289899,1.1876,0.9995299,383.19,0.8798963,3.554,1.0,1.0,1.0,1.0,1.0,1.0,1.0,1.0,360,28.939787,-9.185665
28.6567,30.1448,-5.1037,0.3912671,Cn1cc(Nc2ccccc2)cc(C2=Nc3ccccc3C2=O)c1=O,1,O=C1C(c2cc(Nc3ccccc3)c[nH]c2=O)=Nc2ccccc21,0.3401979,-3.5788,0.0178346,0.6477,0.9372661,329.359,0.9556258,2.5004,1.0,1.0,1.0,1.0,1.0,1.0,1.0,1.0,300,-7.8643947,4.230862
24.2366,30.4055,-20.9883,0.1471445,CC1=C(c2ccccc2)C(O)(c2ccccc2)C(c2ccc(Cl)cc2)=CC1=O,1,O=C1C=C(c2ccccc2)C(c2ccccc2)C(c2ccccc2)=C1,0.0311895,-8.0959,0.0126278,0.2671,0.9996653,386.878,0.935192,2.8916,1.0,1.0,1.0,1.0,1.0,1.0,1.0,1.0,180,3.7970073,7.555315
22.6535,39.2982,-8.2747,0.4847418,F[B-]1(F)C2=C[N+](c3ccccc3)=C(c3cccnc3)C2=C(Cl)c2cc(Cl)cn21,1,[BH2-]1C2=C[N+](c3ccccc3)=C(c3cccnc3)C2=Cc2cccn21,0.5663531,-2.0652,0.0262782,1.0779,0.9999726,414.051,0.822886,3.9991,1.0,1.0,1.0,1.0,1.0,1.0,1.0,1.0,320,28.545887,-2.8815048
14.3847,37.8682,-2.868,0.5468779,F[B-]1(F)n2c(Br)ccc2C(c2ccccn2)=C2C(c3cccnc3)=[N+]2[B-]1(F)F,1,[BH2-]1[BH2-][N+]2=C(c3cccnc3)C2=C(c2ccccn2)c2cccn21,0.7197309,-0.964,0.0329453,1.3309,0.9999987,447.815,0.8195965,4.021,1.0,1.0,1.0,1.0,1.0,1.0,1.0,1.0,400,28.643398,-5.958753
28.2892,45.2092,-19.382,0.4035499,O=C(C1=[n+]2oc(-c3ccccn3)cc2=C(c2ccccc2)c2cccn2[B-]1(F)F)c1cccc(Cl)c1,1,O=C(C1=[n+]2oc(-c3ccccn3)cc2=C(c2ccccc2)c2cccn2[BH2-]1)c1ccccc1,0.3374138,-3.599,0.0273579,1.1228,1.0,499.713,0.8669939,3.6682,1.0,1.0,1.0,1.0,1.0,1.0,1.0,1.0,260,19.430712,-13.972342
42.8584,42.8813,-42.8813,0.0,CC(C)(C)c1cc2c(F)c(c1)-c1ccccc1C(=O)c1ccccc1-c1ccc(cc1)OCc1cc(C(F)(F)F)c(C(F)(F)F)cc1-2,1,O=C1c2ccccc2-c2ccc(cc2)OCc2ccccc2-c2cccc(c2)-c2ccccc21,0.0,0.0,0.0,0.0,0.0,0.0,0.0,0.0,1.0,1.0,0.0,0.0,0.0,0.0,0.0,0.0,160,-2.6336498,15.893287
31.7544,33.4229,-5.6436,0.4340525,C[n+]1nc(C=C2C=CC=[S+]2)cc(-c2ccc(N([O-])[O-])cc2)n1,1,C1=CC(=Cc2cc(-c3ccccc3)n[nH+]n2)[S+]=C1,0.5836267,-1.9501,0.0216293,0.8613,0.7572839,312.354,0.7020067,4.6627,1.0,1.0,1.0,1.0,1.0,1.0,1.0,1.0,120,8.021477,-20.673237
21.6789,23.2298,-23.2298,0.0,C(C=Nc1cccc(C(c2ccccc2)(c2ccccc2)c2ccccc2)c1)=Nc1ccccc1,1,C(C=Nc1cccc(C(c2ccccc2)(c2ccccc2)c2ccccc2)c1)=Nc1ccccc1,0.0,0.0,0.0,0.0,0.0,0.0,0.0,0.0,1.0,1.0,0.0,0.0,0.0,0.0,0.0,0.0,60,5.492428,27.78275
22.6603,26.8222,2.2045,0.4535418,Clc1ccc(C=C2OC=C(c3ccccc3)OC2=Cc2ccccc2)cc1,1,C(=C1OC=C(c2ccccc2)OC1=Cc1ccccc1)c1ccccc1,0.4558169,-2.7886,0.0213054,0.8446,0.9987826,372.851,0.9535224,2.5478,1.0,1.0,1.0,1.0,1.0,1.0,1.0,1.0,140,1.9798697,-0.4156256
21.7721,30.492,-5.2332,0.3946688,Oc1ccccc1C=NN=C1N=C(c2ccccc2)C(c2ccccc2)=C1c1ccccc1,1,C(=NN=C1N=C(c2ccccc2)C(c2ccccc2)=C1c1ccccc1)c1ccccc1,0.3565933,-3.4612,0.0151863,0.4702,0.9999921,427.507,0.9487772,2.6477,1.0,1.0,1.0,1.0,1.0,1.0,1.0,1.0,200,6.0350738,11.263071
26.0483,50.8247,-18.2021,0.509728,F[B-]1(F)C2=[N+](c3ccc(Cl)cc3)C(=C(c3cc(Br)c(Br)[nH]3)c3ccc(Cl)n31)C(c1cccnc1)=C(Cl)c1ccccc12,1,[BH2-]1C2=[N+](c3ccccc3)C(=C(c3ccc[nH]3)c3cccn31)C(c1cccnc1)=Cc1ccccc12,0.6994069,-1.1247,0.0320538,1.3001,0.9921473,747.461,0.6851261,4.7403,1.0,1.0,1.0,1.0,1.0,1.0,1.0,1.0,340,27.860163,-3.7956455
10.1038,20.9787,-20.9787,0.0,F[B-]1(F)n2cccc2C(=C2C=CC(Br)=[S+]2)c2cccn21,1,[BH2-]1n2cccc2C(=C2C=CC=[S+]2)c2cccn21,0.8951448,0.9924,0.0323641,1.3109,0.9924713,353.0,0.683651,4.747,1.0,1.0,1.0,1.0,1.0,1.0,1.0,1.0,240,34.232624,-18.109146
22.3262,23.4495,-18.7821,0.0729293,Cc1cc2oc(-c3ccccc3)c(-c3ccccc3)c(=O)c2cc1Cl,1,O=c1c(-c2ccccc2)c(-c2ccccc2)oc2ccccc12,0.0049601,-11.1338,0.0140078,0.3812,0.9867659,346.813,0.9735691,1.9759,1.0,1.0,1.0,1.0,1.0,1.0,1.0,1.0,120,-3.6296892,-5.2956877
16.6669,22.3248,7.3337,0.4634141,c1ccc(NN=c2c(-c3ccccc3)nc(-c3ccccc3)nn2-c2ccccc2)cc1,1,c1ccc(NN=c2c(-c3ccccc3)nc(-c3ccccc3)nn2-c2ccccc2)cc1,0.4816414,-2.6196,0.0206343,0.8091,0.999976,415.5,0.9645574,2.2717,1.0,1.0,1.0,1.0,1.0,1.0,1.0,1.0,160,7.3350997,5.545305
28.2388,38.0271,-29.7823,0.1288261,Fc1ccc(C2=[N+]3Cc4cccn4[B-]34C(=C2)CCC2CCCC24)cc1,1,C1=C2CCC3CCCC3[B-]23n2cccc2C[N+]3=C1c1ccccc1,0.0285466,-8.2445,0.0252523,1.0335,0.9511345,332.231,0.5283564,5.389,1.0,1.0,1.0,1.0,1.0,1.0,1.0,1.0,340,24.364553,-13.3245945
28.116,35.1,-12.8749,0.347267,O=C1C(=C(c2ccccc2)c2csc3ccccc23)c2ccccc2N1c1ccccc1,1,O=C1C(=C(c2ccccc2)c2csc3ccccc23)c2ccccc2N1c1ccccc1,0.2206765,-4.5549,0.0242702,0.9894,0.9999934,429.544,0.9622301,2.3362,1.0,1.0,1.0,1.0,1.0,1.0,1.0,1.0,200,-1.7607256,19.486145
13.3821,21.5975,0.5411,0.3459152,F[B-]1(F)[N+](c2ccccc2)=NC(c2ccccc2)=[N+]1c1ccccc1,1,[BH2-]1[N+](c2ccccc2)=NC(c2ccccc2)=[N+]1c1ccccc1,0.237845,-4.3966,0.0226374,0.9119,0.9587535,334.158,0.9087871,3.2536,1.0,1.0,1.0,1.0,1.0,1.0,1.0,1.0,240,14.25684,9.061116
28.1651,26.8372,-26.5166,0.0050103,COc1ccc2c(c1)OC1COCC([N+](=O)[O-])C21,1,c1ccc2c(c1)OC1COCCC21,5.33e-05,-18.5236,0.0108753,0.103,0.0110836,251.238,0.8375854,3.8971,1.0,1.0,1.0,1.0,1.0,1.0,1.0,1.0,40,-18.6345,-23.406136
12.9903,29.3011,8.711,0.59394,F[B-]1(F)n2c(Cl)ccc2C(c2ccc(-c3ccccc3)cc2)=C2c3ccccc3C(c3ccccc3)=[N+]21,1,[BH2-]1n2cccc2C(c2ccc(-c3ccccc3)cc2)=C2c3ccccc3C(c3ccccc3)=[N+]12,0.8133905,-0.1024,0.032635,1.3202,1.0,504.776,0.9214846,3.0936,1.0,1.0,1.0,1.0,1.0,1.0,1.0,1.0,260,13.090022,-3.6198258
17.654,33.8382,0.7607,0.5406076,F[B-]1(F)C2=[N+](c3ccccc3)C(c3ccccc3)=C(c3ccccc3)C2=C(c2ccc[nH]2)c2ccc(-c3ccccc3)n21,1,[BH2-]1C2=[N+](c3ccccc3)C(c3ccccc3)=C(c3ccccc3)C2=C(c2ccc[nH]2)c2ccc(-c3ccccc3)n21,0.6690154,-1.3539,0.0314304,1.278,1.0,561.444,0.8841061,3.5145,1.0,1.0,1.0,1.0,1.0,1.0,1.0,1.0,280,19.64915,4.184211
38.5331,42.8012,-23.0146,0.3091649,OB(O)c1ccc2cc(B3Oc4ccc5ccccc5c4-c4c5ccccc5cc5cccc3c45)c3ccccc3c2c1,1,c1ccc2c3c(ccc2c1)OB(c1cc2ccccc2c2ccccc12)c1cccc2cc4ccccc4c-3c12,0.198539,-4.7726,0.0153355,0.481,1.0,550.231,0.9039584,3.3092,1.0,1.0,1.0,1.0,1.0,1.0,1.0,1.0,100,-29.142555,-7.3942666
19.6623,20.2739,-19.4952,0.012166,O=c1c2ccccc2n(-c2ccc(Cl)cc2)c(=O)n1-c1ccccc1,1,O=c1c2ccccc2n(-c2ccccc2)c(=O)n1-c1ccccc1,5.52e-05,-18.4665,0.0118309,0.1955,0.9889436,348.789,0.9767355,1.8481,1.0,1.0,1.0,1.0,1.0,1.0,1.0,1.0,100,-2.6530352,-1.4766871
34.3784,39.4906,-37.8602,0.0254745,Clc1ccc(COc2nc(-c3ccccc3)n3c2Sc2ccccc2C3)cc1,1,c1ccc(COc2nc(-c3ccccc3)n3c2Sc2ccccc2C3)cc1,0.0003368,-15.5216,0.0152916,0.4779,0.9999365,404.922,0.9566389,2.4768,1.0,1.0,1.0,1.0,1.0,1.0,1.0,1.0,120,3.7432973,1.8604877
13.0322,35.7239,1.2979,0.5784664,F[B-]1(F)n2c(Cl)ccc2C(c2ccccc2Cl)=C2c3ccccc3C(c3ccco3)=[N+]21,1,[BH2-]1n2cccc2C(c2ccccc2)=C2c3ccccc3C(c3ccco3)=[N+]12,0.7364708,-0.8263,0.039116,1.5242,0.9999992,453.084,0.8938695,3.4178,1.0,1.0,1.0,1.0,1.0,1.0,1.0,1.0,380,13.32445,-4.8778143
21.7826,21.9781,-21.1095,0.0135712,O=[N+]([O-])C1(Cl)c2ccccc2-c2ccccc21,1,c1ccc2c(c1)Cc1ccccc1-2,0.0007301,-14.2611,0.0126353,0.2678,0.0066634,245.665,0.9558333,2.4956,1.0,1.0,1.0,1.0,1.0,1.0,1.0,1.0,20,-9.726788,14.07775
14.7246,33.1847,5.4869,0.6042423,Cc1cc(Br)c2n1[B-](F)(F)[N+]1=CC=C(Br)C1=C2c1ccc[nH]1,1,[BH2-]1n2cccc2C(c2ccc[nH]2)=C2C=CC=[N+]12,0.8849058,0.8219,0.0459361,1.7064,0.999993,428.871,0.7623787,4.3609,1.0,1.0,1.0,1.0,1.0,1.0,1.0,1.0,380,31.222313,-5.683989
36.189,40.3343,-33.3291,0.109456,C=C1N=C(c2ccccc2)C23c4ccccc4C(=O)c4cccc(c42)C13C,1,C=C1N=C(c2ccccc2)C23c4ccccc4C(=O)c4cccc(c42)C13,0.0163392,-9.1736,0.0130746,0.3054,0.9874731,347.417,0.810967,4.077,1.0,1.0,1.0,1.0,1.0,1.0,1.0,1.0,120,-4.8642483,8.522256
12.5279,24.8291,-4.9916,0.3099599,Cc1ccc(C2=CC=C(c3ccccc3)C2=C2c3ccccc3-c3ccccc32)cc1,1,C1=C(c2ccccc2)C(=C2c3ccccc3-c3ccccc32)C(c2ccccc2)=C1,0.1869681,-4.8938,0.0162204,0.5429,0.9998343,394.517,0.9638939,2.2905,1.0,1.0,1.0,1.0,1.0,1.0,1.0,1.0,380,-1.6061634,11.989151
16.4142,31.953,-3.2057,0.4491773,COC1=C(Cl)C(=O)C(Cl)=C(Nc2ccccc2)C1=CNc1ccc(Cl)cc1,1,O=C1C=CC(=CNc2ccccc2)C(Nc2ccccc2)=C1,0.4164709,-3.0493,0.0264989,1.0872,0.9999865,421.711,0.9511101,2.5997,1.0,1.0,1.0,1.0,1.0,1.0,1.0,1.0,200,-5.252749,-2.9839857
10.4396,22.905,13.9015,0.5751013,O=[N+]1C(=C2c3cccn3[B-](F)(F)n3cccc32)C=Cc2ccccc21,1,O=[N+]1C(=C2c3cccn3[BH2-]n3cccc32)C=Cc2ccccc21,0.8645564,0.5189,0.0311575,1.2683,0.9621251,335.122,0.7979235,4.158,1.0,1.0,1.0,1.0,1.0,1.0,1.0,1.0,380,35.226017,-18.333406
29.0057,32.0037,-26.4813,0.0862876,Fc1ccc(-c2ccc3ccc4ccc(-c5ccccc5)c(-c5ccc(F)cc5)c4c3c2)cc1,1,c1ccc(-c2ccc3ccc4ccc(-c5ccccc5)c(-c5ccccc5)c4c3c2)cc1,0.0071274,-10.5398,0.0170405,0.5974,0.999998,442.508,0.9710068,2.0689,1.0,1.0,1.0,1.0,1.0,1.0,1.0,1.0,80,3.5735052,-12.894589
35.9702,34.4738,-34.4738,0.0,CO[P-](#[O+])(CNc1ccccc1C#N)CC(C)=O,1,c1ccccc1,0.0,0.0,0.0,0.0,0.0,0.0,0.0,0.0,1.0,1.0,0.0,0.0,0.0,0.0,0.0,0.0,100,-12.841834,27.901981
32.4521,32.5389,-26.3965,0.0959748,COC(=O)c1cc(C(=O)OC)cc(N(c2ccccc2)c2c(C)cc(C)cc2C=O)c1,1,c1ccc(N(c2ccccc2)c2ccccc2)cc1,0.0103723,-9.9235,0.012612,0.2657,0.99998,417.461,0.9553709,2.5063,1.0,1.0,1.0,1.0,1.0,1.0,1.0,1.0,20,-9.200922,25.872465
37.9254,39.664,-39.3754,0.0045103,CN1CCN2CCOCCN3c4ccccc4CN4CCN(C24)C13,1,c1ccc2c(c1)CN1CCN3C1N1CCNC3N2CCOCC1,8.5e-06,-21.5157,0.0117442,0.1874,0.9377462,329.448,0.4363322,5.7502,1.0,1.0,1.0,1.0,1.0,1.0,1.0,1.0,20,-20.374832,15.278284
25.4367,24.0361,-9.5523,0.2263087,c1ccc2cc3c(cc2c1)c1ccccc1c1c3ccc2ccc3ccccc3c21,1,c1ccc2cc3c(cc2c1)c1ccccc1c1c3ccc2ccc3ccccc3c21,0.0826072,-6.4208,0.0167093,0.5757,0.9992744,378.474,0.9758821,1.8841,1.0,1.0,1.0,1.0,1.0,1.0,1.0,1.0,400,-24.31775,-1.9253672
21.3064,24.0756,-24.0756,0.0,C[Si]1(C#Cc2ccccc2)N=C(c2ccccc2)C(c2ccccc2)=C1c1ccccc1,1,C(#C[SiH]1N=C(c2ccccc2)C(c2ccccc2)=C1c1ccccc1)c1ccccc1,0.0,0.0,0.0,0.0,0.0,0.0,0.0,0.0,1.0,1.0,0.0,0.0,0.0,0.0,0.0,0.0,100,6.1945186,10.365711
42.7614,42.6162,-41.6483,0.0151233,C=C1c2ccncc2S(=O)(=O)c2c1n[nH]c2S(=O)(=O)c1ccc(C)cc1,1,C=C1c2ccncc2S(=O)(=O)c2c1n[nH]c2S(=O)(=O)c1ccccc1,9.22e-05,-17.6316,0.0156002,0.4999,0.9996822,387.442,0.9148086,3.1804,1.0,1.0,1.0,1.0,1.0,1.0,1.0,1.0,40,-9.1188,-4.148234
44.4734,47.4344,-27.0655,0.3182633,c1ccc(-c2c3ccncc3c3c4ccc5c6ccccc6nc6cccc(c6-n53)c24)cc1,1,c1ccc(-c2c3ccncc3c3c4ccc5c6ccccc6nc6cccc(c6-n53)c24)cc1,0.2077542,-4.6799,0.0179228,0.6531,0.9999834,419.487,0.8810955,3.5429,1.0,1.0,1.0,1.0,1.0,1.0,1.0,1.0,240,-17.170471,-11.760734
27.3526,30.9695,-29.2874,0.0262831,Cn1c2cccc3c2[s+]1SC=C3,1,C1=Cc2cccc3[nH][s+](c23)S1,0.0422886,-7.5813,0.0154381,0.4884,5.92e-05,194.304,0.6794013,4.7661,1.0,1.0,1.0,1.0,1.0,1.0,1.0,1.0,200,-16.241787,13.507694
21.7386,40.3462,-5.542,0.5438164,F[B-]1(F)C2=C(c3ccc[nH]3)c3cc4ncccc4cc3C2=C(c2cccnc2)c2cccn21,1,[BH2-]1C2=C(c3ccc[nH]3)c3cc4ncccc4cc3C2=C(c2cccnc2)c2cccn21,0.7533005,-0.682,0.0235562,0.9561,0.9999954,433.25,0.8671481,3.6669,1.0,1.0,1.0,1.0,1.0,1.0,1.0,1.0,300,30.405785,-12.609817
23.7755,30.0097,-5.5471,0.3822272,O=[N+]([O-])c1ccccc1C=C1N=C(c2ccccc2)N(c2ccccc2)c2ccccc21,1,C(=C1N=C(c2ccccc2)N(c2ccccc2)c2ccccc21)c1ccccc1,0.2994872,-3.8839,0.0199188,0.77,0.99998,417.468,0.9608809,2.3719,1.0,1.0,1.0,1.0,1.0,1.0,1.0,1.0,160,-0.24053895,5.557493
21.8218,34.3936,-9.7283,0.3853954,Brc1ccc2c(-c3ccccc3)c3c(c(Br)c2c1)C(=C(c1ccccc1)c1ccccc1)c1ccccc1-3,1,c1ccc(C(=C2c3ccccc3-c3c2cc2ccccc2c3-c2ccccc2)c2ccccc2)cc1,0.3220784,-3.7121,0.0171654,0.6054,0.9999999,614.38,0.953411,2.5503,1.0,1.0,1.0,1.0,1.0,1.0,1.0,1.0,300,1.5759897,19.318531
16.0585,31.4063,7.9887,0.6155468,Cc1c(Br)c(C)n2c1C(c1ccccc1)=C1C(Cl)=C(Cl)C(c3ccccc3)=[N+]1[B-]2(F)F,1,[BH2-]1n2cccc2C(c2ccccc2)=C2C=CC(c3ccccc3)=[N+]12,0.8597506,0.453,0.039757,1.5426,1.0,520.013,0.8914805,3.4421,1.0,1.0,1.0,1.0,1.0,1.0,1.0,1.0,300,16.931341,-3.0615761
22.9194,25.3037,-25.0144,0.0045201,Cc1cc(N)c([S+]=c2cccc[n-]2)nc1C,1,c1ccc([S+]=c2cccc[n-]2)nc1,0.000101,-17.4844,0.0120664,0.2171,0.0017872,231.324,0.7459375,4.4475,1.0,1.0,1.0,1.0,1.0,1.0,1.0,1.0,100,-6.301519,-21.470327
23.6086,26.1182,-12.3471,0.2151737,Fc1cc2c(ccc3c(F)c(F)c(F)c(F)c32)cc2c(F)c(F)c(F)c1-2,1,c1cc2ccc3c(ccc4ccccc43)cc-2c1,0.08087,-6.4585,0.0130321,0.3018,0.9987091,372.214,0.9384501,2.8378,1.0,1.0,1.0,1.0,1.0,1.0,1.0,1.0,100,17.976028,18.673393
22.6541,27.5673,-17.1716,0.1624327,O=C1C=C(c2ccc(Cl)nc2)c2cccc(Cl)c21,1,O=C1C=C(c2cccnc2)c2ccccc21,0.1087919,-5.9252,0.0147232,0.4361,0.0998184,276.122,0.9570168,2.4679,1.0,1.0,1.0,1.0,1.0,1.0,1.0,1.0,340,-0.20484717,-16.81129
37.6184,38.1298,-33.8851,0.0663229,Cc1ccc(-n2nc(C)c3c2CC2Oc4ccccc4C(=C3)c3ccccc32)cc1,1,C1=C2c3ccccc3OC(Cc3c1cnn3-c1ccccc1)c1ccccc12,0.0037319,-11.5992,0.0225688,0.9086,0.9997599,390.486,0.8445818,3.8459,1.0,1.0,1.0,1.0,1.0,1.0,1.0,1.0,120,-8.937471,-1.2728517
28.8332,35.1673,-6.6427,0.4456978,C(=C1CCC(=Cn2c(-c3ccccc3)cc3ccccc32)C1=C(c1ccccc1)c1ccccc1)c1ccccc1,1,C(=C1CCC(=Cn2c(-c3ccccc3)cc3ccccc32)C1=C(c1ccccc1)c1ccccc1)c1ccccc1,0.4574567,-2.7778,0.0188255,0.7075,1.0,525.695,0.9407629,2.798,1.0,1.0,1.0,1.0,1.0,1.0,1.0,1.0,220,2.6804998,19.716372
26.4057,27.9619,-23.2265,0.0739905,Brc1ccc(-c2cc3c4ccccc4c4ccccc4c3c(-c3ccccc3)c2-c2ccc(Br)cc2)cc1,1,c1ccc(-c2cc3c4ccccc4c4ccccc4c3c(-c3ccccc3)c2-c2ccccc2)cc1,0.0050715,-11.0975,0.0145487,0.423,0.9999999,614.38,0.9693446,2.1251,1.0,1.0,1.0,1.0,1.0,1.0,1.0,1.0,180,-14.73825,-11.349305
17.0412,39.7657,-2.3396,0.5847843,F[B-]1(F)n2c(cc(Br)c2Br)C(c2ccccc2)=C2C(c3cccnc3)=C(c3ccccc3)C(Cl)=[N+]21,1,[BH2-]1n2cccc2C(c2ccccc2)=C2C(c3cccnc3)=C(c3ccccc3)C=[N+]12,0.7938578,-0.3041,0.0338841,1.3624,0.9999999,613.496,0.8900654,3.4564,1.0,1.0,1.0,1.0,1.0,1.0,1.0,1.0,280,20.981249,-1.1631106
32.0637,36.9163,-26.9246,0.1561198,c1ccc(C2=C(c3ccccc3)N3[Si](c4ccccc4)(c4ccccc4)N[Si](c4ccccc4)(N2c2ccccc2)[Si]3(c2ccccc2)c2ccccc2)cc1,1,c1ccc(C2=C(c3ccccc3)N3[Si](c4ccccc4)(c4ccccc4)N[Si](c4ccccc4)(N2c2ccccc2)[Si]3(c2ccccc2)c2ccccc2)cc1,0.0365035,-7.8307,0.0252319,1.0326,0.9494467,768.157,0.7246262,4.5546,1.0,1.0,1.0,1.0,1.0,1.0,1.0,1.0,140,7.006774,16.4003
23.1709,23.0681,-22.9534,0.0017931,O=C1c2ccccc2CC2CC(O)C=CN12,1,O=C1c2ccccc2CC2CCC=CN12,1.67e-05,-20.4194,0.0122963,0.2379,0.0004073,215.252,0.8853012,3.5031,1.0,1.0,1.0,1.0,1.0,1.0,1.0,1.0,60,-17.584576,12.257834
13.8997,31.9619,4.5305,0.5701938,F[B-]1(F)C(c2ccccc2)=[N+]2C(=C(c3ccc[nH]3)c3cc(Cl)c(Cl)n31)c1cccn1[B-]2(F)F,1,[BH2-]1C(c2ccccc2)=[N+]2[BH2-]n3cccc3C2=C(c2ccc[nH]2)c2cccn21,0.8016321,-0.2256,0.0371609,1.4663,1.0,489.885,0.7792416,4.2676,1.0,1.0,1.0,1.0,1.0,1.0,1.0,1.0,340,23.134674,-4.9493947
31.6895,33.9308,4.0641,0.5936712,COc1ccccc1NN=C1C=[N+]([O-])c2cc([N+](=O)[O-])ccc2C1=O,1,O=C1C(=NNc2ccccc2)C=[NH+]c2ccccc21,0.8582035,0.4322,0.0276066,1.1329,0.9761378,340.295,0.9309414,2.9582,1.0,1.0,1.0,1.0,1.0,1.0,1.0,1.0,380,-10.840436,-15.915342
28.3026,31.5932,-31.5932,0.0,O=C(CC1(C2=C(c3ccccc3)c3ccccc3C2(c2ccccc2)c2ccccc2)C(=O)c2ccccc21)c1ccccc1,1,O=C(CC1(C2=C(c3ccccc3)c3ccccc3C2(c2ccccc2)c2ccccc2)C(=O)c2ccccc21)c1ccccc1,0.0,0.0,0.0,0.0,0.0,0.0,0.0,0.0,1.0,1.0,0.0,0.0,0.0,0.0,0.0,0.0,280,2.3040037,14.697126
34.2202,33.6921,-15.3857,0.2860389,C=C1[S+]=C(NC=C2C=CC=C(O)C2=O)C(O)C1O,1,C=C1CCC(NC=C2C=CC=CC2=O)=[S+]1,0.7781692,-0.4561,0.0231522,0.9369,0.0429397,266.298,0.664131,4.8338,1.0,1.0,1.0,1.0,1.0,1.0,1.0,1.0,20,-17.024755,-19.923399
23.1217,27.4654,-27.4654,0.0,Clc1ccc(C=Cc2cc(-c3c4ccccc4cc4ccccc34)c3ccccc3c2)cc1,1,C(=Cc1cc(-c2c3ccccc3cc3ccccc23)c2ccccc2c1)c1ccccc1,0.0,0.0,0.0,0.0,0.0,0.0,0.0,0.0,1.0,1.0,0.0,0.0,0.0,0.0,0.0,0.0,140,-27.35878,-5.983254
16.5445,16.273,-16.0527,0.0034422,Fc1c(F)c(F)c([B-](c2c(F)c(F)c(F)c(F)c2F)(c2c(F)c(F)c(F)c(F)c2F)[PH+](C2CCCCC2)C2CCCCC2)c(F)c1F,1,c1ccc([B-](c2ccccc2)(c2ccccc2)[PH+](C2CCCCC2)C2CCCCC2)cc1,2.6e-06,-23.4405,0.0099379,0.0041,0.9997426,710.27,0.8552865,3.7639,1.0,1.0,1.0,1.0,1.0,1.0,1.0,1.0,20,19.392511,18.089088
29.9078,35.7862,-5.9958,0.4654751,c1ccc2c(c1)C(=C1c3ccccc3-c3ccccc31)CCC2=C1c2cc3ccccc3cc2-c2ccc3ccccc3c21,1,c1ccc2c(c1)C(=C1c3ccccc3-c3ccccc31)CCC2=C1c2cc3ccccc3cc2-c2ccc3ccccc3c21,0.539795,-2.2402,0.0154676,0.4905,1.0,556.708,0.9470915,2.6811,1.0,1.0,1.0,1.0,1.0,1.0,1.0,1.0,400,-26.458096,4.8148427
27.567,27.7163,-27.7163,0.0,O=C(C[Se]c1ccccc1)c1ccc(Cl)cc1[N+](=O)[O-],1,O=C(C[Se]c1ccccc1)c1ccccc1,0.0,0.0,0.0,0.0,0.0,0.0,0.0,0.0,1.0,1.0,0.0,0.0,0.0,0.0,0.0,0.0,20,-6.58326,-16.77172
28.7046,32.021,-22.1689,0.1539399,Cc1cccc(C)c1-n1c(-c2ccccc2)c(-c2ccccc2)c2c1c(=O)c1ccccc1n2-c1ccccc1,1,O=c1c2ccccc2n(-c2ccccc2)c2c(-c3ccccc3)c(-c3ccccc3)n(-c3ccccc3)c12,0.0327652,-8.0129,0.0148776,0.4476,1.0,516.644,0.9532568,2.5536,1.0,1.0,1.0,1.0,1.0,1.0,1.0,1.0,180,-3.4430254,-3.8630118
20.665,31.2331,-24.9939,0.0974875,F[B-]1(F)[O+]=C(c2ccc(Br)cc2)c2ccccc2-c2ccccc21,1,[BH2-]1[O+]=C(c2ccccc2)c2ccccc2-c2ccccc21,0.0101576,-9.9579,0.0168229,0.5832,0.9996026,385.016,0.921391,3.0948,1.0,1.0,1.0,1.0,1.0,1.0,1.0,1.0,260,5.5226097,-7.716835
22.1747,26.6979,-16.0049,0.1670787,COc1ccc2cc(C=NN=Cc3ccc(C=Nc4ccccc4)cc3)ccc2c1,1,C(=NN=Cc1ccc2ccccc2c1)c1ccc(C=Nc2ccccc2)cc1,0.042502,-7.5727,0.012367,0.2442,0.9997808,391.474,0.9590884,2.4175,1.0,1.0,1.0,1.0,1.0,1.0,1.0,1.0,120,-4.0562086,-17.038877
29.8079,32.3686,-32.0081,0.0056321,CN1c2ccccc2C2(c3ccccc3)c3ccccc3OC13c1ccccc1C23F,1,c1ccc(C23c4ccccc4NC4(Oc5ccccc52)c2ccccc2C43)cc1,9.9e-06,-21.2699,0.0110531,0.1208,0.9999396,405.472,0.7357721,4.4993,1.0,1.0,1.0,1.0,1.0,1.0,1.0,1.0,60,8.2760315,19.884336
13.9845,20.3871,16.4603,0.5757409,F[B-]1(F)n2cccc2C(c2ccccc2)=C2c3ccccc3C=[N+]21,1,[BH2-]1n2cccc2C(c2ccccc2)=C2c3ccccc3C=[N+]12,0.8328171,0.1151,0.032464,1.3143,0.8416153,318.135,0.8962016,3.3935,1.0,1.0,1.0,1.0,1.0,1.0,1.0,1.0,220,18.73975,-16.842924
25.5105,32.6281,-8.7599,0.3729417,O=c1ccc(-c2ccccc2)c2n1-c1ccccc1C2=Nc1ccc(Cl)cc1,1,O=c1ccc(-c2ccccc2)c2n1-c1ccccc1C2=Nc1ccccc1,0.3103941,-3.8001,0.0144945,0.4189,0.9995149,382.85,0.9606662,2.3774,1.0,1.0,1.0,1.0,1.0,1.0,1.0,1.0,320,2.1673586,-2.8159723
22.3968,23.4195,-22.0183,0.0218937,O=C1c2ccccc2C2SC3c4ccccc4SC3C12,1,O=C1c2ccccc2C2SC3c4ccccc4SC3C12,0.0004127,-15.1907,0.0122542,0.2341,0.4182163,296.416,0.8214497,4.0087,1.0,1.0,1.0,1.0,1.0,1.0,1.0,1.0,40,-13.402921,13.589012
21.2675,21.1594,-21.1594,0.0,C(=CC=C(c1ccccc1)c1ccccc1)C=Cc1ccc(-c2ccccc2)cc1,1,C(=CC=C(c1ccccc1)c1ccccc1)C=Cc1ccc(-c2ccccc2)cc1,0.0,0.0,0.0,0.0,0.0,0.0,0.0,0.0,1.0,1.0,0.0,0.0,0.0,0.0,0.0,0.0,160,1.0070169,25.619305
49.0975,51.0633,-30.6667,0.3186971,COc1ccc(C2=[N+]3C4=[S+]C=NC4=C(Br)C3(C=C3C=C[N-][N-]3)c3ccccc32)cc1,1,C1=CC(=CC23C=C4N=C[S+]=C4[N+]2=C(c2ccccc2)c2ccccc23)[N-][N-]1,0.2637096,-4.1722,0.0227437,0.9171,0.9999999,475.371,0.590119,5.1439,1.0,1.0,1.0,1.0,1.0,1.0,1.0,1.0,60,9.931396,-9.157954
14.1957,38.7529,-2.8601,0.5608259,F[B-]1(F)n2c(Cl)ccc2C(c2ccco2)=C2C(c3ccccn3)=CC(c3ccccc3)=[N+]21,1,[BH2-]1n2cccc2C(c2ccco2)=C2C(c3ccccn3)=CC(c3ccccc3)=[N+]12,0.709121,-1.0487,0.0356653,1.42,0.9999985,445.665,0.879626,3.5565,1.0,1.0,1.0,1.0,1.0,1.0,1.0,1.0,380,19.244818,-20.0081
49.7338,61.4206,-41.0628,0.3180901,C=c1c(=C2c3ccccc3[B-](F)(F)n3cccc32)c(=C2C=C(C)[NH+]=C2C)c(=O)c2ccccc2c1=Cc1ccccc1,1,C=c1c(=C2c3ccccc3[BH2-]n3cccc32)c(=C2C=C[NH+]=C2)c(=O)c2ccccc2c1=Cc1ccccc1,0.2162771,-4.5968,0.0209031,0.8235,1.0,552.433,0.7849062,4.2351,1.0,1.0,1.0,1.0,1.0,1.0,1.0,1.0,280,14.609816,-13.514653
15.7845,15.3505,-15.188,0.0025389,O=[N+]([O-])c1ccncc1,1,c1ccncc1,0.00185,-12.7451,0.0112962,0.1447,1e-07,124.099,0.9738514,1.9652,1.0,1.0,1.0,1.0,1.0,1.0,1.0,1.0,160,-5.3431344,-19.234991
35.5882,48.4374,-21.4609,0.4215087,Cc1cc2ccccc2cc1C1=C2OC(=O)C(c3c4ccccc4cc4ccccc34)=C2C(c2c3ccccc3cc3ccccc23)=C1c1ccccc1,1,O=C1OC2=C(c3ccc4ccccc4c3)C(c3ccccc3)=C(c3c4ccccc4cc4ccccc34)C2=C1c1c2ccccc2cc2ccccc12,0.4236259,-3.0015,0.0158985,0.5208,0.9999643,688.826,0.925234,3.0418,1.0,1.0,1.0,1.0,1.0,1.0,1.0,1.0,180,-27.102686,-8.32373
21.4775,29.4122,-4.6385,0.387089,Fc1c(F)c(F)c([B-](=C2C=CC(=NNc3ccccc3)c3ccccc32)c2c(F)c(F)c(F)c(F)c2F)c(F)c1F,1,C1=CC(=[B-](c2ccccc2)c2ccccc2)c2ccccc2C1=NNc1ccccc1,0.326388,-3.68,0.0215027,0.8548,1.0,577.21,0.8688087,3.6527,1.0,1.0,1.0,1.0,1.0,1.0,1.0,1.0,260,17.436895,17.771914
52.2178,57.1637,-33.2633,0.3734441,O=Cc1cccc2ccc(C(=C3c4ccccc4-c4ccccc43)c3c(-c4ccccc4)nc4cc5ncccc5cc4c3-c3ccccc3)cc12,1,c1ccc(-c2nc3cc4ncccc4cc3c(-c3ccccc3)c2C(=C2c3ccccc3-c3ccccc32)c2ccc3ccccc3c2)cc1,0.2984112,-3.8923,0.0183333,0.6782,0.9999967,662.792,0.9242494,3.0556,1.0,1.0,1.0,1.0,1.0,1.0,1.0,1.0,100,1.7914549,5.0723653
36.7687,49.2418,-34.4967,0.2303913,O=[N+]([O-])c1ccc(-c2c3sc4c(c5ccccc5cc3Br)c2c2ccccc2c2c(-c3ccccc3)c3ccccc3c42)cc1,1,c1ccc(-c2c3ccc4ccccc4c4c(s3)c3c5ccccc5c(-c5ccccc5)c3c3ccccc3c24)cc1,0.098218,-6.1109,0.0158588,0.518,0.9999973,660.592,0.8436881,3.8526,1.0,1.0,1.0,1.0,1.0,1.0,1.0,1.0,180,-16.828173,-9.966987
14.4726,39.9964,-5.0638,0.5458222,FC1=C(c2ccncc2)C(F)(F)C2=C(c3ccccc3)[B-](F)(F)n3cccc3C(c3cccnc3)=C12,1,[BH2-]1C(c2ccccc2)=C2CC(c3ccncc3)=CC2=C(c2cccnc2)c2cccn21,0.7095608,-1.0452,0.0298589,1.2206,1.0,488.248,0.8628852,3.7025,1.0,1.0,1.0,1.0,1.0,1.0,1.0,1.0,300,31.635895,-8.933642
24.4005,23.346,-23.346,0.0,O=C(O)Cc1cccc(F)c1C(=O)O,1,c1ccccc1,0.0,0.0,0.0,0.0,0.0,0.0,0.0,0.0,1.0,1.0,0.0,0.0,0.0,0.0,0.0,0.0,80,-7.0936937,30.375355
24.5058,31.8921,-4.9518,0.4209421,F[B-]1(F)Oc2c(nc(=C3C=CC=[S+]3)c3c2-c2ncccc2C=3)-c2cccn21,1,[BH2-]1Oc2c(nc(=C3C=CC=[S+]3)c3c2-c2ncccc2C=3)-c2cccn21,0.520016,-2.3695,0.0186441,0.6968,0.9991829,377.184,0.6623822,4.8415,1.0,1.0,1.0,1.0,1.0,1.0,1.0,1.0,200,33.43273,-20.802584
34.619,34.0982,-33.5911,0.0079236,c1ccc(C(=C2C3CCCCC3N=C3CCCCN3C2c2ccccc2)c2ccccc2)cc1,1,c1ccc(C(=C2C3CCCCC3N=C3CCCCN3C2c2ccccc2)c2ccccc2)cc1,1.82e-05,-20.2737,0.0164082,0.5556,0.9999986,446.638,0.8749309,3.5991,1.0,1.0,1.0,1.0,1.0,1.0,1.0,1.0,40,1.0565647,22.373209
20.2103,26.6355,2.6991,0.4583526,O=S(=O)(C1=C(c2ccccc2)C(=C(c2ccccc2)c2ccccc2)N=C1c1ccccc1)c1ccccc1,1,O=S(=O)(C1=C(c2ccccc2)C(=C(c2ccccc2)c2ccccc2)N=C1c1ccccc1)c1ccccc1,0.4586934,-2.7697,0.0225878,0.9095,1.0,523.657,0.9559388,2.4932,1.0,1.0,1.0,1.0,1.0,1.0,1.0,1.0,220,3.7810779,18.926044
12.8626,20.8493,-20.8493,0.0,O=[N+]([O-])c1cccc(C2=C3C=CC=[N+]3[B-](F)(F)n3cccc32)c1,1,[BH2-]1n2cccc2C(c2ccccc2)=C2C=CC=[N+]12,0.8856073,0.8332,0.0305634,1.2467,0.7692311,313.072,0.8615001,3.7139,1.0,1.0,1.0,1.0,1.0,1.0,1.0,1.0,180,23.820831,-18.709204
9.1824,24.0392,-24.0392,0.0,F[B-]1(F)C=[N+]2C(=C(c3ccccc3)c3cccn3[B-]2(F)F)c2cccn21,1,[BH2-]1C=[N+]2[BH2-]n3cccc3C(c3ccccc3)=C2c2cccn21,0.7018213,-1.1059,0.0361329,1.4347,0.9942365,355.92,0.7941387,4.1808,1.0,1.0,1.0,1.0,1.0,1.0,1.0,1.0,240,20.376919,-12.375909
28.7682,35.7474,-6.6147,0.4551989,COc1ccc(C2=C3C(=Cc4ccccc4)c4ccccc4C3(C)n3cccc32)cc1,1,C(=C1C2=C(c3ccccc3)c3cccn3C2c2ccccc21)c1ccccc1,0.4346009,-2.9285,0.0285624,1.171,0.999913,401.509,0.9125373,3.2085,1.0,1.0,1.0,1.0,1.0,1.0,1.0,1.0,380,8.027405,-10.526519
51.3343,52.5732,-52.5732,0.0,Cc1ccc(S(=O)(=O)n2c(-c3cc(C(C)C)c(C(=O)NCc4ccccc4)c4ccccc34)c(C(=O)N3CCCC3)c3ccccc32)cc1,1,O=C(NCc1ccccc1)c1ccc(-c2c(C(=O)N3CCCC3)c3ccccc3n2S(=O)(=O)c2ccccc2)c2ccccc12,0.0,0.0,0.0,0.0,0.0,0.0,0.0,0.0,1.0,1.0,0.0,0.0,0.0,0.0,0.0,0.0,40,-11.451622,-4.193674
30.6427,41.4189,-4.2294,0.5810861,CC1=CC(C)=[N+]2C1=C(c1ccc3ccc4ccccc4c3c1)c1c(Cl)c(Br)cn1[B-]2(F)F,1,[BH2-]1n2cccc2C(c2ccc3ccc4ccccc4c3c2)=C2C=CC=[N+]12,0.8185679,-0.0462,0.0297158,1.2152,1.0,509.59,0.8827294,3.5276,1.0,1.0,1.0,1.0,1.0,1.0,1.0,1.0,300,13.868979,-11.563017
23.1707,30.6705,0.1789,0.482022,F[B-]1(F)c2c(cc3ccccc3c2-c2ccccc2)C=C(c2ccccc2)C2=CC(c3ccccc3)=[N+]21,1,[BH2-]1c2c(cc3ccccc3c2-c2ccccc2)C=C(c2ccccc2)C2=CC(c3ccccc3)=[N+]12,0.5176363,-2.3851,0.0258164,1.0581,0.9999999,481.354,0.9143865,3.1857,1.0,1.0,1.0,1.0,1.0,1.0,1.0,1.0,240,13.72061,2.5899737
31.1289,34.2798,-14.7402,0.3053063,O=C1c2ccccc2S(=O)(=O)N2c3ccccc3C(=C3c4ccccc4-c4ccccc43)C12c1ccccc1,1,O=C1c2ccccc2S(=O)(=O)N2c3ccccc3C(=C3c4ccccc4-c4ccccc43)C12c1ccccc1,0.1878067,-4.8848,0.0167209,0.5765,1.0,523.613,0.9005343,3.3471,1.0,1.0,1.0,1.0,1.0,1.0,1.0,1.0,140,-4.6956496,13.320087
25.1185,25.4844,-24.6409,0.0131799,CC1(C)C(=O)COC12CC(=O)c1ccccc12,1,O=C1COC2(C1)CC(=O)c1ccccc12,0.001467,-13.1235,0.0119904,0.2102,0.0016211,230.263,0.8354843,3.9121,1.0,1.0,1.0,1.0,1.0,1.0,1.0,1.0,20,-18.661617,13.583655
22.9655,29.5752,-13.3757,0.2531178,C(=NN=Cc1ccc(N(c2ccccc2)c2ccccc2)c2ccccc12)c1ccc2ccccc2c1,1,C(=NN=Cc1ccc(N(c2ccccc2)c2ccccc2)c2ccccc12)c1ccc2ccccc2c1,0.1162201,-5.804,0.0145592,0.4238,0.9999999,475.595,0.9568507,2.4718,1.0,1.0,1.0,1.0,1.0,1.0,1.0,1.0,120,-31.316196,4.3136106
12.7696,31.7035,4.6147,0.5674704,F[B-]1(F)N2C=C(Cl)C(Cl)=C(Cl)C2=C(c2ccccc2)c2cccn21,1,[BH2-]1N2C=CC=CC2=C(c2ccccc2)c2cccn21,0.7783066,-0.4548,0.0312295,1.2709,0.9995806,384.429,0.8546733,3.7687,1.0,1.0,1.0,1.0,1.0,1.0,1.0,1.0,260,21.890041,-15.14818
35.0712,39.0556,-35.3099,0.0585261,CC1=Cc2ccccc2C12C(C(=O)c1ccccc1)C1=Cc3ccccc3C1N2c1ccccc1,1,O=C(c1ccccc1)C1C2=Cc3ccccc3C2N(c2ccccc2)C12C=Cc1ccccc12,0.0033917,-11.7554,0.0132223,0.3177,0.9999991,451.569,0.7837538,4.2417,1.0,1.0,1.0,1.0,1.0,1.0,1.0,1.0,40,-3.4529548,18.771626
13.9525,29.0637,9.0039,0.5948067,FC1=C(c2ccccc2)C(c2ccccc2)=[N+]2C1=Cc1cccn1[B-]2(F)F,1,[BH2-]1n2cccc2C=C2C=C(c3ccccc3)C(c3ccccc3)=[N+]12,0.8170647,-0.0627,0.0358307,1.4253,0.9967486,362.163,0.8884922,3.472,1.0,1.0,1.0,1.0,1.0,1.0,1.0,1.0,280,15.758071,3.614182
29.8254,45.4125,-15.1349,0.4730872,COc1ccc(-c2ccccc2)cc1C1=C(c2ccccc2)C(=O)c2ccccc2C1=C1C=Cc2ccccc21,1,O=C1C(c2ccccc2)=C(c2cccc(-c3ccccc3)c2)C(=C2C=Cc3ccccc32)c2ccccc21,0.5462484,-2.1979,0.0168963,0.588,1.0,514.624,0.9496912,2.6291,1.0,1.0,1.0,1.0,1.0,1.0,1.0,1.0,280,2.0956845,10.545757
19.0286,21.872,-12.3105,0.1493981,Oc1ccc(N=Cc2ccc(N=Cc3ccccn3)cc2)cc1,1,C(=Nc1ccccc1)c1ccc(N=Cc2ccccn2)cc1,0.0399799,-7.6766,0.0155071,0.4933,0.531022,301.349,0.9586598,2.4281,1.0,1.0,1.0,1.0,1.0,1.0,1.0,1.0,100,-4.536777,-14.977503
25.8915,25.9321,-25.9321,0.0,NC(=S)CCCCCN1CCCCC1,1,C1CCNCC1,0.0,0.0,0.0,0.0,0.0,0.0,0.0,0.0,1.0,1.0,0.0,0.0,0.0,0.0,0.0,0.0,20,-29.02595,-15.494594
26.564,32.6505,-19.9686,0.198154,F[B-]1(F)N2C=CC=NC2=C(Cl)C(Cl)=[N+]1c1ccc(Cl)cc1,1,[BH2-]1N2C=CC=NC2=CC=[N+]1c1ccccc1,0.0610706,-6.9505,0.0241471,0.9837,0.9885199,348.376,0.809823,4.0842,1.0,1.0,1.0,1.0,1.0,1.0,1.0,1.0,280,27.315624,3.575949
17.6829,33.0329,2.3546,0.5529301,Cc1ccc(C2=C3C(=C(c4ccccc4)c4ccccc43)[B-](F)(F)n3c(Br)c(Br)c(Br)c32)cc1,1,[BH2-]1C2=C(c3ccccc3)c3ccccc3C2=C(c2ccccc2)c2cccn21,0.7204439,-0.9583,0.0281301,1.1539,0.9999995,642.952,0.9041972,3.3065,1.0,1.0,1.0,1.0,1.0,1.0,1.0,1.0,380,15.493695,0.031480733
14.9709,31.5103,6.5958,0.5954073,F[B-]1(F)n2c(Cl)ccc2C(c2ccccc2)=C2c3ccccc3C(c3cccc(Cl)c3)=[N+]21,1,[BH2-]1n2cccc2C(c2ccccc2)=C2c3ccccc3C(c3ccccc3)=[N+]12,0.7984656,-0.2578,0.0364856,1.4457,0.9999997,463.123,0.9101339,3.2376,1.0,1.0,1.0,1.0,1.0,1.0,1.0,1.0,380,13.833466,-4.18977
25.5781,32.1907,-0.8556,0.4896104,c1ccc(-c2[n-]c(-c3c4ccccc4cc4ccccc34)cc3cc[s+]c2-3)cc1,1,c1ccc(-c2[n-]c(-c3c4ccccc4cc4ccccc34)cc3cc[s+]c2-3)cc1,0.5906261,-1.903,0.0202015,0.7856,0.9996841,387.507,0.8948073,3.4081,1.0,1.0,1.0,1.0,1.0,1.0,1.0,1.0,260,-26.446945,-6.747854
34.0109,58.7017,-29.1626,0.4615484,Fc1c(F)c(F)c(-c2c(-c3cccc(C4=c5c(F)c(F)c6ccccc6c5=C(Cl)[B-](F)(F)n5c(F)c(F)c(F)c54)c3)ccc3ncccc23)c(F)c1F,1,[BH2-]1C=c2c(ccc3ccccc23)=C(c2cccc(-c3ccc4ncccc4c3-c3ccccc3)c2)c2cccn21,0.5258279,-2.3316,0.0234401,0.9507,0.9760066,759.766,0.8187757,4.0264,1.0,1.0,1.0,1.0,1.0,1.0,1.0,1.0,300,22.304106,6.327858
11.7362,25.7582,-25.7582,0.0,F[B-]1(F)n2cccc2C=C2C(c3ccccc3)=C(c3ccccc3)C(c3ccccc3)=[N+]21,1,[BH2-]1n2cccc2C=C2C(c3ccccc3)=C(c3ccccc3)C(c3ccccc3)=[N+]12,0.8412511,0.2158,0.0331581,1.3381,0.9999846,420.271,0.9090047,3.251,1.0,1.0,1.0,1.0,1.0,1.0,1.0,1.0,280,15.751336,3.610325
13.9527,33.3739,2.1841,0.5555934,Cn1cccc1C1=C2C(=Cc3ccccc32)[B-](F)(F)n2c(Br)ccc21,1,[BH2-]1C2=Cc3ccccc3C2=C(c2ccc[nH]2)c2cccn21,0.7518787,-0.6944,0.0286785,1.1755,0.9998802,398.039,0.8624116,3.7065,1.0,1.0,1.0,1.0,1.0,1.0,1.0,1.0,380,29.24733,-1.9669745
16.5245,33.5986,2.5236,0.5644098,F[B-]1(F)n2cccc2C(=C2C=CC(c3ccc4ccccc4c3)=C2)c2cc(Cl)c(Cl)n21,1,[BH2-]1n2cccc2C(=C2C=CC(c3ccc4ccccc4c3)=C2)c2cccn21,0.8149112,-0.086,0.0244069,0.9956,0.999999,450.104,0.8725967,3.6198,1.0,1.0,1.0,1.0,1.0,1.0,1.0,1.0,340,28.570902,-12.442824
30.1416,39.6336,-19.4648,0.3151371,O=C1C(=Cc2ccccc2Br)c2ccc3cccc(Br)c3c2N1c1cccc2cccnc12,1,O=C1C(=Cc2ccccc2)c2ccc3ccccc3c2N1c1cccc2cccnc12,0.2045846,-4.7115,0.0145302,0.4216,1.0,556.257,0.9462481,2.6974,1.0,1.0,1.0,1.0,1.0,1.0,1.0,1.0,120,-15.431779,8.357296
26.1967,43.1999,-11.0593,0.5021973,Cn1cccc1C1=C2[N+](=C(c3ccccc3)c3c(-c4ccccc4)cccc3[B-]2(F)F)[B-](F)(F)N1c1ccccc1,1,[BH2-]1C2=C(c3ccc[nH]3)N(c3ccccc3)[BH2-][N+]2=C(c2ccccc2)c2c1cccc2-c1ccccc1,0.5892522,-1.9123,0.0271193,1.113,1.0,548.181,0.8673267,3.6654,1.0,1.0,1.0,1.0,1.0,1.0,1.0,1.0,260,17.433083,-10.5118475
19.3049,20.4997,-17.3942,0.0485235,COc1ccc(N2c3ccccc3Sc3ccccc32)c(OC)c1,1,c1ccc(N2c3ccccc3Sc3ccccc32)cc1,0.0018261,-12.7663,0.013018,0.3006,0.9631389,335.428,0.9719424,2.0359,1.0,1.0,1.0,1.0,1.0,1.0,1.0,1.0,140,-17.089228,-2.7852185
17.4586,34.963,0.6896,0.5570723,Fc1c(F)c(C2=C3C(c4ccccc4)=C(c4ccccc4)[N+](=C3c3ccccc3)[B-](F)(F)n3cccc32)c(F)c(F)c1Br,1,[BH2-]1n2cccc2C(c2ccccc2)=C2C(c3ccccc3)=C(c3ccccc3)[N+]1=C2c1ccccc1,0.7996827,-0.2455,0.031259,1.2719,0.9999992,647.225,0.7757568,4.2872,1.0,1.0,1.0,1.0,1.0,1.0,1.0,1.0,260,17.847538,-7.5875893
24.661,33.6561,-22.4282,0.1754356,O=C1c2ccccc2-c2[nH]c3c(c21)S(=O)(=O)c1ccccc1C3,1,O=C1c2ccccc2-c2[nH]c3c(c21)S(=O)(=O)c1ccccc1C3,0.0492251,-7.3221,0.0148649,0.4467,0.8772941,321.357,0.9353938,2.8884,1.0,1.0,1.0,1.0,1.0,1.0,1.0,1.0,120,-12.497986,8.089771
47.3828,52.5528,-52.5528,0.0,CC(C)[Si]1(C#Cc2cccc3c(C#C[Si](C(C)C)(C(C)C)C(C)C)c4cc5ccccc5cc4cc23)c2ccc3cc2c2cccc4c(C#C[Si](C(C)C)(C(C)C)C(C)C)cc(c5ccccc5c3c42)C=CC=CC1C,1,C(#C[SiH]1CC=CC=Cc2ccc3cccc4c5cc(ccc51)c(c1ccccc21)c34)c1cccc2cc3cc4ccccc4cc3cc12,0.0,0.0,0.0,0.0,0.0,0.0,0.0,0.0,1.0,1.0,0.0,0.0,0.0,0.0,0.0,0.0,60,-29.835707,-8.905938
19.7337,28.3584,1.7576,0.4705617,COC1=C(Cl)C(=O)C(Cl)=C(Cl)C1=Cc1ccccn1,1,O=C1C=CC(=Cc2ccccn2)C=C1,0.561219,-2.0992,0.0209118,0.8239,0.8214565,316.571,0.9307969,2.9604,1.0,1.0,1.0,1.0,1.0,1.0,1.0,1.0,360,-5.340086,-3.4720018
38.4716,42.0277,-22.3646,0.3072357,OB(O)c1ccccc1Nc1ccc2ccc3c(C=Nc4cccc5ccccc45)ccc4ccc1c2c43,1,C(=Nc1cccc2ccccc12)c1ccc2ccc3c(Nc4ccccc4)ccc4ccc1c2c43,0.1798293,-4.9714,0.0183469,0.679,1.0,490.371,0.9373736,2.8559,1.0,1.0,1.0,1.0,1.0,1.0,1.0,1.0,60,-31.014427,-7.5461917
23.8119,41.1416,-12.9035,0.4412203,O=C1C(=NNc2ccccc2)C(=C2C(Br)=C(c3ccccc3)C(c3ccccc3)=C2c2ccccc2)c2ccccc21,1,O=C1C(=NNc2ccccc2)C(=C2C=C(c3ccccc3)C(c3ccccc3)=C2c2ccccc2)c2ccccc21,0.4562214,-2.7859,0.0171476,0.6043,1.0,605.535,0.9478794,2.6656,1.0,1.0,1.0,1.0,1.0,1.0,1.0,1.0,380,5.223993,12.119277
16.426,28.1949,1.5588,0.4649017,COc1ccc(C2=C3C=C(c4ccccc4)C4=[N+]3C(=N4)[B-](F)(F)n3cccc32)cc1,1,[BH2-]1C2=NC3=[N+]2C(=C(c2ccccc2)c2cccn21)C=C3c1ccccc1,0.5063773,-2.4585,0.0232325,0.9408,0.9998925,399.209,0.871093,3.633,1.0,1.0,1.0,1.0,1.0,1.0,1.0,1.0,280,12.883469,-10.240164
29.3767,36.8131,-25.415,0.1780955,Clc1ccc(C2=CN(c3ccccc3)C(=C3C=CNC3=Nc3ccccc3)N2c2ccccc2)cc1,1,C1=CC(=C2N(c3ccccc3)C=C(c3ccccc3)N2c2ccccc2)C(=Nc2ccccc2)N1,0.0464135,-7.4227,0.0171493,0.6044,0.9999999,487.006,0.9264423,3.0246,1.0,1.0,1.0,1.0,1.0,1.0,1.0,1.0,180,3.86078,0.04213609
22.1309,23.586,6.8811,0.4760472,O=C1C(c2ccc(C(F)(F)F)cc2)=[N+]([O-])c2ccccc21,1,O=C1C(c2ccccc2)=[NH+]c2ccccc21,0.7999346,-0.2429,0.0297319,1.2158,0.3083315,291.228,0.9540573,2.5359,1.0,1.0,1.0,1.0,1.0,1.0,1.0,1.0,300,4.9510655,-8.871574
36.1411,41.3195,-14.6017,0.4174646,COc1ccc(C2C=C(Oc3ccccc3)C(=C3Nc4ccccc4C3=O)N2N=Nc2ccccc2)cc1,1,O=C1C(=C2C(Oc3ccccc3)=CC(c3ccccc3)N2N=Nc2ccccc2)Nc2ccccc21,0.4000859,-3.1598,0.0193578,0.7384,1.0,500.558,0.8922845,3.434,1.0,1.0,1.0,1.0,1.0,1.0,1.0,1.0,80,-7.9264264,7.1528287
21.8507,35.2739,-3.9057,0.4901285,O=c1c(O)c(-c2ccccc2)c(=NNc2cccc3ccccc23)c1=NNc1ccc([N+](=O)[O-])cc1,1,O=c1cc(-c2ccccc2)c(=NNc2cccc3ccccc23)c1=NNc1ccccc1,0.5566671,-2.1293,0.0216239,0.8611,0.9999999,477.48,0.9435717,2.7476,1.0,1.0,1.0,1.0,1.0,1.0,1.0,1.0,320,-9.410153,-13.508056
19.2755,28.0558,-15.2702,0.1997738,c1ccc(C2=NN(c3ccccc3)C3=C(c4ccccc4)c4ccccc4CN23)cc1,1,c1ccc(C2=NN(c3ccccc3)C3=C(c4ccccc4)c4ccccc4CN23)cc1,0.0593328,-7.0005,0.0183163,0.6772,0.9998953,399.497,0.9580448,2.4431,1.0,1.0,1.0,1.0,1.0,1.0,1.0,1.0,140,2.9794881,3.142051
16.7012,32.8168,2.1682,0.5466411,F[B-]1(F)C2=C(c3ccc(-c4ccco4)[nH]3)c3cccn3[B-](F)(F)C2=C(c2ccc[nH]2)c2cccn21,1,[BH2-]1C2=C(c3ccc(-c4ccco4)[nH]3)c3cccn3[BH2-]C2=C(c2ccc[nH]2)c2cccn21,0.8006197,-0.236,0.0284284,1.1657,0.9999999,474.035,0.7558959,4.3955,1.0,1.0,1.0,1.0,1.0,1.0,1.0,1.0,360,32.498035,-13.6544695
20.0587,35.7296,-0.6502,0.5481151,F[B-]1(F)C2=CC(c3ccncc3)=C(Br)C2=Cc2c(Br)ccn21,1,[BH2-]1C2=CC(c3ccncc3)=CC2=Cc2cccn21,0.7772624,-0.4646,0.0280239,1.1497,0.9999899,424.859,0.7971308,4.1628,1.0,1.0,1.0,1.0,1.0,1.0,1.0,1.0,300,34.236202,-3.5264654
18.4598,19.2683,-19.2683,0.0,O=C1c2ccccc2C(=CC=Cc2ccccc2)c2ccccc21,1,O=C1c2ccccc2C(=CC=Cc2ccccc2)c2ccccc21,0.0,0.0,0.0,0.0,0.0,0.0,0.0,0.0,1.0,1.0,0.0,0.0,0.0,0.0,0.0,0.0,360,-10.194796,7.006525
13.4149,34.1512,0.9283,0.5481177,CC1=C(c2cccnc2)C(Cl)=C2C1=C(c1ccncc1)c1cccn1[B-]2(F)F,1,[BH2-]1C2=CC(c3cccnc3)=CC2=C(c2ccncc2)c2cccn21,0.7443144,-0.7598,0.0258239,1.0585,0.9998028,392.625,0.8714509,3.6299,1.0,1.0,1.0,1.0,1.0,1.0,1.0,1.0,300,32.015213,-8.532058
18.3761,25.3797,-22.187,0.0498857,c1ccc(C2=C(c3ccccc3)C34c5ccccc5C3C24c2ccccc2)cc1,1,c1ccc(C2=C(c3ccccc3)C34c5ccccc5C3C24c2ccccc2)cc1,0.0018073,-12.7832,0.0220699,0.8837,0.9981801,368.479,0.8553374,3.7635,1.0,1.0,1.0,1.0,1.0,1.0,1.0,1.0,200,4.5002975,7.3405533
14.4201,27.6102,-27.6102,0.0,Fc1cccc(C2=CC(c3ccccc3)=[N+]3C2=C(c2ccccc2)c2cccn2[B-]3(F)F)c1,1,[BH2-]1n2cccc2C(c2ccccc2)=C2C(c3ccccc3)=CC(c3ccccc3)=[N+]12,0.8515767,0.3452,0.036336,1.441,0.9999971,438.261,0.9041681,3.3068,1.0,1.0,1.0,1.0,1.0,1.0,1.0,1.0,400,18.415476,-5.4671054
40.7461,45.8764,-30.1969,0.2449923,O=C1C=C2C(=C1Br)CC1Cc3ccccc3C2C1c1ccccc1,1,O=C1C=C2CC3Cc4ccccc4C(C2=C1)C3c1ccccc1,0.1274621,-5.6328,0.0154983,0.4927,0.9991902,377.281,0.7435415,4.4599,1.0,1.0,1.0,1.0,1.0,1.0,1.0,1.0,160,-15.373559,16.274704
16.5023,30.2431,6.6807,0.5769346,CN(C)c1ccc(C2=C3C=C(c4ccccc4)[N+](=O)C=C3[B-](F)(F)n3cccc32)cc1,1,O=[N+]1C=C2[BH2-]n3cccc3C(c3ccccc3)=C2C=C1c1ccccc1,0.8141729,-0.094,0.0304834,1.2438,0.9999754,415.252,0.8593444,3.7315,1.0,1.0,1.0,1.0,1.0,1.0,1.0,1.0,300,15.475346,-16.370037
32.8787,33.2536,-26.2961,0.1087094,CN(c1ccc(N(c2ccc(C=O)cc2)c2ccc3ccccc3c2)cc1)c1ccccn1,1,c1ccc(N(c2ccc(Nc3ccccn3)cc2)c2ccc3ccccc3c2)cc1,0.0139451,-9.4356,0.013324,0.3262,0.9999934,429.523,0.9595816,2.4051,1.0,1.0,1.0,1.0,1.0,1.0,1.0,1.0,60,-31.474932,3.5614886
19.8,36.5136,-0.6029,0.561105,F[B-]1(F)C2=C(c3ccc(Br)cc3)[NH+]=C(c3cccnc3)C2=C(c2ccccn2)c2cccn21,1,[BH2-]1C2=C(c3ccccc3)[NH+]=C(c3cccnc3)C2=C(c2ccccn2)c2cccn21,0.7549363,-0.6676,0.0326864,1.322,1.0,501.143,0.8410373,3.8721,1.0,1.0,1.0,1.0,1.0,1.0,1.0,1.0,360,29.674124,-9.896975
35.8585,42.9515,-12.935,0.4690071,Cc1ccc(C2=C3C(=Cc4ccc(C)c(C)c4)CC=C3c3ccc(F)cc32)cc1,1,C(=C1CC=C2C1=C(c1ccccc1)c1ccccc12)c1ccccc1,0.5131562,-2.4143,0.0194923,0.746,0.9992754,378.49,0.9458275,2.7054,1.0,1.0,1.0,1.0,1.0,1.0,1.0,1.0,220,6.3407173,-14.01259
31.1568,30.5088,-30.5088,0.0,COC(=O)CNC(=O)C(C)(C)NC(=O)CCNC(=O)c1ccccc1,1,c1ccccc1,0.0,0.0,0.0,0.0,0.0,0.0,0.0,0.0,1.0,1.0,0.0,0.0,0.0,0.0,0.0,0.0,20,-8.263839,27.554466
29.33,30.5337,-9.4465,0.3294878,OC1C(c2ccccc2)=Nc2c(c3ccccc3c3ccccc23)N1c1ccc(Br)cc1,1,c1ccc(C2=Nc3c(c4ccccc4c4ccccc34)N(c3ccccc3)C2)cc1,0.1967621,-4.7909,0.0250156,1.023,0.9999999,479.377,0.9278146,3.0047,1.0,1.0,1.0,1.0,1.0,1.0,1.0,1.0,220,-14.814578,-11.642096
36.7135,35.9715,-35.9715,0.0,O=C(c1ccccc1)c1c(C=C(c2ccccc2)c2ccccn2)sc2c1sc1ccccc12,1,O=C(c1ccccc1)c1c(C=C(c2ccccc2)c2ccccn2)sc2c1sc1ccccc12,0.0,0.0,0.0,0.0,0.0,0.0,0.0,0.0,1.0,1.0,0.0,0.0,0.0,0.0,0.0,0.0,220,-5.1547813,25.383774
25.8409,37.1036,-4.7269,0.5058858,[O-]N1N=C(c2cccc3ccccc23)C(=Cc2c3ccccc3cc3ccccc23)[S+]=C1c1ccccc1,1,C(=C1[S+]=C(c2ccccc2)NN=C1c1cccc2ccccc12)c1c2ccccc2cc2ccccc12,0.6186972,-1.7117,0.0213729,0.8481,1.0,506.63,0.9172892,3.1489,1.0,1.0,1.0,1.0,1.0,1.0,1.0,1.0,400,-29.118149,-2.6195898
25.6703,39.2388,-14.2518,0.3904224,F[B-]1(F)C2=C(Cl)c3cc(Cl)cn3[B-](F)(F)C2=[n+]2c1cc1cc(Br)cn12,1,[BH2-]1C2=Cc3cccn3[BH2-]C2=[n+]2c1cc1cccn12,0.4408084,-2.8874,0.0239497,0.9746,0.9999992,451.63,0.5791883,5.1879,1.0,1.0,1.0,1.0,1.0,1.0,1.0,1.0,260,31.660334,3.1563659
29.2678,34.8159,-17.473,0.2709825,CC1(C)C(=O)C2=C(c3ccccc3)OC(c3ccccc3)(c3ccccc3)c3cccc(c32)C1=O,1,O=C1CC(=O)c2cccc3c2C1=C(c1ccccc1)OC3(c1ccccc1)c1ccccc1,0.1281382,-5.6229,0.0193841,0.7399,0.9999995,456.541,0.9413385,2.7879,1.0,1.0,1.0,1.0,1.0,1.0,1.0,1.0,160,2.199136,7.6153846
37.3135,37.6878,-37.6878,0.0,[S-]C(Nc1ccccn1)=[S+]CC(=Nc1[n-]cc[s+]1)c1cccs1,1,C(Nc1ccccn1)=[S+]CC(=Nc1[n-]cc[s+]1)c1cccs1,0.0,0.0,0.0,0.0,0.0,0.0,0.0,0.0,1.0,1.0,0.0,0.0,0.0,0.0,0.0,0.0,100,-15.244364,-17.750988
35.4069,57.0076,-22.6521,0.5368043,Cc1cc(C2=C3C=CC(Cl)=[N+]3[B-](F)(F)n3cccc32)cc2c1OC1=C(C2=C([O-])c2ccc(Cl)cc2)c2ccccc2C1=O,1,O=C1C2=C(C(=Cc3ccccc3)c3cc(C4=C5C=CC=[N+]5[BH2-]n5cccc54)ccc3O2)c2ccccc21,0.7705852,-0.5268,0.0243616,0.9935,1.0,610.232,0.7958728,4.1704,1.0,1.0,1.0,1.0,1.0,1.0,1.0,1.0,240,23.99011,-9.172144
15.0856,29.5484,6.3788,0.5613637,F[B-]1(F)C2=CC(Cl)=[S+]C2=C(c2ccccn2)c2ccc(Cl)n21,1,[BH2-]1C2=CC=[S+]C2=C(c2ccccn2)c2cccn21,0.7937062,-0.3056,0.034038,1.3675,0.9937329,355.005,0.7794729,4.2662,1.0,1.0,1.0,1.0,1.0,1.0,1.0,1.0,300,18.011782,-18.886726
11.1097,20.5292,1.4322,0.343146,O=C1C(F)=C(F)C(=NNc2ccccc2)c2ccccc21,1,O=C1C=CC(=NNc2ccccc2)c2ccccc21,0.4806585,-2.6261,0.0213199,0.8454,0.1901177,284.265,0.9588818,2.4226,1.0,1.0,1.0,1.0,1.0,1.0,1.0,1.0,320,-7.2375817,0.3171549
13.1212,22.8614,-22.8614,0.0,CC1=CC(C)=[N+]2C1=C(c1cccnc1)c1cccn1[B-]2(F)F,1,[BH2-]1n2cccc2C(c2cccnc2)=C2C=CC=[N+]12,0.9029621,1.1327,0.0400323,1.5504,0.4340039,297.117,0.8559331,3.7588,1.0,1.0,1.0,1.0,1.0,1.0,1.0,1.0,280,25.580803,-7.212938
16.976,21.3801,2.0447,0.3660116,CC1=Nc2ccccc2C1=C1c2ccccc2Oc2ccccc21,1,C1=Nc2ccccc2C1=C1c2ccccc2Oc2ccccc21,0.3071822,-3.8246,0.0217361,0.8668,0.7032507,309.368,0.9611236,2.3655,1.0,1.0,1.0,1.0,1.0,1.0,1.0,1.0,160,5.4037075,-17.515316
24.9784,34.2249,-17.3423,0.2637905,O=c1ccc2ccc3c(c2c2ccccc12)COC(c1ccc(Cl)cc1)=C3,1,O=c1ccc2ccc3c(c2c2ccccc12)COC(c1ccccc1)=C3,0.1211028,-5.7279,0.0182086,0.6706,0.9985346,370.835,0.9513198,2.5953,1.0,1.0,1.0,1.0,1.0,1.0,1.0,1.0,140,4.3644743,-5.4604683
26.0993,27.2893,-10.8985,0.2561058,F[B-]1(F)n2c([s+]c3ccccc32)-c2c3ccccc3cc[n+]21,1,[BH2-]1n2c([s+]c3ccccc32)-c2c3ccccc3cc[n+]21,0.1300369,-5.5954,0.0244819,0.999,0.7362351,311.145,0.8389754,3.8871,1.0,1.0,1.0,1.0,1.0,1.0,1.0,1.0,60,9.407636,-14.012474
21.6396,26.7054,-4.6003,0.345393,c1ccc2c(c1)ccc1c(-c3c4ccccc4nc4ccccc34)cccc12,1,c1ccc2c(c1)ccc1c(-c3c4ccccc4nc4ccccc34)cccc12,0.2335764,-4.4351,0.018824,0.7074,0.9939775,355.44,0.9753624,1.9055,1.0,1.0,1.0,1.0,1.0,1.0,1.0,1.0,140,-17.452143,-12.3072
53.2576,58.9988,-58.9988,0.0,C=C1C2C(C3CCCCC3)=CC(=O)C3(OC(=O)c4ccccc4)C=CC2CC13OC=Cc1ccccc1,1,C=C1C2C(C3CCCCC3)=CC(=O)C3(OC(=O)c4ccccc4)C=CC2CC13OC=Cc1ccccc1,0.0,0.0,0.0,0.0,0.0,0.0,0.0,0.0,1.0,1.0,0.0,0.0,0.0,0.0,0.0,0.0,100,-9.097456,23.27668
23.5168,36.0056,-10.5399,0.3979011,O=C1c2ccccc2C(=O)c2c1c(=Cc1ccccc1)cc1c2=NC=C1,1,O=C1c2ccccc2C(=O)c2c1c(=Cc1ccccc1)cc1c2=NC=C1,0.3575627,-3.4543,0.0178685,0.6498,0.9629225,335.362,0.9309163,2.9585,1.0,1.0,1.0,1.0,1.0,1.0,1.0,1.0,240,-12.020248,5.7356796
24.5903,30.87,-5.619,0.3945476,ClC1=CC(=Cc2ccccc2)N=C1c1cccc(N=Nc2ccccc2)c1,1,C1=CC(c2cccc(N=Nc3ccccc3)c2)=NC1=Cc1ccccc1,0.3462114,-3.5354,0.0170076,0.5952,0.9983964,369.855,0.9422038,2.7724,1.0,1.0,1.0,1.0,1.0,1.0,1.0,1.0,340,7.2636323,25.331587
11.2232,17.4259,-17.4259,0.0,F[B-]1(F)n2cccc2C(c2ccccc2)=C2C=CC(Br)=[N+]21,1,[BH2-]1n2cccc2C(c2ccccc2)=C2C=CC=[N+]12,0.8549731,0.3894,0.0402972,1.5578,0.9869546,346.971,0.8579702,3.7425,1.0,1.0,1.0,1.0,1.0,1.0,1.0,1.0,280,22.727259,-10.318198
22.6714,21.2676,-20.6528,0.0096053,Cc1ccc(N(C)C)nn1,1,c1ccnnc1,0.0283458,-8.2563,0.0156713,0.5049,3e-07,137.186,0.9628304,2.3199,1.0,1.0,1.0,1.0,1.0,1.0,1.0,1.0,80,-7.4477835,-20.633179
32.8996,39.0994,-14.1965,0.3891066,O=C1C2=C(C(=C3CCCc4ccccc43)C(=O)C2OCc2ccccc2)c2ccccc21,1,O=C1C2=C(C(=C3CCCc4ccccc43)C(=O)C2OCc2ccccc2)c2ccccc21,0.3349293,-3.6172,0.0178619,0.6494,0.9999818,418.492,0.9204946,3.1068,1.0,1.0,1.0,1.0,1.0,1.0,1.0,1.0,180,-9.368518,8.946759
25.9829,28.5634,-22.7316,0.0911232,C1=CC=c2c(cc3cccc4ccccc2-c-4=c-3)C=C1,1,C1=CC=c2c(cc3cccc4ccccc2-c-4=c-3)C=C1,0.066168,-6.8111,0.0146173,0.4282,0.0146844,254.332,0.8587608,3.7362,1.0,1.0,1.0,1.0,1.0,1.0,1.0,1.0,40,-0.27932373,6.80991
22.3078,37.6564,-16.9126,0.3241209,Cc1ccc(C2=C(c3ccc(Br)cc3)C(Cl)=[N+]3C2=C(c2ccc(Br)cc2)c2ccccc23)cc1,1,C1=[N+]2C(=C(c3ccccc3)c3ccccc32)C(c2ccccc2)=C1c1ccccc1,0.2031263,-4.7261,0.0192262,0.7308,1.0,588.75,0.9368717,2.8642,1.0,1.0,1.0,1.0,1.0,1.0,1.0,1.0,360,19.523764,-0.86151224
20.2988,19.8221,-17.9102,0.0298733,O=c1nc(Br)ccn1C1OC(CO)C(O)C1O,1,O=c1ncccn1C1CCCO1,0.0005523,-14.7158,0.0286703,1.1752,0.6578966,307.1,0.8505444,3.8008,1.0,1.0,1.0,1.0,1.0,1.0,1.0,1.0,20,-16.875378,-20.117237
40.5184,47.5099,-20.6795,0.4192249,O=C1C(=O)N2CC3c4ccccc4CC3C2=CC1=CC1=C(Br)C(=O)c2ccccc2C1=O,1,O=C1C(=O)N2CC3c4ccccc4CC3C2=CC1=CC1=CC(=O)c2ccccc2C1=O,0.4374849,-2.9094,0.0180655,0.6619,0.9999999,486.321,0.8281016,3.9637,1.0,1.0,1.0,1.0,1.0,1.0,1.0,1.0,140,-7.806833,5.8872194
28.4934,28.1603,-28.1603,0.0,CC(=O)C(c1nc2ccccc2[nH]1)C(C)C,1,c1ccc2[nH]cnc2c1,0.0,0.0,0.0,0.0,0.0,0.0,0.0,0.0,1.0,1.0,0.0,0.0,0.0,0.0,0.0,0.0,120,-28.136366,11.381602
8.163,20.8614,-20.8614,0.0,F[B-]1(F)n2cccc2C(=C2C=CC=[N+]2c2ccccc2)c2cccn21,1,[BH2-]1n2cccc2C(=C2C=CC=[N+]2c2ccccc2)c2cccn21,0.7796591,-0.442,0.0330664,1.335,0.9549217,333.15,0.8026186,4.1293,1.0,1.0,1.0,1.0,1.0,1.0,1.0,1.0,260,35.0134,-18.31912
21.6161,23.961,-18.7775,0.0809916,Clc1ccc2c(c1)c(-c1ccccc1)c(-c1ccccc1)c1cccc(Cl)c12,1,c1ccc(-c2c(-c3ccccc3)c3ccccc3c3ccccc23)cc1,0.0057025,-10.9054,0.0207355,0.8145,0.9998935,399.32,0.9734445,1.9806,1.0,1.0,1.0,1.0,1.0,1.0,1.0,1.0,120,-3.4848106,-6.5704885
19.8348,22.2026,-18.4546,0.0585618,O=Cc1c(-c2ccc([N+](=O)[O-])cc2)[nH]c2ccccc12,1,c1ccc(-c2cc3ccccc3[nH]2)cc1,0.0122735,-9.6463,0.0134849,0.3394,0.0427811,266.256,0.9700202,2.1026,1.0,1.0,1.0,1.0,1.0,1.0,1.0,1.0,60,-11.870425,-13.506902
21.1064,45.4557,-8.657,0.5749795,F[B-]1(F)C(=C2c3ccccc3Oc3ccccc32)C2=Cc3cccn3[B-](F)(F)[N+]2=C(Cl)c2cccn21,1,[BH2-]1C(=C2c3ccccc3Oc3ccccc32)C2=Cc3cccn3[BH2-][N+]2=Cc2cccn21,0.8612648,0.4736,0.0309719,1.2616,1.0,506.484,0.7848522,4.2354,1.0,1.0,1.0,1.0,1.0,1.0,1.0,1.0,260,19.507082,-12.619582
17.2352,21.945,-18.8988,0.0475974,Cc1[nH]c(=O)nc(-c2ccccc2)c1C(=O)c1ccccc1,1,O=C(c1ccccc1)c1c[nH]c(=O)nc1-c1ccccc1,0.00305,-11.9289,0.0126087,0.2655,0.2908256,290.322,0.9727027,2.0083,1.0,1.0,1.0,1.0,1.0,1.0,1.0,1.0,220,-6.1747828,25.10003
25.7577,33.8218,-16.0421,0.2778079,BrC1=C(Br)C(=C2C(c3ccccc3)=C(c3ccccc3)c3c(Br)ccc(Br)c32)C(Br)=C1Br,1,C1=CC(=C2C(c3ccccc3)=C(c3ccccc3)c3ccccc32)C=C1,0.2177782,-4.5824,0.0164077,0.5556,0.4132494,803.806,0.9315188,2.9494,1.0,1.0,1.0,1.0,1.0,1.0,1.0,1.0,240,7.652428,10.447644
20.9647,43.33,-5.3613,0.593261,Cc1cc(C2=C3c4ccccc4C(c4ccc(Cl)cc4)=[N+]3[B-](F)(F)n3c(Cl)ccc32)cc(Cl)c1O,1,[BH2-]1n2cccc2C(c2ccccc2)=C2c3ccccc3C(c3ccccc3)=[N+]12,0.8036349,-0.205,0.0366659,1.4512,1.0,527.594,0.8900812,3.4562,1.0,1.0,1.0,1.0,1.0,1.0,1.0,1.0,360,13.076601,-4.5286674
37.0459,38.5608,-33.1822,0.0840405,O=C(Nc1c(-c2ccccc2)c2ccccc2c2ccccc12)c1occc1-c1ccc(Cl)cc1,1,O=C(Nc1c(-c2ccccc2)c2ccccc2c2ccccc12)c1occc1-c1ccccc1,0.0068558,-10.6036,0.0158372,0.5165,0.9999999,473.959,0.9639822,2.288,1.0,1.0,1.0,1.0,1.0,1.0,1.0,1.0,20,-17.588627,-10.77453
26.0824,32.4082,-29.7564,0.0414344,Cc1ccc(S(=O)(=O)N2CC(c3ccccc3)=C3c4ccccc4CN(c4ccccc4)C(=O)C32)cc1,1,O=C1C2C(=C(c3ccccc3)CN2S(=O)(=O)c2ccccc2)c2ccccc2CN1c1ccccc1,0.0010681,-13.6409,0.0215073,0.8551,1.0,506.627,0.926937,3.0175,1.0,1.0,1.0,1.0,1.0,1.0,1.0,1.0,120,-10.425792,-3.6712277
17.7018,35.5927,1.2633,0.5758749,F[B-]1(F)n2cccc2C(c2ccc(C(F)(F)F)cc2)=C2C=C(c3cccc4ccccc34)C(c3ccccc3)=[N+]21,1,[BH2-]1n2cccc2C(c2ccccc2)=C2C=C(c3cccc4ccccc34)C(c3ccccc3)=[N+]12,0.799728,-0.245,0.0284232,1.1655,1.0,538.328,0.8990602,3.3631,1.0,1.0,1.0,1.0,1.0,1.0,1.0,1.0,320,15.927748,-8.840623
15.8542,33.629,-1.8979,0.4957977,F[B-]1(F)n2c(cc(Cl)c2-c2ccccc2)C(c2ccccc2)=C2C(c3ccccc3)=CC(c3ccc(Cl)cc3)=[N+]21,1,[BH2-]1n2c(ccc2-c2ccccc2)C(c2ccccc2)=C2C(c3ccccc3)=CC(c3ccccc3)=[N+]12,0.5049598,-2.4677,0.0358288,1.4252,1.0,565.259,0.9090299,3.2507,1.0,1.0,1.0,1.0,1.0,1.0,1.0,1.0,360,18.325743,-3.7685273
23.7558,26.4723,-23.7977,0.0417898,Clc1ccc2c(c1)c(-c1ccccc1)cn1c(-c3ccccc3)nnc21,1,c1ccc(-c2cn3c(-c4ccccc4)nnc3c3ccccc23)cc1,0.0011851,-13.4714,0.0148365,0.4446,0.9941877,355.828,0.9696583,2.1147,1.0,1.0,1.0,1.0,1.0,1.0,1.0,1.0,140,-3.4632444,-6.149411
25.6913,33.5185,1.0898,0.5407555,O=C1C=CC=CC1=c1[nH]c(=C2C=Cc3ccccc32)n(-c2ccccc2)c1=O,1,O=C1C=CC=CC1=c1[nH]c(=C2C=Cc3ccccc32)n(-c2ccccc2)c1=O,0.7104951,-1.0379,0.0232853,0.9433,0.9973534,364.404,0.9241265,3.0573,1.0,1.0,1.0,1.0,1.0,1.0,1.0,1.0,180,-11.180717,3.7384412
24.0895,33.8548,-8.9857,0.38858,C[N+]1=C(c2ccccc2)C(Cl)=CC1=C1C=C(c2ccccc2)[B-](Cl)(Cl)C(c2ccccc2)=C1c1ccccc1,1,[BH2-]1C(c2ccccc2)=CC(=C2C=CC(c3ccccc3)=[NH+]2)C(c2ccccc2)=C1c1ccccc1,0.3124805,-3.7842,0.0239396,0.9741,1.0,564.752,0.8920083,3.4368,1.0,1.0,1.0,1.0,1.0,1.0,1.0,1.0,340,9.39619,11.342781
12.4097,26.4117,-26.4117,0.0,F[B-]1(F)n2ccc(Br)c2C(c2ccc(Br)cc2)=C2C=CC=[N+]21,1,[BH2-]1n2cccc2C(c2ccccc2)=C2C=CC=[N+]12,0.8681078,0.5688,0.039007,1.5211,0.9999908,425.867,0.8425783,3.8608,1.0,1.0,1.0,1.0,1.0,1.0,1.0,1.0,260,24.206032,-20.089216
16.9497,16.2098,-14.9957,0.0189705,O=P1(c2ccccc2)c2ccccc2-c2ccccc21,1,O=P1(c2ccccc2)c2ccccc2-c2ccccc21,0.000413,-15.1896,0.0218514,0.8727,0.1010916,276.275,0.9513646,2.5944,1.0,1.0,1.0,1.0,1.0,1.0,1.0,1.0,120,-13.34885,11.5451
19.7247,19.9604,-18.2256,0.0271069,O=C(Nc1ccccc1)c1cc(Cl)cc([N+](=O)[O-])c1,1,O=C(Nc1ccccc1)c1ccccc1,0.0012233,-13.4198,0.0107534,0.0906,0.1045234,276.679,0.9800016,1.697,1.0,1.0,1.0,1.0,1.0,1.0,1.0,1.0,400,-6.8733664,-16.56454
24.2929,28.0074,-3.6702,0.3802687,CN1c2ccccc2C2C(c3ccccc3)=C3C(=Cc4ccccc43)C21,1,C1=C2C(=C(c3ccccc3)C3c4ccccc4NC23)c2ccccc21,0.3146989,-3.7674,0.0203611,0.7943,0.9560343,333.434,0.9020507,3.3305,1.0,1.0,1.0,1.0,1.0,1.0,1.0,1.0,200,-4.4805207,5.289426
19.4983,34.6409,-0.0084,0.5411336,F[B-]1(F)n2cccc2C(c2ccc(-c3ccc4ccccc4n3)cc2)=C2C=CC(c3ccc4ccccc4c3)=[N+]21,1,[BH2-]1n2cccc2C(c2ccc(-c3ccc4ccccc4n3)cc2)=C2C=CC(c3ccc4ccccc4c3)=[N+]12,0.726329,-0.9104,0.0230773,0.9333,1.0,521.379,0.9018984,3.3322,1.0,1.0,1.0,1.0,1.0,1.0,1.0,1.0,280,23.494377,-11.834456
17.7013,32.4878,5.7432,0.5973588,F[B-]1(F)n2cc(-c3ccncc3)cc2C(c2cccs2)=C2C=CC(c3ccccc3)=[N+]21,1,[BH2-]1n2cc(-c3ccncc3)cc2C(c2cccs2)=C2C=CC(c3ccccc3)=[N+]12,0.8350152,0.1409,0.0349807,1.3982,0.9999919,427.288,0.8827639,3.5272,1.0,1.0,1.0,1.0,1.0,1.0,1.0,1.0,360,22.489891,-8.711704
29.2101,30.8957,-27.5109,0.0528865,O=S1(=O)Nc2ccccc2NC(c2ccc(F)cc2)=C1F,1,O=S1(=O)C=C(c2ccccc2)Nc2ccccc2N1,0.002471,-12.2727,0.0178168,0.6466,0.6825004,308.309,0.9451682,2.7179,1.0,1.0,1.0,1.0,1.0,1.0,1.0,1.0,180,3.9376972,-13.004407
38.1083,43.3168,-22.6014,0.3236784,BrC1=CC=C2C(=c3c4cccc3c1cc4)c1ccccc1C=CC2(c1ccccc1)c1ccccc1,1,C1=Cc2ccc3cccc2c3=C2C(=C1)C(c1ccccc1)(c1ccccc1)C=Cc1ccccc12,0.2361248,-4.4121,0.0170415,0.5974,1.0,523.473,0.8048002,4.1158,1.0,1.0,1.0,1.0,1.0,1.0,1.0,1.0,100,3.2151072,8.729616
12.7856,23.6787,-23.6787,0.0,F[B-]1(F)n2c(Cl)c(Cl)c(Cl)c2C(c2ccccc2)=C2C=C(Cl)C(Cl)=[N+]21,1,[BH2-]1n2cccc2C(c2ccccc2)=C2C=CC=[N+]12,0.8068383,-0.1718,0.0429718,1.6306,0.9999976,440.3,0.8478642,3.8213,1.0,1.0,1.0,1.0,1.0,1.0,1.0,1.0,260,23.866196,3.0241885
16.1654,37.459,0.3035,0.5900396,Cc1ccc2n1[B-](F)(F)[N+]1=NC(c3ccc(Br)cc3)=CC1=C2c1cccnc1,1,[BH2-]1n2cccc2C(c2cccnc2)=C2C=C(c3ccccc3)N=[N+]12,0.8542578,0.38,0.030401,1.2407,0.9999973,439.072,0.8703374,3.6395,1.0,1.0,1.0,1.0,1.0,1.0,1.0,1.0,280,34.963768,-7.173218
26.085,30.1496,-5.8506,0.3796725,F[B-]1(F)n2cc(-c3ccccc3Br)cc2-c2ccccc2C2=CC(c3ccccc3)=[N+]21,1,[BH2-]1n2cc(-c3ccccc3)cc2-c2ccccc2C2=CC(c3ccccc3)=[N+]12,0.2950463,-3.9185,0.0230511,0.9321,0.9999999,473.129,0.9038908,3.31,1.0,1.0,1.0,1.0,1.0,1.0,1.0,1.0,200,17.691517,-5.0283165
40.1851,43.6058,-39.281,0.067574,O=C1C2C3C4C=CC(c5ccccc5C423)N1C1=Cc2ccccc21,1,O=C1C2C3C4C=CC(c5ccccc5C423)N1C1=Cc2ccccc21,0.0075771,-10.4395,0.0183438,0.6788,0.7032507,309.368,0.4800206,5.5781,1.0,1.0,1.0,1.0,1.0,1.0,1.0,1.0,100,-11.274483,14.9163065
18.313,25.5417,-12.2693,0.2073808,O=C1C(=Cc2ccccc2)C(=O)N(c2ccccc2)C1=Cc1ccncc1,1,O=C1C(=Cc2ccccc2)C(=O)N(c2ccccc2)C1=Cc1ccncc1,0.0687427,-6.7444,0.0155021,0.4929,0.9920419,352.393,0.9613182,2.3604,1.0,1.0,1.0,1.0,1.0,1.0,1.0,1.0,260,-2.541239,1.9049155
11.1847,18.9267,-18.9267,0.0,Cc1ccc(C2=C3C=CC=[N+]3[B-](F)(F)n3cccc32)cc1,1,[BH2-]1n2cccc2C(c2ccccc2)=C2C=CC=[N+]12,0.8459952,0.2744,0.0385947,1.5091,0.1613162,282.102,0.8707535,3.6359,1.0,1.0,1.0,1.0,1.0,1.0,1.0,1.0,360,24.107693,-18.960535
15.6516,36.4687,0.2581,0.573855,CC1=C2C(c3cccnc3)=CC(c3ccccc3)=[N+]2[B-](F)(F)n2c1cc(Br)c2Br,1,[BH2-]1n2cccc2C=C2C(c3cccnc3)=CC(c3ccccc3)=[N+]12,0.7585105,-0.636,0.0357127,1.4215,1.0,516.98,0.8688963,3.652,1.0,1.0,1.0,1.0,1.0,1.0,1.0,1.0,400,25.130901,-5.3820066
16.557,38.3079,-1.157,0.5804826,O=[N+]([O-])c1cccc(C2=[N+]3C(=C(c4ccccc4)c4ccc(Cl)n4[B-]3(F)F)C(c3ccc(Cl)cc3)=C2)c1,1,[BH2-]1n2cccc2C(c2ccccc2)=C2C(c3ccccc3)=CC(c3ccccc3)=[N+]12,0.781701,-0.4225,0.0331918,1.3392,1.0,534.158,0.8935918,3.4206,1.0,1.0,1.0,1.0,1.0,1.0,1.0,1.0,380,15.451339,-4.3050575
26.4229,29.336,-14.771,0.2275776,O=S1(=O)c2ccccc2C([S+][O-])=C(c2ccccc2)c2ccccc21,1,O=S1(=O)c2ccccc2C=C(c2ccccc2)c2ccccc21,0.0703342,-6.7044,0.0326788,1.3217,0.997597,365.455,0.9378464,2.848,1.0,1.0,1.0,1.0,1.0,1.0,1.0,1.0,340,-5.1614633,13.514832
35.4876,38.8904,-33.8659,0.0785077,O=C1c2ccccc2C2(C(=O)c3ccccc3-c3ccccc32)C12Nc1ccccc1-c1nccnc12,1,O=C1c2ccccc2C2(C(=O)c3ccccc3-c3ccccc32)C12Nc1ccccc1-c1nccnc12,0.0075792,-10.439,0.0117186,0.185,0.9999999,477.523,0.7623471,4.361,1.0,1.0,1.0,1.0,1.0,1.0,1.0,1.0,100,-6.592577,13.207974
34.0979,38.3551,-32.495,0.0915642,Cc1cccc(P(c2ccccc2)c2ccccc2)c1P(c1ccccc1)c1c(Pc2ccccc2)ccc2c(C)cccc12,1,c1ccc(Pc2ccc3ccccc3c2P(c2ccccc2)c2ccccc2P(c2ccccc2)c2ccccc2)cc1,0.0092273,-10.1159,0.0173771,0.619,0.9999998,632.664,0.8377316,3.896,1.0,1.0,1.0,1.0,1.0,1.0,1.0,1.0,120,-14.054879,7.190886
24.7767,35.2393,-7.575,0.4322552,O=C1c2nc(Br)ccc2C(c2ccc(Br)cc2)=C2C(Br)=C(c3ccccc3)C=[N+]12,1,O=C1c2ncccc2C(c2ccccc2)=C2C=C(c3ccccc3)C=[N+]12,0.3941216,-3.2003,0.0257584,1.0556,1.0,572.074,0.9104498,3.2338,1.0,1.0,1.0,1.0,1.0,1.0,1.0,1.0,380,24.465593,0.13512097
22.8816,23.9806,-23.5488,0.006747,S=C1OC2CC1c1ccccc12,1,S=C1OC2CC1c1ccccc12,0.0028559,-12.0363,0.0116546,0.179,1.12e-05,176.24,0.7713144,4.312,1.0,1.0,1.0,1.0,1.0,1.0,1.0,1.0,40,-16.829838,15.609775
8.4908,23.4948,-23.4948,0.0,F[B-]1(F)n2cccc2C(c2ccc[nH]2)=C2C=CC(Cl)=[N+]21,1,[BH2-]1n2cccc2C(c2ccc[nH]2)=C2C=CC=[N+]12,0.8600594,0.4572,0.0468253,1.7283,0.3136404,291.497,0.7677588,4.3316,1.0,1.0,1.0,1.0,1.0,1.0,1.0,1.0,260,24.998758,-9.507887
14.5522,32.1436,6.0218,0.5963337,F[B-]1(F)n2cccc2C(c2ccco2)=C2C(c3ccncc3)=CC(c3ccncc3)=[N+]21,1,[BH2-]1n2cccc2C(c2ccco2)=C2C(c3ccncc3)=CC(c3ccncc3)=[N+]12,0.8306363,0.0897,0.0373283,1.4714,0.9999675,412.208,0.8611403,3.7169,1.0,1.0,1.0,1.0,1.0,1.0,1.0,1.0,360,21.269114,-8.825332
21.178,28.0736,-4.3159,0.3712142,Cc1ccc(C(=C2c3ccccc3-c3cc(Br)c(Br)cc32)c2ccccc2)cc1,1,c1ccc(C(=C2c3ccccc3-c3ccccc32)c2ccccc2)cc1,0.2893322,-3.9635,0.0174162,0.6215,1.0,502.249,0.9628614,2.3191,1.0,1.0,1.0,1.0,1.0,1.0,1.0,1.0,260,1.0229603,18.62331
34.2008,32.4539,-28.3093,0.064759,COc1ccc(Cc2cc3ccc(OC)cc3c3cocc23)cc1,1,c1ccc(Cc2cc3ccccc3c3cocc23)cc1,0.0034924,-11.7076,0.0214007,0.8496,0.8445033,318.372,0.9618356,2.3468,1.0,1.0,1.0,1.0,1.0,1.0,1.0,1.0,140,-10.414143,-22.619913
20.6019,41.8036,-9.6135,0.5029714,F[B-]1(F)C(c2ccc(Br)c3ccccc23)=c2cc(Br)ccc2=C(c2ccc(-c3cccnc3)cc2)c2cccn21,1,[BH2-]1C(c2cccc3ccccc23)=c2ccccc2=C(c2ccc(-c3cccnc3)cc2)c2cccn21,0.6010685,-1.8324,0.0235118,0.954,0.9999987,653.153,0.8994507,3.3589,1.0,1.0,1.0,1.0,1.0,1.0,1.0,1.0,240,30.622791,-9.878032
27.079,26.5405,-25.3642,0.018379,O=C1CC(c2ccc(Cl)cc2)C([N+](=O)[O-])(C(F)(F)F)N1,1,O=C1CC(c2ccccc2)CN1,0.0002099,-16.2923,0.0108755,0.103,0.6891289,308.643,0.8632916,3.6992,1.0,1.0,1.0,1.0,1.0,1.0,1.0,1.0,20,0.7337056,-20.63381
30.7381,36.3869,-16.5088,0.3105955,O=[N+]([O-])c1cc(N=Nc2c(F)c(F)c(F)c(F)c2F)c(Nc2ccccc2)cc1[N+](=O)[O-],1,c1ccc(N=Nc2ccccc2Nc2ccccc2)cc1,0.18304,-4.9362,0.0193074,0.7355,0.9999993,453.283,0.9303474,2.9672,1.0,1.0,1.0,1.0,1.0,1.0,1.0,1.0,240,-14.430013,-16.320877
25.8114,30.1908,-19.8852,0.1610263,Cc1ccc(S(=O)(=O)n2c(-c3ccccc3)c3c4ccccc4cc(-c4ccccc4)n3c2=O)cc1,1,O=c1n(S(=O)(=O)c2ccccc2)c(-c2ccccc2)c2c3ccccc3cc(-c3ccccc3)n12,0.0340992,-7.9457,0.0188401,0.7084,1.0,490.584,0.9553425,2.5069,1.0,1.0,1.0,1.0,1.0,1.0,1.0,1.0,220,-11.462028,-4.9458804
28.3448,33.2285,-21.2173,0.187675,c1ccc(Nc2cn3c(nc4ccccc43)c(-c3ccccc3)c2-c2ccccc2)cc1,1,c1ccc(Nc2cn3c(nc4ccccc43)c(-c3ccccc3)c2-c2ccccc2)cc1,0.0493372,-7.3182,0.0195872,0.7514,0.9999654,411.508,0.9645708,2.2713,1.0,1.0,1.0,1.0,1.0,1.0,1.0,1.0,200,8.506714,5.7826285
20.8452,22.4268,-20.236,0.0342298,c1ccc2c(c1)cc(N1CCCC1)c1ccccc12,1,c1ccc2c(c1)cc(N1CCCC1)c1ccccc12,0.0061995,-10.7685,0.018661,0.6978,0.007767,247.341,0.9793626,1.7284,1.0,1.0,1.0,1.0,1.0,1.0,1.0,1.0,120,-22.01112,-7.1235876
25.8126,32.1653,-13.3768,0.2935709,CN1C(=O)C(=C2CCCCC2)C1=C(c1ccccc1)c1ccccc1,1,O=C1NC(=C(c2ccccc2)c2ccccc2)C1=C1CCCCC1,0.1403062,-5.4523,0.0295528,1.2091,0.9377193,329.443,0.9566871,2.4757,1.0,1.0,1.0,1.0,1.0,1.0,1.0,1.0,340,1.0333948,22.256187
38.2014,42.8802,-27.924,0.2336908,C(=NC1=Cc2ccccc2N=C2c3ccccc3C(=Nc3ccccc3)c3ccccc3C12)c1ccc2ccccc2n1,1,C(=NC1=Cc2ccccc2N=C2c3ccccc3C(=Nc3ccccc3)c3ccccc3C12)c1ccc2ccccc2n1,0.1043193,-6.0017,0.0135143,0.3418,1.0,550.665,0.8716189,3.6284,1.0,1.0,1.0,1.0,1.0,1.0,1.0,1.0,160,-7.5728664,14.408752
30.6518,26.7785,-26.7785,0.0,CN(C(=Nc1ccc(C(C#N)=Cc2ccc(N(c3ccccc3)c3ccccc3)cc2)cc1)c1ccccc1)c1ccccc1,1,C(=Cc1ccc(N(c2ccccc2)c2ccccc2)cc1)c1ccc(N=C(Nc2ccccc2)c2ccccc2)cc1,0.0,0.0,0.0,0.0,0.0,0.0,0.0,0.0,1.0,1.0,0.0,0.0,0.0,0.0,0.0,0.0,120,-0.03868833,28.304806
41.1441,42.8077,-34.4114,0.1311917,C[Si](C)(C)C(=C1N=C(c2ccc(Cl)cc2)[B-]2(C#C[Si](C)(C)c3ccccc3O2)O1)[Si](C)(C)C,1,C=C1N=C(c2ccccc2)[B-]2(C#C[SiH2]c3ccccc3O2)O1,0.031269,-8.0916,0.0197792,0.7622,1.0,509.059,0.5332859,5.3697,1.0,1.0,1.0,1.0,1.0,1.0,1.0,1.0,40,4.860949,-5.709524
23.173,41.8741,-10.1849,0.495143,F[B-]1(F)C2=C(Cl)N(c3ccccc3)[B-](F)(F)[N+](=C3C=CC(Cl)=C3)C2=C(c2ccccn2)c2c(Cl)c(Cl)c(Cl)n21,1,[BH2-]1C2=CN(c3ccccc3)[BH2-][N+](=C3C=CC=C3)C2=C(c2ccccn2)c2cccn21,0.6341863,-1.6039,0.0265747,1.0904,0.9999998,631.269,0.7584761,4.3818,1.0,1.0,1.0,1.0,1.0,1.0,1.0,1.0,400,24.0229,2.5336876
26.7242,31.3017,-12.4293,0.2948817,Cc1ccc(S(=O)(=O)Oc2c(-c3ccccc3)[nH]c3cc4ccccc4c(-c4ccccc4)c23)cc1,1,O=S(=O)(Oc1c(-c2ccccc2)[nH]c2cc3ccccc3c(-c3ccccc3)c12)c1ccccc1,0.1403502,-5.4517,0.0276607,1.1351,1.0,489.596,0.9587729,2.4253,1.0,1.0,1.0,1.0,1.0,1.0,1.0,1.0,120,-12.157347,-5.316615
29.2416,33.2747,-26.4156,0.1071734,Clc1ccc(C2c3ccc4ccccc4c3-c3c2oc2ccc4ccccc4c32)cc1,1,c1ccc(C2c3ccc4ccccc4c3-c3c2oc2ccc4ccccc4c32)cc1,0.0138304,-9.4492,0.0130133,0.3002,0.9999789,416.907,0.9342229,2.9072,1.0,1.0,1.0,1.0,1.0,1.0,1.0,1.0,80,-23.334751,2.1902196
30.4994,32.6459,-16.461,0.2528891,Cn1c(=O)oc2ccc3ccc(N=NN4CCOCC4)cc3c21,1,O=c1[nH]c2c(ccc3ccc(N=NN4CCOCC4)cc32)o1,0.1306714,-5.5863,0.0161712,0.5396,0.7568606,312.329,0.9283859,2.9964,1.0,1.0,1.0,1.0,1.0,1.0,1.0,1.0,160,-21.5278,13.339599
25.6124,25.7022,5.7346,0.4912009,C[Si](C)(C)C(=C1c2ccccc2-c2ccccc21)[Si]1(c2ccccc2)C(c2ccccc2)=C(c2ccccc2)C(c2ccccc2)=C1c1ccccc1,1,C(=C1c2ccccc2-c2ccccc21)[Si]1(c2ccccc2)C(c2ccccc2)=C(c2ccccc2)C(c2ccccc2)=C1c1ccccc1,0.5631726,-2.0863,0.0221726,0.8889,0.9997229,711.069,0.9269724,3.0169,1.0,1.0,1.0,1.0,1.0,1.0,1.0,1.0,80,4.056926,14.798527
19.1274,31.5821,6.7148,0.5983888,F[B-]1(F)n2cccc2C(c2ccccc2)=C2C3=C(CCc4ccccc43)C(c3ccccc3)=[N+]21,1,[BH2-]1n2cccc2C(c2ccccc2)=C2C3=C(CCc4ccccc43)C(c3ccccc3)=[N+]12,0.8377258,0.1732,0.0332754,1.3421,0.9999986,446.309,0.9019114,3.332,1.0,1.0,1.0,1.0,1.0,1.0,1.0,1.0,280,17.977402,-7.0739493
34.5676,39.4851,-38.3329,0.0180026,Cc1cccc(Cc2ccccc2C(=NCc2ccccc2)c2ccccc2Br)n1,1,c1ccc(CN=C(c2ccccc2)c2ccccc2Cc2ccccn2)cc1,0.0001449,-16.8957,0.0134272,0.3346,0.9999994,455.399,0.9594433,2.4086,1.0,1.0,1.0,1.0,1.0,1.0,1.0,1.0,180,-12.565082,-22.24743
20.7136,27.3221,-2.8347,0.3826143,Cc1ccc(C2=C(c3cc(C)n(-c4ccccc4)c3C)C(=O)c3ccccc32)cc1,1,O=C1C(c2ccn(-c3ccccc3)c2)=C(c2ccccc2)c2ccccc21,0.2978784,-3.8964,0.0201976,0.7854,0.999737,389.498,0.9656276,2.2407,1.0,1.0,1.0,1.0,1.0,1.0,1.0,1.0,380,-6.1322956,3.1211092
24.4261,34.3434,-17.735,0.2595064,F[B-]1(F)OC(c2ccccc2)=C(c2ccccc2)c2c(-c3ccccc3)c(-c3ccccc3)c3c(c2-c2ccccc2)[N+]1=C(c1ccccc1)C3,1,[BH2-]1OC(c2ccccc2)=C(c2ccccc2)c2c(-c3ccccc3)c(-c3ccccc3)c3c(c2-c2ccccc2)[N+]1=C(c1ccccc1)C3,0.1233164,-5.6943,0.0202462,0.7881,0.9999965,663.576,0.8429943,3.8577,1.0,1.0,1.0,1.0,1.0,1.0,1.0,1.0,180,12.417281,4.369304
33.2799,42.3636,-8.6573,0.526661,NC1=NN(c2ccccc2)C(=O)C1=C1C(=O)N(c2ccccc2)C2=C1CC(=O)c1ccccc12,1,O=C1CC2=C(c3ccccc31)N(c1ccccc1)C(=O)C2=C1C=NN(c2ccccc2)C1=O,0.6412163,-1.5544,0.025303,1.0358,0.9999986,446.466,0.9347131,2.8993,1.0,1.0,1.0,1.0,1.0,1.0,1.0,1.0,260,-3.7652595,2.6596837
26.9465,32.2759,-1.3755,0.4828195,c1ccc(-c2cc3ccccc3cc2-c2c(-c3c4ccccc4cc4ccccc34)ccc3ccccc23)cc1,1,c1ccc(-c2cc3ccccc3cc2-c2c(-c3c4ccccc4cc4ccccc34)ccc3ccccc23)cc1,0.5697607,-2.0426,0.0164958,0.5615,1.0,506.648,0.9708229,2.0753,1.0,1.0,1.0,1.0,1.0,1.0,1.0,1.0,160,-27.905355,-4.9867725
31.9361,32.6594,-24.6822,0.1246435,O=C1CCCC(c2ccccc2O)=C1c1cccc2cccc(F)c12,1,O=C1CCCC(c2ccccc2)=C1c1cccc2ccccc12,0.020197,-8.8219,0.0133591,0.329,0.951743,332.374,0.958104,2.4417,1.0,1.0,1.0,1.0,1.0,1.0,1.0,1.0,140,-15.963666,2.1099505
27.5712,31.8846,-19.8322,0.1883191,O=C(c1ccccc1)N1C2=C(c3ccccc3)c3ccccc3SC21,1,O=C(c1ccccc1)N1C2=C(c3ccccc3)c3ccccc3SC21,0.0477917,-7.3727,0.0244682,0.9984,0.978465,341.435,0.9423789,2.7693,1.0,1.0,1.0,1.0,1.0,1.0,1.0,1.0,200,-4.8528028,22.110418
19.841,43.4736,-6.8794,0.5717849,Cn1cccc1C1=C(Cl)C(F)(F)C2=[N+](c3ccccc3)[B-](F)(F)n3c(Br)ccc3C(c3ccccc3)=C12,1,[BH2-]1n2cccc2C(c2ccccc2)=C2C(c3ccc[nH]3)=CCC2=[N+]1c1ccccc1,0.7961816,-0.2809,0.0315818,1.2834,1.0,586.623,0.8467928,3.8294,1.0,1.0,1.0,1.0,1.0,1.0,1.0,1.0,300,26.216043,-0.7904275
33.0419,43.9109,-24.9024,0.2970082,Clc1ccccc1C=c1cc2c(cc1-c1ccccc1Cl)=[N+]=C(c1ccccc1)[N-]2,1,C(c1ccccc1)=c1cc2c(cc1-c1ccccc1)=[N+]=C(c1ccccc1)[N-]2,0.170298,-5.0789,0.0190255,0.7192,0.999992,427.334,0.8868103,3.4884,1.0,1.0,1.0,1.0,1.0,1.0,1.0,1.0,360,6.297174,0.1527367
28.5905,35.5399,-4.749,0.4811072,O=C1C=C(O)C(=O)C(=Cc2ccc(-c3ccccc3)cc2)C1=NNc1ccc(F)cc1,1,O=C1C=CC(=O)C(=NNc2ccccc2)C1=Cc1ccc(-c2ccccc2)cc1,0.5498977,-2.1739,0.0186681,0.6982,0.9999682,412.42,0.956313,2.4844,1.0,1.0,1.0,1.0,1.0,1.0,1.0,1.0,320,2.230473,-11.211861
12.7037,31.7189,6.5468,0.5979017,F[B-]1(F)n2cccc2C(c2cccnc2)=C2C=C(c3ccccc3)C(c3ccco3)=[N+]21,1,[BH2-]1n2cccc2C(c2cccnc2)=C2C=C(c3ccccc3)C(c3ccco3)=[N+]12,0.8248181,0.0233,0.0367974,1.4552,0.9999644,411.22,0.8816478,3.5377,1.0,1.0,1.0,1.0,1.0,1.0,1.0,1.0,300,21.442905,-7.530728
18.8783,34.7743,1.6036,0.5684041,Cc1ccc(C2=C3c4ccccc4C(c4ccncc4)=[N+]3[B-](F)(F)n3c(Br)c(Br)c(Br)c32)c(C)c1,1,[BH2-]1n2cccc2C(c2ccccc2)=C2c3ccccc3C(c3ccncc3)=[N+]12,0.7224208,-0.9422,0.0376639,1.4815,0.9999975,659.963,0.878157,3.57,1.0,1.0,1.0,1.0,1.0,1.0,1.0,1.0,360,11.913165,-3.80284
10.968,33.0962,5.0784,0.5964789,Cc1ccc(C2=C3c4ccccc4C(c4ccccn4)=[N+]3[B-](F)(F)n3c(Cl)ccc32)cc1,1,[BH2-]1n2cccc2C(c2ccccc2)=C2c3ccccc3C(c3ccccn3)=[N+]12,0.7892175,-0.3499,0.0392052,1.5268,0.9999982,443.693,0.9031731,3.318,1.0,1.0,1.0,1.0,1.0,1.0,1.0,1.0,380,13.156303,-5.1220155
20.0044,38.9735,0.3032,0.6136993,COc1ccc(C2=C3C(Cl)=C(c4ccc(Cl)cc4)C(C)=[N+]3[B-](F)(F)n3c(Cl)ccc32)cc1,1,[BH2-]1n2cccc2C(c2ccccc2)=C2C=C(c3ccccc3)C=[N+]12,0.8548555,0.3878,0.0387254,1.5129,1.0,491.561,0.8986584,3.3674,1.0,1.0,1.0,1.0,1.0,1.0,1.0,1.0,320,13.1152,-8.260396
14.5333,37.1187,1.1188,0.5974599,F[B-]1(F)n2c(cc(Cl)c2Cl)C(c2ccccn2)=C2C(c3ccccn3)=CC=[N+]21,1,[BH2-]1n2cccc2C(c2ccccn2)=C2C(c3ccccn3)=CC=[N+]12,0.8377597,0.1736,0.0378369,1.4867,0.999975,415.039,0.8523228,3.7871,1.0,1.0,1.0,1.0,1.0,1.0,1.0,1.0,360,17.62627,-20.243727
14.6445,31.7394,0.9676,0.5110477,Oc1ccc(C2=c3c(c(-c4ccncc4)c4cccn34)[B-](F)(F)n3cccc32)cc1,1,[BH2-]1c2c(-c3ccncc3)c3cccn3c2=C(c2ccccc2)c2cccn21,0.6017464,-1.8278,0.027663,1.1352,0.999882,398.201,0.8870662,3.486,1.0,1.0,1.0,1.0,1.0,1.0,1.0,1.0,360,28.141626,-9.23339
21.1467,17.7716,-15.0913,0.0418786,c1cc(N2CCOCC2)ccc1-c1ccc(N2CCOCC2)cc1,1,c1cc(N2CCOCC2)ccc1-c1ccc(N2CCOCC2)cc1,0.0012272,-13.4146,0.0151606,0.4684,0.9046104,324.424,0.9790916,1.7414,1.0,1.0,1.0,1.0,1.0,1.0,1.0,1.0,240,-0.54625905,-1.7698847
24.7451,33.9533,-8.2528,0.4015698,O=C1C2=C(c3ccccc3)C(=C(c3ccccc3)c3ccccc3)C(=C(c3ccccc3)c3ccccc3)C2=C(Cl)c2ccccc21,1,O=C1C2=C(c3ccccc3)C(=C(c3ccccc3)c3ccccc3)C(=C(c3ccccc3)c3ccccc3)C2=Cc2ccccc21,0.3591057,-3.4434,0.0170567,0.5984,0.9999999,621.179,0.9503075,2.6165,1.0,1.0,1.0,1.0,1.0,1.0,1.0,1.0,200,1.9313803,18.16489
32.5846,43.3021,-28.0371,0.2385143,Cc1ccc(S(=O)(=O)N2N=Cc3ccccc3C2=C2NC=Cc3ccccc32)nc1,1,O=S(=O)(c1ccccn1)N1N=Cc2ccccc2C1=C1NC=Cc2ccccc21,0.0972955,-6.1279,0.0179435,0.6544,0.9999737,414.49,0.9114257,3.2221,1.0,1.0,1.0,1.0,1.0,1.0,1.0,1.0,380,-9.234669,4.7849174
36.028,49.1156,-31.9964,0.2674868,Cc1ccccc1S1=CC=c2ccc(c3ccccc23)=C2c3ccccc3C1c1ccccc12,1,C1=c2ccc(c3ccccc23)=C2c3ccccc3C(c3ccccc32)S(c2ccccc2)=C1,0.1612905,-5.185,0.0262189,1.0754,0.9999992,452.622,0.592598,5.1338,1.0,1.0,1.0,1.0,1.0,1.0,1.0,1.0,260,-32.136932,-0.37334934
43.3906,44.1798,-42.3015,0.0293497,COC(=O)c1cccc2c1C1(c3ccccc3)[Se]C23c2ccccc2C(O)C31,1,c1ccc(C23[Se]C4(c5ccccc5CC24)c2ccccc23)cc1,0.0006517,-14.4463,0.0149682,0.4543,0.9999954,433.365,0.6528116,4.883,1.0,1.0,1.0,1.0,1.0,1.0,1.0,1.0,40,-14.788785,18.711014
23.15,22.5945,-21.0366,0.0243422,[O-]C12C3([O-])C1([S-])C23N1CCOCC1,1,C1CN(C23C4C2C43)CCO1,0.0326404,-8.0194,0.0179254,0.6533,8.49e-05,198.223,0.5602573,5.2633,1.0,1.0,1.0,1.0,1.0,1.0,1.0,1.0,60,-21.427446,13.646013
26.4597,38.7085,-12.5553,0.4086444,O=C1C(c2ccc(Br)s2)=C(c2ccc(Br)s2)c2c1sc1ccccc21,1,O=C1C(c2cccs2)=C(c2cccs2)c2c1sc1ccccc21,0.3494197,-3.5123,0.0225652,0.9084,1.0,508.281,0.9326378,2.9321,1.0,1.0,1.0,1.0,1.0,1.0,1.0,1.0,220,-18.775375,-18.041458
20.5414,23.6557,9.9292,0.5247641,[O-][N+]1=C(c2ccccc2)c2ccccc2C1(Cl)c1ccccc1,1,c1ccc(C2=[NH+]C(c3ccccc3)c3ccccc32)cc1,0.5880466,-1.9204,0.0416797,1.596,0.8609038,319.791,0.926198,3.0281,1.0,1.0,1.0,1.0,1.0,1.0,1.0,1.0,320,3.61081,8.453166
24.6627,26.3545,-16.8484,0.1485338,COc1cc(C)cc(C=C2C(=O)Oc3ccccc3C2=O)c1,1,O=C1Oc2ccccc2C(=O)C1=Cc1ccccc1,0.0475575,-7.3811,0.0141261,0.3905,0.3718154,294.306,0.96479,2.265,1.0,1.0,1.0,1.0,1.0,1.0,1.0,1.0,180,-13.7589245,8.317182
18.1005,20.8654,1.6002,0.3510242,c1ccc(N=Nc2ccc(Cc3ccc(N=Nc4ccccc4)cc3)cc2)cc1,1,c1ccc(N=Nc2ccc(Cc3ccc(N=Nc4ccccc4)cc3)cc2)cc1,0.2446875,-4.3357,0.0184852,0.6873,0.9991269,376.463,0.9725558,2.0137,1.0,1.0,1.0,1.0,1.0,1.0,1.0,1.0,200,6.8338137,25.355232
14.9388,32.621,3.3522,0.562081,F[B-]1(F)C2=Cc3cccn3[B-](F)(F)[N+]2=C(c2ccccc2Cl)c2cc(Cl)cn21,1,[BH2-]1C2=Cc3cccn3[BH2-][N+]2=C(c2ccccc2)c2cccn21,0.8228986,0.0017,0.0330593,1.3347,0.9999898,424.81,0.7527859,4.4119,1.0,1.0,1.0,1.0,1.0,1.0,1.0,1.0,320,25.927584,-2.4453366
25.1014,37.7731,-23.5045,0.222947,O=C1c2ccccc2-c2c1c(-c1ccc(F)cc1)c1ccnn1c2-c1ccc(F)cc1,1,O=C1c2ccccc2-c2c1c(-c1ccccc1)c1ccnn1c2-c1ccccc1,0.0842822,-6.3851,0.0144871,0.4183,0.9999539,408.407,0.9576971,2.4516,1.0,1.0,1.0,1.0,1.0,1.0,1.0,1.0,380,4.273004,-12.520037
26.7135,37.4514,-10.907,0.4147572,F[B-]1(F)N(c2ccccc2)N=C(n2c(-c3ccccc3)nc(-c3ccccc3)nc2=Nc2ccccc2)c2cccn21,1,[BH2-]1N(c2ccccc2)N=C(n2c(-c3ccccc3)nc(-c3ccccc3)nc2=Nc2ccccc2)c2cccn21,0.3983723,-3.1714,0.018397,0.682,1.0,554.393,0.8962837,3.3927,1.0,1.0,1.0,1.0,1.0,1.0,1.0,1.0,200,12.690439,7.274553
15.3926,34.9759,0.7581,0.5583441,F[B-]1(F)C(Cl)=C2C(=C(c3ccc[nH]3)c3cccn31)c1ccccc12,1,[BH2-]1C=C2C(=C(c3ccc[nH]3)c3cccn31)c1ccccc12,0.7760536,-0.4759,0.0277696,1.1395,0.9745113,339.561,0.8654001,3.6816,1.0,1.0,1.0,1.0,1.0,1.0,1.0,1.0,380,29.505072,-13.551817
24.9365,31.2134,-19.778,0.1786784,O=C1C(=Cc2ccccc2)CCN1c1ccc2ccc3cccc4c3c1c24,1,O=C1C(=Cc2ccccc2)CCN1c1ccc2ccc3cccc4c3c1c24,0.053975,-7.1639,0.0126958,0.273,0.9874731,347.417,0.8745971,3.6021,1.0,1.0,1.0,1.0,1.0,1.0,1.0,1.0,100,-14.348534,0.4993505
43.8909,51.7976,-33.069,0.2926351,O=C1c2ccccc2C(=O)C12C(=C1C(=Nc3ccccc3)N=C3C(=C(c4ccccc4)c4ccccc43)C1c1ccccc1)N2c1ccccc1,1,O=C1c2ccccc2C(=O)C12C(=C1C(=Nc3ccccc3)N=C3C(=C(c4ccccc4)c4ccccc43)C1c1ccccc1)N2c1ccccc1,0.1817581,-4.9502,0.0177115,0.64,0.9999983,655.757,0.7984242,4.155,1.0,1.0,1.0,1.0,1.0,1.0,1.0,1.0,100,0.65513176,14.350412
18.0892,33.463,0.7561,0.534674,O=C1C2=C3C(=C(c4cccs4)c4cccn4[B-]3(F)F)C=C2C(F)(F)C1(F)F,1,O=C1CCC2=CC3=C(c4cccs4)c4cccn4[BH2-]C3=C12,0.7939681,-0.303,0.0231554,0.9371,0.9998811,398.116,0.7711166,4.3131,1.0,1.0,1.0,1.0,1.0,1.0,1.0,1.0,360,29.821993,-15.878114
27.184,44.9412,-19.7321,0.3938916,F[B-]1(F)OC(c2ccccc2)=C(c2ccccc2)C(c2ccccc2)=[N+]1c1ccccc1C1=C(c2ccccc2)C(c2ccccc2)=C2c3ccccc3C(c3ccccc3)=[N+]21,1,[BH2-]1OC(c2ccccc2)=C(c2ccccc2)C(c2ccccc2)=[N+]1c1ccccc1C1=C(c2ccccc2)C(c2ccccc2)=C2c3ccccc3C(c3ccccc3)=[N+]21,0.4979385,-2.5134,0.0226874,0.9144,0.4147019,803.741,0.8819809,3.5346,1.0,1.0,1.0,1.0,1.0,1.0,1.0,1.0,280,11.620604,3.5970118
16.2621,24.3394,-1.7324,0.3532343,CC1=C(c2ccccc2)C2=C(c3ccccc3)c3ccccc3C2=C1c1ccccc1,1,C1=C(c2ccccc2)C2=C(c3ccccc3)c3ccccc3C2=C1c1ccccc1,0.2506626,-4.2835,0.0180853,0.6631,0.9998343,394.517,0.9702944,2.0934,1.0,1.0,1.0,1.0,1.0,1.0,1.0,1.0,160,3.9584913,12.932556
37.385,42.5623,-39.1625,0.0531208,COC(=O)C1=C(C)Nc2cc(Br)ccc2C12c1[nH]c3ccccc3c1CN2c1ccccc1,1,C1=CC2(c3ccccc3N1)c1[nH]c3ccccc3c1CN2c1ccccc1,0.0024469,-12.2887,0.0137941,0.3643,1.0,500.396,0.8556612,3.7609,1.0,1.0,1.0,1.0,1.0,1.0,1.0,1.0,160,-23.378633,15.599628
31.645,32.4979,-25.8205,0.1043336,COc1cc2c(OC)cc(-c3ccccc3)c(-c3ccc(C)cc3)c2c2ccccc12,1,c1ccc(-c2ccc3ccc4ccccc4c3c2-c2ccccc2)cc1,0.0113384,-9.7769,0.0180638,0.6618,0.999934,404.509,0.9709058,2.0724,1.0,1.0,1.0,1.0,1.0,1.0,1.0,1.0,180,-11.776981,-9.127027
17.6247,35.2626,2.5122,0.5902309,F[B-]1(F)n2c(Br)ccc2C(c2cnc(Cl)nc2Cl)=C2C=CC(Br)=[N+]21,1,[BH2-]1n2cccc2C(c2cncnc2)=C2C=CC=[N+]12,0.8677661,0.564,0.0386679,1.5112,1.0,496.733,0.7753692,4.2894,1.0,1.0,1.0,1.0,1.0,1.0,1.0,1.0,340,34.347206,1.2899839
22.9003,33.2005,-4.6349,0.446338,OC1=C(c2ccc(Cl)cc2)C(c2ccc(Cl)cc2)=C(c2ccccc2)C1=C1c2ccccc2-c2ccccc21,1,C1=C(c2ccccc2)C(c2ccccc2)=C(c2ccccc2)C1=C1c2ccccc2-c2ccccc21,0.4569085,-2.7814,0.0180361,0.6601,1.0,541.477,0.9630647,2.3135,1.0,1.0,1.0,1.0,1.0,1.0,1.0,1.0,340,-1.7451977,11.348256
10.3586,28.6246,7.0058,0.5567245,F[B-]1(F)C(=C2c3cccn3[B-](F)(F)n3cccc32)C=C(c2ccc[nH]2)c2cccn21,1,[BH2-]1C(=C2c3cccn3[BH2-]n3cccc32)C=C(c2ccc[nH]2)c2cccn21,0.8588628,0.4411,0.0308806,1.2583,0.999952,407.976,0.7090064,4.6298,1.0,1.0,1.0,1.0,1.0,1.0,1.0,1.0,260,33.502987,-16.632242
40.019,42.0504,-42.0504,0.0,COc1ccc2ccccc2c1[P-](#[Se+])(CCc1c(OC)ccc2[s+]c([O-])[nH]c12)c1ccccc1,1,c1ccc([PH-](CCc2cccc3[s+]c[nH]c23)c2cccc3ccccc23)cc1,0.0,0.0,0.0,0.0,0.0,0.0,0.0,0.0,1.0,1.0,0.0,0.0,0.0,0.0,0.0,0.0,80,-20.987337,2.8469126
34.1679,44.3973,-22.1482,0.3476425,Cc1c(O)c2c(c3c1C(=O)c1ccccc1C3=O)-c1cc(F)ccc1C2=C1c2ccccc2-c2ccccc21,1,O=C1c2ccccc2C(=O)c2c1ccc1c2-c2ccccc2C1=C1c2ccccc2-c2ccccc21,0.2620556,-4.1861,0.0147827,0.4406,1.0,506.532,0.9417271,2.781,1.0,1.0,1.0,1.0,1.0,1.0,1.0,1.0,340,-5.158076,12.127244
21.6118,39.9847,-10.9655,0.4534253,F[B-]1(F)n2cccc2C=c2c3ccccc3c(=C3[S+]=C(c4ccccc4)C=C3Cl)n21,1,[BH2-]1n2cccc2C=c2c3ccccc3c(=C3C=CC(c4ccccc4)=[S+]3)n21,0.4553971,-2.7913,0.0332182,1.3401,0.9999959,434.707,0.798017,4.1574,1.0,1.0,1.0,1.0,1.0,1.0,1.0,1.0,260,21.001305,-14.056306
20.2073,34.5514,-4.7006,0.4664194,CC1=C[N+](=O)C(=C2C=C(c3ccccc3)O[B-]2(F)F)C(c2ccccc2)=C1,1,O=[N+]1C=CC=C(c2ccccc2)C1=C1[BH2-]OC(c2ccccc2)=C1,0.5149673,-2.4025,0.0230381,0.9314,0.9970363,363.172,0.8658532,3.6778,1.0,1.0,1.0,1.0,1.0,1.0,1.0,1.0,280,10.942516,1.2796854
17.7651,27.9442,-3.1782,0.3869685,Cc1ccc(-c2cc3n(c2-c2ccccc2)[B-](F)(F)C(c2ccccc2)=C3c2ccccc2)cc1,1,[BH2-]1C(c2ccccc2)=C(c2ccccc2)c2cc(-c3ccccc3)c(-c3ccccc3)n21,0.3097233,-3.8052,0.0207852,0.8172,0.9999995,458.34,0.9418069,2.7795,1.0,1.0,1.0,1.0,1.0,1.0,1.0,1.0,380,17.224941,-1.3540847
26.2649,31.905,0.6322,0.5083933,O=C1C=CC=CC1=c1cc[se]c1=C1Nc2ccccc2C1=O,1,O=C1C=CC=CC1=c1cc[se]c1=C1Nc2ccccc2C1=O,0.6239616,-1.6753,0.0235419,0.9555,0.991938,352.251,0.891512,3.4418,1.0,1.0,1.0,1.0,1.0,1.0,1.0,1.0,280,-11.325026,2.8498147
20.0108,19.0913,-8.0075,0.1731851,c1ccc(N(c2ccccc2)c2ccc(-c3[n-]c4ccccc4[s+]3)cc2)cc1,1,c1ccc(N(c2ccccc2)c2ccc(-c3[n-]c4ccccc4[s+]3)cc2)cc1,0.0414066,-7.6171,0.0199623,0.7724,0.9992761,378.5,0.9225674,3.0788,1.0,1.0,1.0,1.0,1.0,1.0,1.0,1.0,280,-0.1805553,30.02114
27.1443,36.4389,-7.5602,0.4512296,CO[P-]1(=O)=[O+]C(c2ccccc2)=c2c(-c3ccccc3)cc3ccccc3c2=C1c1ccccc1,1,O=[PH-]1=[O+]C(c2ccccc2)=c2c(-c3ccccc3)cc3ccccc3c2=C1c1ccccc1,0.47881,-2.6381,0.0222887,0.8947,0.9999999,474.496,0.8631091,3.7007,1.0,1.0,1.0,1.0,1.0,1.0,1.0,1.0,360,-16.764494,-5.929465
36.9009,47.1824,-38.5335,0.135139,Fc1ccc([N+]2=c3ccccc3=C3[S+]=CN3[B-]2(F)F)c2c1N(c1ccccc1)c1ccccc1[B-]2(F)F,1,[BH2-]1c2ccccc2N(c2ccccc2)c2cccc([N+]3=c4ccccc4=C4[S+]=CN4[BH2-]3)c21,0.0264538,-8.372,0.0174307,0.6224,1.0,519.116,0.7688041,4.3259,1.0,1.0,1.0,1.0,1.0,1.0,1.0,1.0,220,15.864028,-10.266893
51.9279,53.9192,-50.9802,0.0459231,COC[N+]12c3cc(C)ccc3C(C)=CC13C(c1ccccc1)=C(c1ccccc1)[N-]C3=[N+](C)c1ccccc12,1,C1=CC23C(=[NH+]c4ccccc4[NH+]2c2ccccc21)[N-]C(c1ccccc1)=C3c1ccccc1,0.0019079,-12.6948,0.0201115,0.7807,1.0,510.661,0.6289083,4.9845,1.0,1.0,1.0,1.0,1.0,1.0,1.0,1.0,100,12.38091,2.0606937
17.1229,25.7286,-25.7286,0.0,[O-][N+]([O-])=[N+]c1ccc(C2=C3C=CC=[N+]3[B-](F)(F)n3cccc32)cc1,1,[BH2-]1n2cccc2C(c2ccccc2)=C2C=CC=[N+]12,0.8894838,0.8964,0.0295084,1.2074,0.923725,327.079,0.7654019,4.3445,1.0,1.0,1.0,1.0,1.0,1.0,1.0,1.0,280,24.084436,-18.896868
55.6347,56.3302,-56.3302,0.0,Cc1ccc(N=[N+]=C2C(=[OH+])C(=CC=CN([O-])[O-])C(F)=C(F)C2=C2C(=O)C=CC=C2[O-])cc1,1,C=C1C=CC(=C2C=CC=CC2=O)C(=[N+]=Nc2ccccc2)C1=[OH+],0.0,0.0,0.0,0.0,0.0,0.0,0.0,0.0,1.0,1.0,0.0,0.0,0.0,0.0,0.0,0.0,120,4.7388225,-21.05083
22.6424,28.5462,5.5673,0.5330235,CC1=[O+][B-](F)(F)C(c2c(C)cc(C)cc2C)=[N+]2C1=C(c1ccc(C)cc1)c1c(C)cc(C)n1[B-]2(F)F,1,[BH2-]1[O+]=CC2=C(c3ccccc3)c3cccn3[BH2-][N+]2=C1c1ccccc1,0.6666899,-1.371,0.0334471,1.3478,1.0,494.15,0.8268343,3.9723,1.0,1.0,1.0,1.0,1.0,1.0,1.0,1.0,260,27.917358,5.712512
36.6466,39.0672,-38.8877,0.0028037,CC12C=CC3(S(=O)(=O)c4ccccc4)C(c4ccccc4)C1(c1ccccc1)C23C#N,1,O=S(=O)(c1ccccc1)C12C=CC3C1C3(c1ccccc1)C2c1ccccc1,1.6e-06,-24.2136,0.0105083,0.0653,0.9999886,423.537,0.7875882,4.2195,1.0,1.0,1.0,1.0,1.0,1.0,1.0,1.0,100,-13.071918,18.127178
19.3615,33.5253,3.5888,0.5799075,Cc1cc2n(c1)[B-](F)(F)n1cccc1C2=C1C=CC(c2ccc([N+](=O)[O-])cc2)=[N+]1c1ccccc1,1,[BH2-]1n2cccc2C(=C2C=CC(c3ccccc3)=[N+]2c2ccccc2)c2cccn21,0.8151683,-0.0832,0.0338483,1.3612,0.9999998,468.272,0.8368506,3.9024,1.0,1.0,1.0,1.0,1.0,1.0,1.0,1.0,280,22.53009,-12.087656
21.2572,38.052,-0.1535,0.592165,Oc1occc1C1=C2c3ccccc3C(c3ccc[nH]3)=[N+]2[B-](F)(F)n2cccc21,1,[BH2-]1n2cccc2C(c2ccoc2)=C2c3ccccc3C(c3ccc[nH]3)=[N+]12,0.8538861,0.3752,0.0353688,1.4106,0.9997289,389.17,0.8295897,3.9534,1.0,1.0,1.0,1.0,1.0,1.0,1.0,1.0,340,22.982555,-7.2567334
28.9201,29.4441,-27.6072,0.0287027,COc1ccc(C[P-](#[S+])(Oc2ccc(C(=O)O)cc2)Oc2ccc([N+](=O)[O-])cc2)cc1,1,c1ccc(C[PH-](Oc2ccccc2)Oc2ccccc2)cc1,0.0005404,-14.7515,0.0107114,0.0863,0.9999996,459.416,0.8844977,3.5108,1.0,1.0,1.0,1.0,1.0,1.0,1.0,1.0,60,-4.1043515,-22.709059
18.1845,24.0442,-4.6117,0.3036335,O=[N+]([O-])c1ccccc1NN=C(c1ccc(F)cc1)c1ccccn1,1,c1ccc(NN=C(c2ccccc2)c2ccccn2)cc1,0.1768558,-5.0045,0.0171076,0.6017,0.9659653,336.326,0.9673795,2.1878,1.0,1.0,1.0,1.0,1.0,1.0,1.0,1.0,320,-12.277076,-16.943008
30.7718,35.8214,-4.5159,0.4891491,O=C(O)c1ccc(C=Nc2ccccc2-c2c3ccccc3cc3ccccc23)c2ccccc12,1,C(=Nc1ccccc1-c1c2ccccc2cc2ccccc12)c1cccc2ccccc12,0.5885139,-1.9172,0.0170338,0.5969,0.9999991,451.525,0.9592867,2.4125,1.0,1.0,1.0,1.0,1.0,1.0,1.0,1.0,240,-28.58843,-6.193009
23.3025,33.5148,-5.2808,0.4411571,O=C1C2=C(c3sc4ccccc4c31)C(c1cccs1)c1sccc12,1,O=C1C2=C(c3sc4ccccc4c31)C(c1cccs1)c1sccc12,0.4615025,-2.7513,0.0194645,0.7444,0.9968477,362.5,0.8889086,3.4679,1.0,1.0,1.0,1.0,1.0,1.0,1.0,1.0,320,-18.789858,-18.090246
22.2857,22.0538,-22.0538,0.0,CC(C)C(=O)Nc1ccc(C=O)cc1,1,c1ccccc1,0.0,0.0,0.0,0.0,0.0,0.0,0.0,0.0,1.0,1.0,0.0,0.0,0.0,0.0,0.0,0.0,80,-29.161163,11.174451
19.0258,35.9416,-1.5843,0.5368323,F[B-]1(F)C2=CC=CC2=C(c2ccco2)c2c(-c3ccc[nH]3)cc(-c3ccco3)n21,1,[BH2-]1C2=CC=CC2=C(c2ccco2)c2c(-c3ccc[nH]3)cc(-c3ccco3)n21,0.7318623,-0.8647,0.0249428,1.0198,0.9996743,387.174,0.8433663,3.855,1.0,1.0,1.0,1.0,1.0,1.0,1.0,1.0,380,27.577589,-18.391758
30.9368,35.898,-7.9877,0.4360987,Cc1ccc(C(c2ccccc2)=c2c(N)c(C#N)c3c(-c4ccc(C)cc4)c4ccccc4n23)cc1,1,c1ccc(C(c2ccccc2)=c2ccc3c(-c4ccccc4)c4ccccc4n23)cc1,0.3949346,-3.1948,0.0250057,1.0226,0.9999997,463.584,0.9460877,2.7005,1.0,1.0,1.0,1.0,1.0,1.0,1.0,1.0,180,4.891337,21.038195
29.8777,36.3729,-10.159,0.4095917,COc1ccc(C2=CC(=C3C(=O)c4ccccc4C3=O)C(=O)N2N=Nc2ccccc2)cc1,1,O=C1C(=C2C=C(c3ccccc3)N(N=Nc3ccccc3)C2=O)C(=O)c2ccccc21,0.3704126,-3.3639,0.0188042,0.7062,0.9999962,435.439,0.9370574,2.8612,1.0,1.0,1.0,1.0,1.0,1.0,1.0,1.0,240,-7.9619093,7.2090535
32.7168,34.5284,-26.1498,0.1309148,BrC1=C[B-](Br)(C=C2C=CC=CN2)[NH2+]C1,1,C1=CNC(=C[BH-]2C=CC[NH2+]2)C=C1,0.039912,-7.6795,0.0256899,1.0527,0.8377221,317.821,0.3862457,5.9525,1.0,1.0,1.0,1.0,1.0,1.0,1.0,1.0,220,4.7311816,-27.637796
33.9594,37.4885,-29.1683,0.130003,Cc1ccc(C2=C3c4ccccc4S(=O)(=O)N3OC2(c2ccc(C)cc2)c2ccc(C)o2)cc1,1,O=S1(=O)c2ccccc2C2=C(c3ccccc3)C(c3ccccc3)(c3ccco3)ON21,0.0191648,-8.9091,0.025788,1.0569,0.9999998,469.562,0.8794744,3.5579,1.0,1.0,1.0,1.0,1.0,1.0,1.0,1.0,180,17.245445,6.917543
16.7335,24.9487,7.5095,0.5071595,O=C1C(=C2c3ccccc3C(=O)c3ccccc32)C(F)=C(F)c2ccccc21,1,O=C1C(=C2c3ccccc3C(=O)c3ccccc32)C=Cc2ccccc21,0.6351718,-1.597,0.01786,0.6493,0.9984683,370.354,0.9613149,2.3605,1.0,1.0,1.0,1.0,1.0,1.0,1.0,1.0,320,-7.617592,10.445435
32.8763,44.8768,-17.39,0.4294809,COc1ccc(C2=C3C(=O)C(=Cc4ccc(-c5ccccc5)cc4)C(c4ccccc4)=C3C(c3ccc(OC)cc3)n3cccc32)cc1,1,O=C1C(=Cc2ccc(-c3ccccc3)cc2)C(c2ccccc2)=C2C1=C(c1ccccc1)c1cccn1C2c1ccccc1,0.4148079,-3.0604,0.021492,0.8543,0.9999999,623.752,0.8966082,3.3892,1.0,1.0,1.0,1.0,1.0,1.0,1.0,1.0,200,8.729853,-11.167741
35.7931,41.1337,-23.0972,0.2818211,O=S1(=O)c2ccccc2N(Cl)c2cc3cc4ccccc4n3nc21,1,O=S1(=O)c2ccccc2Nc2cc3cc4ccccc4n3nc21,0.145848,-5.3786,0.0195772,0.7508,0.994176,355.806,0.905031,3.2971,1.0,1.0,1.0,1.0,1.0,1.0,1.0,1.0,180,-10.990255,13.478288
10.5776,30.338,7.9253,0.5978637,F[B-]1(F)n2c(cc(Br)c2Cl)C(c2ccc[nH]2)=C2C=CC(Br)=[N+]21,1,[BH2-]1n2cccc2C(c2ccc[nH]2)=C2C=CC=[N+]12,0.8646415,0.5201,0.0455802,1.6976,0.9999989,449.289,0.7610092,4.3682,1.0,1.0,1.0,1.0,1.0,1.0,1.0,1.0,360,25.675917,-9.348818
23.9219,30.3494,-19.2833,0.1729069,c1ccc(C2=C(N(c3ccccc3)c3ccccc3)C3(c4ccccc42)c2ccccc2-c2ccccc23)cc1,1,c1ccc(C2=C(N(c3ccccc3)c3ccccc3)C3(c4ccccc42)c2ccccc2-c2ccccc23)cc1,0.041708,-7.6048,0.0182132,0.6709,1.0,509.652,0.942628,2.7648,1.0,1.0,1.0,1.0,1.0,1.0,1.0,1.0,120,2.3651533,14.678621
24.4682,23.4472,-23.1722,0.0042969,CC1C(c2ccccc2)c2ccccc2C12c1ccccc1Oc1ccccc12,1,c1ccc(C2CC3(c4ccccc4Oc4ccccc43)c3ccccc32)cc1,4.4e-06,-22.5894,0.0108258,0.098,0.9989523,374.483,0.8714444,3.6299,1.0,1.0,1.0,1.0,1.0,1.0,1.0,1.0,80,-10.043668,16.155117
13.8234,33.5835,4.74,0.5988051,Cc1ccc(C2=C3C(=C(c4ccccn4)c4cccn4[B-]3(F)F)[B-](F)(F)n3c(C)cc(C)c32)cc1,1,[BH2-]1C2=C(c3ccccn3)c3cccn3[BH2-]C2=C(c2ccccc2)c2cccn21,0.8644587,0.5175,0.0365827,1.4487,0.9999999,473.091,0.8355349,3.9117,1.0,1.0,1.0,1.0,1.0,1.0,1.0,1.0,400,34.231045,-11.011542
41.5725,48.7258,-28.8403,0.3107113,O=[N+]([O-])c1ccccc1C([O-])=C1C([S+]=C2c3ccccc3[B-](F)(F)n3cccc32)=C[S+]=C1Br,1,[BH2-]1c2ccccc2C(=[S+]C2=C[S+]=CC2=Cc2ccccc2)c2cccn21,0.2386992,-4.3889,0.0157181,0.5082,1.0,545.195,0.7161639,4.5956,1.0,1.0,1.0,1.0,1.0,1.0,1.0,1.0,160,21.187399,-18.374846
34.7039,37.3163,-24.4926,0.2003703,C1=CC2=CC=CC(=C3C(=C1)SC(c1ccccc1)c1c(-c4ccccc4)c(-c4ccccc4)c4ccccc4c13)S2,1,C1=CC2=CC=CC(=C3C(=C1)SC(c1ccccc1)c1c(-c4ccccc4)c(-c4ccccc4)c4ccccc4c13)S2,0.0756921,-6.5754,0.0157735,0.5121,1.0,558.771,0.7483652,4.435,1.0,1.0,1.0,1.0,1.0,1.0,1.0,1.0,40,-14.801722,-7.696785
22.0345,22.4147,-22.2579,0.0024489,CN(C)CC12c3ccccc3C(c3ccccc31)c1ccccc12,1,c1ccc2c(c1)C1c3ccccc3C2c2ccccc21,1.2e-06,-24.7266,0.0104515,0.0594,0.7412659,311.428,0.9103504,3.235,1.0,1.0,1.0,1.0,1.0,1.0,1.0,1.0,40,-12.909362,15.10223
62.0377,64.4553,-61.9595,0.0389956,Cn1c(=O)n(C)c(=Nc2c(N3CCOCCOCCOCCOCc4ccccc4-c4ccccc43)cnc(C#N)c2C#N)n(C)c1=O,1,O=c1[nH]c(=O)[nH]c(=Nc2ccncc2N2CCOCCOCCOCCOCc3ccccc3-c3ccccc32)[nH]1,0.0011753,-13.485,0.0132806,0.3226,0.9999987,652.712,0.8125553,4.0668,1.0,1.0,1.0,1.0,1.0,1.0,1.0,1.0,40,-11.695587,8.991739
36.6463,44.0801,-22.0411,0.3443606,F[B-]1(F)N2C(=c3ccsc3=C3C=CN(c4ccccc4)c4cccc2c43)c2cccc[n+]21,1,[BH2-]1N2C(=c3ccsc3=C3C=CN(c4ccccc4)c4cccc2c43)c2cccc[n+]21,0.2357438,-4.4155,0.02585,1.0596,0.9999973,439.299,0.8375072,3.8977,1.0,1.0,1.0,1.0,1.0,1.0,1.0,1.0,60,9.893673,-3.8151658
22.5343,23.7828,-9.9905,0.2155056,CC1(C)C(=O)C(=NNC(=O)c2ccncc2)c2ccccc21,1,O=C1Cc2ccccc2C1=NNC(=O)c1ccncc1,0.114588,-5.83,0.0195039,0.7467,0.350988,293.326,0.9556712,2.4993,1.0,1.0,1.0,1.0,1.0,1.0,1.0,1.0,120,-19.596624,12.1832075
43.4394,61.8108,-33.8546,0.4368148,Cc1ccc(C)c(C(=C2C=CC(C3c4cc(Br)cc(C)c4[N+](=C4C=C(Br)c5ccccc54)[B-](F)(F)n4c(C)cc(C)c43)=N2)c2ccccc2)c1,1,[BH2-]1n2cccc2C(C2=NC(=C(c3ccccc3)c3ccccc3)C=C2)c2ccccc2[N+]1=C1C=Cc2ccccc21,0.586174,-1.933,0.0219391,0.8771,0.7269037,789.371,0.7263952,4.5459,1.0,1.0,1.0,1.0,1.0,1.0,1.0,1.0,340,19.707289,6.8409452
33.1595,33.0534,-33.0534,0.0,Cc1ccc(S(=O)(=O)N(NC(=O)CCC(=O)O)c2cc(Cl)ccc2Cl)cc1,1,O=S(=O)(Nc1ccccc1)c1ccccc1,0.0,0.0,0.0,0.0,0.0,0.0,0.0,0.0,1.0,1.0,0.0,0.0,0.0,0.0,0.0,0.0,40,-8.8938055,-4.864723
27.0286,31.3753,-29.8355,0.0240604,O=C(O)c1cc(-c2ccccc2)cc(-c2ccco2)c1,1,c1ccc(-c2cccc(-c3ccco3)c2)cc1,0.0012781,-13.3484,0.0174665,0.6246,0.0359181,264.28,0.9765921,1.8542,1.0,1.0,1.0,1.0,1.0,1.0,1.0,1.0,120,-0.25266328,-5.8113832
19.796,27.0131,-1.0382,0.405858,Cc1nc(-c2c3ccccc3cc3ccccc23)cc(=O)o1,1,O=c1cc(-c2c3ccccc3cc3ccccc23)nco1,0.6251459,-1.6671,0.0254905,1.044,0.2372065,287.318,0.9665664,2.2126,1.0,1.0,1.0,1.0,1.0,1.0,1.0,1.0,380,-26.613932,-5.99494
25.7942,31.7182,-19.227,0.1951748,CN1N=C(c2ccccc2)C(c2c(F)c(F)c(F)c(F)c2F)C1=NNc1ccccc1,1,c1ccc(NN=C2NN=C(c3ccccc3)C2c2ccccc2)cc1,0.0560499,-7.0989,0.0215343,0.8565,0.9999939,430.38,0.8953663,3.4023,1.0,1.0,1.0,1.0,1.0,1.0,1.0,1.0,300,16.544485,16.82569
37.4012,39.2294,-18.86,0.3182709,O=C1C2=C(OCCOc3ccccc3-c3cccc4cccc(c34)C2=O)c2c1ccc1ccccc21,1,O=C1C2=C(OCCOc3ccccc3-c3cccc4cccc(c34)C2=O)c2c1ccc1ccccc21,0.1993693,-4.7642,0.0181827,0.6691,0.9999998,468.508,0.9242961,3.0549,1.0,1.0,1.0,1.0,1.0,1.0,1.0,1.0,140,-20.22032,0.89450306
34.1143,36.982,-35.0675,0.0299152,CC1=CC2(C)C(=O)C=CC13C(=O)OC1=C(C)C(=O)CC2C13,1,O=C1C=C2OC(=O)C34C=CC(=O)C(C=C3)C(C1)C24,0.0025651,-12.2117,0.0127763,0.28,0.1907707,284.311,0.3370824,6.1609,1.0,1.0,1.0,1.0,1.0,1.0,1.0,1.0,100,-24.593796,23.12053
30.0323,41.3227,-17.1367,0.3779058,F[B-]1(Cl)c2c(ccc3c(Br)cccc23)C(=[NH+]c2ccccc2)c2cccn21,1,[BH2-]1c2c(ccc3ccccc23)C(=[NH+]c2ccccc2)c2cccn21,0.3254931,-3.6867,0.025156,1.0293,0.9999974,439.524,0.7564934,4.3923,1.0,1.0,1.0,1.0,1.0,1.0,1.0,1.0,320,16.36517,-14.164238
17.7737,24.0892,-24.0892,0.0,c1ccc2c(-c3c4ccccc4cc4cccnc34)c3ccccc3cc2c1,1,c1ccc2c(-c3c4ccccc4cc4cccnc34)c3ccccc3cc2c1,0.5633699,-2.0849,0.0161684,0.5394,0.9939775,355.44,0.9713888,2.0556,1.0,1.0,1.0,1.0,1.0,1.0,1.0,1.0,200,-27.206646,-6.9989686
18.1763,20.2933,-17.2576,0.0474341,C[O+]=c1c2ccccc2ccc2ccccc12,1,[O+]=c1c2ccccc2ccc2ccccc12,0.0402095,-7.6669,0.0240183,0.9778,0.0007093,221.279,0.9610409,2.3677,1.0,1.0,1.0,1.0,1.0,1.0,1.0,1.0,80,-22.26437,-3.4854672
21.7367,34.7756,3.5112,0.5982311,CN(C)c1ccc(C2=C3C(c4ccccc4)=CC(c4ccccc4)=[N+]3[B-](F)(F)n3cccc32)cc1Br,1,[BH2-]1n2cccc2C(c2ccccc2)=C2C(c3ccccc3)=CC(c3ccccc3)=[N+]12,0.8399493,0.2,0.0343762,1.3786,1.0,542.236,0.8864119,3.4923,1.0,1.0,1.0,1.0,1.0,1.0,1.0,1.0,400,18.662748,-5.3122993
15.2553,22.4623,9.4782,0.4990699,F[B-]1(F)n2cccc2C(=c2ccc(=[N+](c3ccccc3)c3ccccc3)c3cccn23)c2cccn21,1,[BH2-]1n2cccc2C(=c2ccc(=[N+](c3ccccc3)c3ccccc3)c3cccn23)c2cccn21,0.5889165,-1.9145,0.0270367,1.1096,0.9999999,474.323,0.8512975,3.795,1.0,1.0,1.0,1.0,1.0,1.0,1.0,1.0,140,34.60186,-17.186455
25.7625,35.4368,-3.5578,0.4981089,CC1(C)C2=C(Br)C(=Cc3ccccc3)C(c3ccccc3)=C21,1,C(=C1C=C2CC2=C1c1ccccc1)c1ccccc1,0.613119,-1.7501,0.0179114,0.6524,0.9894187,349.271,0.952538,2.5693,1.0,1.0,1.0,1.0,1.0,1.0,1.0,1.0,220,-1.2413541,4.1844177
43.5324,43.3432,-36.2975,0.1100897,Cc1cnc(Br)c(C(O)c2ccccc2)c1C=NNc1ccc(Br)cn1,1,C(=NNc1ccccn1)c1ccncc1Cc1ccccc1,0.0127418,-9.5845,0.0227393,0.9169,0.9999999,476.172,0.908345,3.2588,1.0,1.0,1.0,1.0,1.0,1.0,1.0,1.0,140,24.065943,15.023958
49.0073,52.3979,-52.3979,0.0,CC([O-])=C1Nc2ccccc2[B-]1(Br)C(C(=[NH2+])c1ccccc1)=[N+](c1ccccc1)c1ccccc1,1,C=C1Nc2ccccc2[BH-]1C(C(=[NH2+])c1ccccc1)=[N+](c1ccccc1)c1ccccc1,0.0,0.0,0.0,0.0,0.0,0.0,0.0,0.0,1.0,1.0,0.0,0.0,0.0,0.0,0.0,0.0,80,-3.1826787,23.83409
11.983,34.5109,4.3974,0.6079421,F[B-]1(F)n2c(Cl)ccc2C(c2cccc(Cl)c2)=C2C=C(c3ccccc3)C(Cl)=[N+]21,1,[BH2-]1n2cccc2C(c2ccccc2)=C2C=C(c3ccccc3)C=[N+]12,0.8380792,0.1774,0.0390146,1.5213,0.9999987,447.508,0.8912183,3.4448,1.0,1.0,1.0,1.0,1.0,1.0,1.0,1.0,320,15.065223,-4.607618
17.5771,33.6153,-2.6022,0.4845798,F[B-]1(F)n2cc(Cl)cc2C(c2ccc(Br)cc2)=C2CCCC=[N+]21,1,[BH2-]1n2cccc2C(c2ccccc2)=C2CCCC=[N+]12,0.5186898,-2.3782,0.0326235,1.3198,0.9998736,397.459,0.8451735,3.8415,1.0,1.0,1.0,1.0,1.0,1.0,1.0,1.0,360,32.43193,0.86041105
40.8282,44.9385,-44.9385,0.0,O=C1c2ccccc2CC23C(=CC=Cc4ccccc4)OC(=O)N2C(=O)c2cccc1c23,1,O=C1c2ccccc2CC23C(=CC=Cc4ccccc4)OC(=O)N2C(=O)c2cccc1c23,0.0,0.0,0.0,0.0,0.0,0.0,0.0,0.0,1.0,1.0,0.0,0.0,0.0,0.0,0.0,0.0,100,-10.039047,6.9237876
10.2179,26.5017,-26.5017,0.0,F[B-]1(F)n2c(Br)ccc2C(c2ccccn2)=C2c3ccccc3C=[N+]21,1,[BH2-]1n2cccc2C(c2ccccn2)=C2c3ccccc3C=[N+]12,0.8478249,0.2974,0.0352611,1.4072,0.99988,398.019,0.8672074,3.6664,1.0,1.0,1.0,1.0,1.0,1.0,1.0,1.0,380,18.736439,-17.781336
20.0227,23.0807,-9.3643,0.2143192,O=C1Oc2ccccc2C1=Cc1cccc([N+](=O)[O-])c1Cl,1,O=C1Oc2ccccc2C1=Cc1ccccc1,0.0926302,-6.2164,0.0195106,0.7471,0.5387208,301.685,0.9567446,2.4743,1.0,1.0,1.0,1.0,1.0,1.0,1.0,1.0,140,-14.241656,9.453478
27.2359,29.9374,-16.5498,0.2091812,Cc1oc(=O)c2c([O-])c(-c3ccccc3)oc2[n+]1-c1ccccc1,1,O=c1oc[n+](-c2ccccc2)c2oc(-c3ccccc3)cc12,0.0699113,-6.7149,0.0226187,0.911,0.855582,319.316,0.9092214,3.2485,1.0,1.0,1.0,1.0,1.0,1.0,1.0,1.0,140,13.156381,10.637144
37.2987,35.9605,-33.7279,0.0348845,[O+]#[P-](c1ccccc1)(c1ccccc1)c1cccc[n+]1Cc1ccccc1O[B-](F)(F)c1ccccc1F,1,[BH2-](Oc1ccccc1C[n+]1ccccc1[PH-](c1ccccc1)c1ccccc1)c1ccccc1,0.00089,-13.9384,0.0126013,0.2648,1.0,529.307,0.8247403,3.9866,1.0,1.0,1.0,1.0,1.0,1.0,1.0,1.0,260,13.78616,12.515752
26.2666,28.668,-28.668,0.0,CC(=O)C(=NNc1ccc(C)cc1)C(=S)NN=C1C(=O)Nc2ccccc21,1,O=C1Nc2ccccc2C1=NNC(=S)C=NNc1ccccc1,0.0,0.0,0.0,0.0,0.0,0.0,0.0,0.0,1.0,1.0,0.0,0.0,0.0,0.0,0.0,0.0,100,-20.644537,12.153632
29.6014,30.4405,-30.4405,0.0,CC(C)(C)c1oc2cccc3c2c1-c1ccccc1OC3=O,1,O=C1Oc2ccccc2-c2coc3cccc1c23,0.0,0.0,0.0,0.0,0.0,0.0,0.0,0.0,1.0,1.0,0.0,0.0,0.0,0.0,0.0,0.0,160,-15.093937,10.281252
27.1753,34.2189,-9.4762,0.386605,CC1=C(c2ccccc2)C(=C2c3ccccc3C(=O)c3ccccc32)c2ccc(CO)cc21,1,O=C1c2ccccc2C(=C2C(c3ccccc3)=Cc3ccccc32)c2ccccc21,0.3273086,-3.6732,0.0166235,0.57,0.9999913,426.515,0.9555456,2.5022,1.0,1.0,1.0,1.0,1.0,1.0,1.0,1.0,180,-7.0753784,10.627957
44.4995,50.7713,-37.6976,0.2042763,Cc1ccc2c(-c3c4cccc-4c(Cl)c(O)c(Cl)c3Cl)c(C)c3ccccc3c2c1,1,c1ccc(-c2cc3ccccc3c3ccccc23)c2cccc-2c1,0.0711056,-6.6852,0.0123645,0.2439,0.9999992,451.78,0.9536176,2.5457,1.0,1.0,1.0,1.0,1.0,1.0,1.0,1.0,160,-12.723834,-8.908531
13.6143,23.8732,-23.8732,0.0,Oc1ccccc1C1=C2C=CC=[N+]2[B-](F)(F)n2cccc21,1,[BH2-]1n2cccc2C(c2ccccc2)=C2C=CC=[N+]12,0.8538774,0.375,0.0365884,1.4488,0.1874236,284.074,0.8473856,3.8249,1.0,1.0,1.0,1.0,1.0,1.0,1.0,1.0,280,23.484894,-19.329096
17.0867,40.6967,-3.4303,0.5822875,F[B-]1(F)C(=C2c3ccccc3C(c3ccccn3)=[N+]2c2ccccc2)C(c2ccccc2)=C(c2ccccn2)c2ccc(Cl)n21,1,[BH2-]1C(=C2c3ccccc3C(c3ccccn3)=[N+]2c2ccccc2)C(c2ccccc2)=C(c2ccccn2)c2cccn21,0.8076917,-0.1628,0.0327629,1.3246,1.0,608.888,0.8697242,3.6448,1.0,1.0,1.0,1.0,1.0,1.0,1.0,1.0,300,14.198253,-5.0724316
19.5277,27.2279,-2.2537,0.3902207,O=[N+]([O-])c1ccc2c3c(-c4ccccc4)c4ccccc4c-3c(-c3ccccc3)oc2c1,1,c1ccc(-c2oc3ccccc3c3c(-c4ccccc4)c4ccccc4c2-3)cc1,0.3260039,-3.6829,0.0177331,0.6414,0.9999759,415.448,0.9652221,2.2525,1.0,1.0,1.0,1.0,1.0,1.0,1.0,1.0,240,-12.984068,-10.761863
30.2482,36.1179,-13.4621,0.3539974,Fc1ccccc1-c1c2c3ccccc3n(Cc3ccccc3)c(-c3cccnc3)c-2c2ccccc12,1,c1ccc(Cn2c(-c3cccnc3)c3c4ccccc4c(-c4ccccc4)c-3c3ccccc32)cc1,0.2572154,-4.2271,0.0173764,0.6189,0.9999999,478.57,0.9601289,2.3912,1.0,1.0,1.0,1.0,1.0,1.0,1.0,1.0,220,-13.019796,3.3551676
16.7653,37.4355,-1.3689,0.5635413,Cn1cccc1C1=C2C(c3cccc(Cl)c3)=CC=C2[B-](F)(F)n2cccc21,1,[BH2-]1C2=CC=C(c3ccccc3)C2=C(c2ccc[nH]2)c2cccn21,0.7844203,-0.3965,0.0283685,1.1633,0.9993473,379.626,0.859364,3.7313,1.0,1.0,1.0,1.0,1.0,1.0,1.0,1.0,400,30.8296,-13.094748
26.3368,31.1557,-11.4508,0.3078891,O=C(Oc1ccccc1)C1=CC=CC1=Cc1ccc(-c2ccccc2)cc1,1,O=C(Oc1ccccc1)C1=CC=CC1=Cc1ccc(-c2ccccc2)cc1,0.1790032,-4.9806,0.0178579,0.6491,0.9904685,350.417,0.9654838,2.2449,1.0,1.0,1.0,1.0,1.0,1.0,1.0,1.0,140,1.5361273,8.585867
32.0818,37.6452,-26.2677,0.1777738,[O-]N1C(=C2[N-]N(c3ccccc3)C=CC2=C2C=C[N+](c3ccccc3)=N2)C=Cc2ccccc21,1,C1=C[N+](c2ccccc2)=NC1=C1C=CN(c2ccccc2)[N-]C1=C1C=Cc2ccccc2N1,0.0506127,-7.2744,0.0182159,0.6711,0.999998,442.502,0.8032413,4.1254,1.0,1.0,1.0,1.0,1.0,1.0,1.0,1.0,260,2.3052974,0.9292846
33.3054,36.9973,-19.8615,0.267747,C[Si](C)(C)c1cc2c3c(c4ccccc4c2c2ccccc12)C1=CC=Cc2cccc1c2-3,1,C1=Cc2cccc3c2-c2c(c4ccccc4c4c2ccc2ccccc24)C3=C1,0.1478577,-5.3525,0.0156347,0.5023,0.9999896,424.619,0.8185796,4.0277,1.0,1.0,1.0,1.0,1.0,1.0,1.0,1.0,60,-20.78692,-9.736189
57.6845,58.9922,-58.9922,0.0,CC(=O)CCC1CC(C(C)(C)C)C23C4CC5OC6(C)C(=O)C(C12)C53C4C6O,1,O=C1C2CC3C4CC(O2)C32C1C1CCCC412,0.0,0.0,0.0,0.0,0.0,0.0,0.0,0.0,1.0,1.0,0.0,0.0,0.0,0.0,0.0,0.0,20,-21.644548,23.34576
25.5378,32.1376,-4.7419,0.4280589,C[Si]1(c2ccccc2)C(c2ccccc2)=C(Br)C(c2ccc3ccc(Br)cc3c2)=C1c1ccccc1,1,C1=C(c2ccccc2)[SiH](c2ccccc2)C(c2ccccc2)=C1c1ccc2ccccc2c1,0.4114026,-3.0833,0.0213252,0.8456,1.0,608.449,0.8992015,3.3616,1.0,1.0,1.0,1.0,1.0,1.0,1.0,1.0,220,7.9118004,0.35794282
33.2568,35.0026,-35.0026,0.0,COC1=CC(=O)C(=C(C=Cc2cccc(OC)c2OC)c2cc(Cl)ccc2Cl)C=C1,1,O=C1C=CC=CC1=C(C=Cc1ccccc1)c1ccccc1,0.0,0.0,0.0,0.0,0.0,0.0,0.0,0.0,1.0,1.0,0.0,0.0,0.0,0.0,0.0,0.0,100,-0.5144175,-15.791631
22.8504,26.1086,-26.1086,0.0,C[Si](C)(C)C#CC1=C(c2ccccc2)C(=O)c2ccc3ccccc3c21,1,O=C1C(c2ccccc2)=Cc2c1ccc1ccccc21,0.0,0.0,0.0,0.0,0.0,0.0,0.0,0.0,1.0,1.0,0.0,0.0,0.0,0.0,0.0,0.0,80,-13.985906,5.1700125
20.1043,21.7259,-9.4715,0.1914749,c1ccc([Se]N=C2c3ccccc3-c3ccccc32)cc1,1,c1ccc([Se]N=C2c3ccccc3-c3ccccc32)cc1,0.0597041,-6.9897,0.0136392,0.3519,0.9591956,334.28,0.9530262,2.5587,1.0,1.0,1.0,1.0,1.0,1.0,1.0,1.0,100,-4.8239446,15.5222845
24.8689,31.777,-24.3925,0.1153827,ClC1=C=C=C=c2cccc3c2=C1c1ccccc1-3,1,C1=C=CC2=c3c(cccc3=C=1)-c1ccccc12,0.1682254,-5.1029,0.0153432,0.4816,0.0073223,246.696,0.8284168,3.9615,1.0,1.0,1.0,1.0,1.0,1.0,1.0,1.0,100,-6.402568,8.505104
17.1925,38.8578,-0.7233,0.5958515,F[B-]1(F)n2c(Br)ccc2C(c2ccc(C(F)(F)F)cc2)=C2C=C(c3cccc(Br)c3)C(Br)=[N+]21,1,[BH2-]1n2cccc2C(c2ccccc2)=C2C=C(c3ccccc3)C=[N+]12,0.8261756,0.0386,0.0366911,1.452,0.9999991,648.858,0.8708384,3.6352,1.0,1.0,1.0,1.0,1.0,1.0,1.0,1.0,320,35.474407,-0.3077912
20.0059,33.7643,-2.3065,0.491529,O=C1C=CC([N+]2=C(c3ccccc3)C(c3ccccc3)=C(c3ccccc3)[B-]2(Cl)Cl)=C1Cl,1,O=C1C=CC([N+]2=C(c3ccccc3)C(c3ccccc3)=C(c3ccccc3)[BH2-]2)=C1,0.5565962,-2.1297,0.0241326,0.983,0.9999999,476.599,0.9117353,3.2183,1.0,1.0,1.0,1.0,1.0,1.0,1.0,1.0,380,9.17641,10.439
17.7569,26.1551,-10.0884,0.2510419,O=C1C(=Cc2ccc(Cl)cc2)C(=Nc2ccc(F)cc2)c2ccccc21,1,O=C1C(=Cc2ccccc2)C(=Nc2ccccc2)c2ccccc21,0.1147597,-5.8273,0.0139637,0.3778,0.9966394,361.803,0.9645247,2.2726,1.0,1.0,1.0,1.0,1.0,1.0,1.0,1.0,400,-9.61722,2.8745973
31.4839,39.8813,-19.1705,0.323606,C=c1c(=C(c2ccccc2)c2ccccc2)c2cc3cc(c2n1-c1ccccc1)C3=O,1,C=c1c(=C(c2ccccc2)c2ccccc2)c2cc3cc(c2n1-c1ccccc1)C3=O,0.2190406,-4.5704,0.0166406,0.5711,0.9998739,397.477,0.8952364,3.4036,1.0,1.0,1.0,1.0,1.0,1.0,1.0,1.0,180,0.556182,21.222647
25.2391,29.9231,-2.2679,0.4321121,C(=C1[S+]=C(c2ccccc2)N=C1c1ccccc1)c1c(-c2ccccc2)[n-]c2ccccc12,1,C(=C1[S+]=C(c2ccccc2)N=C1c1ccccc1)c1c(-c2ccccc2)[n-]c2ccccc12,0.4440823,-2.8658,0.0186464,0.6969,0.9999976,440.571,0.886192,3.4945,1.0,1.0,1.0,1.0,1.0,1.0,1.0,1.0,160,5.4347506,9.171029
11.7047,33.3747,4.4885,0.5916137,Cc1ccc(C2=C3C(=C(c4cccn4C)c4cccn4[B-]3(F)F)[B-](F)(F)n3cccc32)cc1,1,[BH2-]1C2=C(c3ccc[nH]3)c3cccn3[BH2-]C2=C(c2ccccc2)c2cccn21,0.8672262,0.5563,0.0355831,1.4174,0.9999987,447.053,0.8084568,4.0929,1.0,1.0,1.0,1.0,1.0,1.0,1.0,1.0,380,32.773804,-13.223401
38.4972,42.5042,-22.8907,0.3064606,Cc1cc2c3c(=Nc4ccccc4)nc(-c4ccccc4)n(c3[s+]1)C(c1ccccc1)=C2[O-],1,C1=C(c2ccccc2)n2c(-c3ccccc3)nc(=Nc3ccccc3)c3c1cc[s+]c32,0.2138,-4.6207,0.0179661,0.6558,0.9999985,445.547,0.7485927,4.4338,1.0,1.0,1.0,1.0,1.0,1.0,1.0,1.0,180,3.8890266,5.505089
25.077,26.3382,-25.142,0.0186907,Cc1cccc2sc(-c3ccccc3C(=O)O)nc12,1,c1ccc(-c2nc3ccccc3s2)cc1,0.0005205,-14.8126,0.0208235,0.8192,0.0559738,269.325,0.9745489,1.938,1.0,1.0,1.0,1.0,1.0,1.0,1.0,1.0,60,-19.733265,10.71113
22.6689,32.7054,-4.2272,0.4449725,COc1c2ccccc2cc2ccc3c(c12)Cc1ccccc1-3,1,c1ccc2c(c1)Cc1c-2ccc2cc3ccccc3cc12,0.6128274,-1.7521,0.0247806,1.0125,0.4171635,296.369,0.96857,2.1502,1.0,1.0,1.0,1.0,1.0,1.0,1.0,1.0,220,-29.619066,1.2173369
11.8555,28.5679,-28.5679,0.0,F[B-]1(F)C2=[N+](c3ccccc3)C(c3ccccc3)=CC2=C(c2ccc(N(c3ccccc3)c3ccccc3)cc2)c2cccn21,1,[BH2-]1C2=[N+](c3ccccc3)C(c3ccccc3)=CC2=C(c2ccc(N(c3ccccc3)c3ccccc3)cc2)c2cccn21,0.5326732,-2.2868,0.0266604,1.094,1.0,587.482,0.888268,3.4742,1.0,1.0,1.0,1.0,1.0,1.0,1.0,1.0,260,16.475416,-15.475605
26.1238,36.5372,-8.0113,0.4457168,O=C1C=C(C(=C2C=CC=C(c3ccccc3)[P-]2(#[O+])c2ccccc2)c2ccccc2)c2ccccc21,1,O=C1C=C(C(=C2C=CC=C(c3ccccc3)[PH-]2c2ccccc2)c2ccccc2)c2ccccc21,0.5075725,-2.4507,0.0179624,0.6556,0.9999999,482.519,0.8375321,3.8975,1.0,1.0,1.0,1.0,1.0,1.0,1.0,1.0,220,-0.6223793,18.796425
9.026,27.2554,-27.2554,0.0,F[B-]1(F)n2cccc2C(c2ccc(Cl)cc2)=C2C=C(c3ccccc3)C=[N+]21,1,[BH2-]1n2cccc2C(c2ccccc2)=C2C=C(c3ccccc3)C=[N+]12,0.835174,0.1428,0.0355365,1.416,0.9992839,378.618,0.89509,3.4051,1.0,1.0,1.0,1.0,1.0,1.0,1.0,1.0,300,24.115622,-15.765882
24.373,36.8586,-24.1735,0.1982035,FC1=CC=CC2=CC=CC(c3ccccc3)=[N+]1C2=Cc1ccccc1,1,C1=CC2=CC=CC(c3ccccc3)=[N+](C=C1)C2=Cc1ccccc1,0.069576,-6.7233,0.0164419,0.5579,0.9191592,326.394,0.8334029,3.9268,1.0,1.0,1.0,1.0,1.0,1.0,1.0,1.0,380,0.118943855,-4.607541
28.718,28.5099,-28.5099,0.0,CC(=NN=C(c1ccccc1)c1cc(C)ccc1C)c1cccnc1,1,C(=NN=C(c1ccccc1)c1ccccc1)c1cccnc1,0.0,0.0,0.0,0.0,0.0,0.0,0.0,0.0,1.0,1.0,0.0,0.0,0.0,0.0,0.0,0.0,200,-1.3065084,23.91337
64.422,70.4485,-42.7456,0.4328565,CC1c2c3c4c(C(F)(F)F)cc5ccccc5[n+]-3c(C(=O)c3ccccc3)c2=C([N+](=O)[O-])C=C(C(F)(F)F)C2=CC=4C21,1,O=C(c1ccccc1)c1c2c3c4c(ccc5ccccc5[n+]1-4)=C1C=C(C=CC=2)C1C3,0.6048439,-1.8067,0.022343,0.8974,1.0,579.476,0.5548074,5.2849,1.0,1.0,1.0,1.0,1.0,1.0,1.0,1.0,180,8.230257,-6.28766
34.4305,39.2923,-36.8163,0.0386879,CN1C(=O)C2C(C)(OC3CCc4c(ccc5ccccc45)C32c2ccccc2)C1=O,1,O=C1NC(=O)C2C1OC1CCc3c(ccc4ccccc34)C12c1ccccc1,0.0009246,-13.8762,0.0263085,1.0792,0.9998738,397.474,0.8227175,4.0002,1.0,1.0,1.0,1.0,1.0,1.0,1.0,1.0,60,-22.600327,16.276989
23.055,42.2051,-6.7625,0.5537896,COc1ccc(C2=C3C(=C(c4ccc(O)cc4)c4c(Br)cc(Cl)cc43)[B-](F)(F)n3cc(Br)cc32)cc1,1,[BH2-]1C2=C(c3ccccc3)c3ccccc3C2=C(c2ccccc2)c2cccn21,0.7315176,-0.8676,0.0283394,1.1622,0.9999998,630.499,0.8883614,3.4733,1.0,1.0,1.0,1.0,1.0,1.0,1.0,1.0,380,11.83759,-11.020141
22.9359,28.02,-28.02,0.0,COc1cccc(C=NOCCON=Cc2ccc(Cl)cc2Cl)c1OC,1,C(=NOCCON=Cc1ccccc1)c1ccccc1,0.0,0.0,0.0,0.0,0.0,0.0,0.0,0.0,1.0,1.0,0.0,0.0,0.0,0.0,0.0,0.0,100,-0.5500507,-15.730877
13.9229,14.9507,-14.9126,0.0005954,COC(=O)c1ccccn1,1,c1ccncc1,2.64e-05,-19.6679,0.0115701,0.171,3e-07,137.138,0.9810821,1.6416,1.0,1.0,1.0,1.0,1.0,1.0,1.0,1.0,140,-28.012768,12.856711
24.9019,33.3328,-10.1594,0.362085,Cc1ccc(S(=O)(=O)N=C2C3=C(C(=O)c4ccccc42)c2cccc4cccc(c24)C=C3)cc1,1,O=C1C2=C(C=Cc3cccc4cccc2c34)C(=NS(=O)(=O)c2ccccc2)c2ccccc21,0.2729015,-4.096,0.0180456,0.6607,0.9999996,461.542,0.9434497,2.7499,1.0,1.0,1.0,1.0,1.0,1.0,1.0,1.0,100,-15.806663,1.9141707
29.2236,26.1771,-26.1771,0.0,CC(C)(C)OC(=N[N+](=O)[O-])NCc1ccc(Cl)cc1,1,c1ccccc1,0.0,0.0,0.0,0.0,0.0,0.0,0.0,0.0,1.0,1.0,0.0,0.0,0.0,0.0,0.0,0.0,140,0.817055,-20.733137
23.5774,23.3596,-23.3596,0.0,C(=Cc1ccc(-c2cc3ccccc3c3ccccc23)cc1)c1ccccc1,1,C(=Cc1ccc(-c2cc3ccccc3c3ccccc23)cc1)c1ccccc1,0.0,0.0,0.0,0.0,0.0,0.0,0.0,0.0,1.0,1.0,0.0,0.0,0.0,0.0,0.0,0.0,400,-21.799524,-6.0908346
20.0062,30.6556,-0.1101,0.4772733,COc1ccc2c(c1)[B-](F)(F)C1=Cc3ccccc3N3[N+]1=C2[B-]3(F)F,1,[BH2-]1C2=Cc3ccccc3N3[BH2-]C(=[N+]23)c2ccccc21,0.5687872,-2.049,0.0262436,1.0764,0.9842463,344.893,0.7852809,4.2329,1.0,1.0,1.0,1.0,1.0,1.0,1.0,1.0,280,10.744349,-8.475674
11.8942,32.5108,6.1285,0.6037381,F[B-]1(F)n2c(Br)ccc2C(c2ccc(Cl)cc2)=C2c3ccccc3C(c3ccncc3)=[N+]21,1,[BH2-]1n2cccc2C(c2ccccc2)=C2c3ccccc3C(c3ccncc3)=[N+]12,0.8317479,0.1026,0.0369351,1.4595,1.0,508.562,0.899157,3.3621,1.0,1.0,1.0,1.0,1.0,1.0,1.0,1.0,320,12.092705,-4.5849733
18.4596,40.262,-3.9971,0.56664,F[B-]1(F)C2=C(c3cccnc3)c3ccccc3C2=C(c2ccncc2)c2c(Br)ccn21,1,[BH2-]1C2=C(c3cccnc3)c3ccccc3C2=C(c2ccncc2)c2cccn21,0.7763329,-0.4733,0.0281636,1.1552,0.9999999,473.109,0.8891526,3.4654,1.0,1.0,1.0,1.0,1.0,1.0,1.0,1.0,360,31.002632,-9.213757
43.896,43.2965,-43.2965,0.0,CC(=O)OCC(=NO)C(=O)OC1(C(Cl)(Cl)Cl)NC(=O)c2ccccc21,1,O=C1NCc2ccccc21,0.0,0.0,0.0,0.0,0.0,0.0,0.0,0.0,1.0,1.0,0.0,0.0,0.0,0.0,0.0,0.0,20,-20.068874,12.742924
27.6362,32.1642,-23.6342,0.1332811,O=C1CCC2C1=CC=CC1=C2COc2ccccc21,1,O=C1CCC2C1=CC=CC1=C2COc2ccccc21,0.185826,-4.906,0.018665,0.698,0.0101728,250.297,0.8892472,3.4645,1.0,1.0,1.0,1.0,1.0,1.0,1.0,1.0,120,-17.329008,10.959884
21.9776,21.9895,-17.3023,0.0732381,COc1ccc(C=Nn2c(C(N)=O)n[nH]c2=S)cc1,1,S=c1[nH]ncn1N=Cc1ccccc1,0.0132948,-9.5144,0.0167828,0.5805,0.1100805,277.309,0.9503338,2.6159,1.0,1.0,1.0,1.0,1.0,1.0,1.0,1.0,20,-3.7590518,-22.707432
10.3014,24.9228,13.1226,0.5944585,F[B-]1(F)n2cccc2C(c2ccc[nH]2)=C2C=C(c3ccccc3)C=[N+]21,1,[BH2-]1n2cccc2C(c2ccc[nH]2)=C2C=C(c3ccccc3)C=[N+]12,0.8480823,0.3006,0.0378856,1.4881,0.9549217,333.15,0.8477374,3.8222,1.0,1.0,1.0,1.0,1.0,1.0,1.0,1.0,320,24.774734,-15.942415
44.0051,45.4081,-40.2085,0.0812434,Fc1ccc([B-]2(c3ccc4ccccc4c3)Oc3c(ccc4cc(-c5ccccc5)cc(-c5ccccc5)c34)O[P+]23c2ccccc2-c2ccccc23)cc1,1,c1ccc(-c2cc(-c3ccccc3)c3c4c(ccc3c2)O[P+]2(c3ccccc3-c3ccccc32)[B-](c2ccccc2)(c2ccc3ccccc3c2)O4)cc1,0.0082608,-10.2977,0.0136772,0.3549,0.998843,726.596,0.7179184,4.5872,1.0,1.0,1.0,1.0,1.0,1.0,1.0,1.0,80,2.8456357,4.835856
44.9335,51.5486,-28.1833,0.3650834,O=C1C=C(COc2ccc(Cl)cc2C(=O)c2ccccc2Cl)C(=C(c2ccccc2)c2cccc(Cl)c2)C=C1Cl,1,O=C1C=CC(=C(c2ccccc2)c2ccccc2)C(COc2ccccc2C(=O)c2ccccc2)=C1,0.2859667,-3.9903,0.0167165,0.5762,1.0,606.332,0.9406452,2.8001,1.0,1.0,1.0,1.0,1.0,1.0,1.0,1.0,240,-3.2915514,21.130756
27.2128,32.0187,-8.3085,0.3704716,Cn1c(-c2ccccc2)c(N=NN=c2c3ccccc3c3ccccc3n2C)c2ccccc21,1,c1ccc(-c2[nH]c3ccccc3c2N=NN=c2[nH]c3ccccc3c3ccccc23)cc1,0.2945963,-3.922,0.0171355,0.6035,0.9999978,441.538,0.9404536,2.8034,1.0,1.0,1.0,1.0,1.0,1.0,1.0,1.0,180,-19.152107,-12.644574
28.8037,41.9264,-18.7121,0.3627242,Brc1ccc(CN2N=C(c3ccccc3)CC2=C2C=C(c3ccccc3)C(c3ccccc3)=C2c2ccccc2)cc1,1,C1=C(c2ccccc2)C(c2ccccc2)=C(c2ccccc2)C1=C1CC(c2ccccc2)=NN1Cc1ccccc1,0.2667408,-4.1469,0.0199287,0.7706,1.0,605.579,0.9394958,2.82,1.0,1.0,1.0,1.0,1.0,1.0,1.0,1.0,360,7.433134,13.448835
21.7531,28.3747,-20.4201,0.1242905,CC1=C2CC(c3ccccc3)=C(C1=O)c1ccccc12,1,O=C1C=C2CC(c3ccccc3)=C1c1ccccc12,0.1176093,-5.7821,0.0140711,0.3862,0.0210647,258.32,0.9259912,3.031,1.0,1.0,1.0,1.0,1.0,1.0,1.0,1.0,180,-4.715143,7.512831
16.4263,22.2505,-3.2042,0.2975987,O=[N+]([O-])c1cccc(N=NN(c2ccccc2)c2ccccc2)c1,1,c1ccc(N=NN(c2ccccc2)c2ccccc2)cc1,0.1813915,-4.9542,0.0165767,0.5669,0.8440673,318.336,0.9619552,2.3436,1.0,1.0,1.0,1.0,1.0,1.0,1.0,1.0,240,-1.3756102,29.493063
18.0222,20.307,-19.9552,0.0054967,F[B-]1(F)N=Cc2cccc[n+]21,1,[BH2-]1N=Cc2cccc[n+]21,0.0042416,-11.3898,0.0159085,0.5215,1.4e-06,153.928,0.7105874,4.6223,1.0,1.0,1.0,1.0,1.0,1.0,1.0,1.0,240,11.788449,-16.6345
38.1692,39.4756,-31.4645,0.1251733,CC1=CC2=CC3(C)C(=O)C=CC(C)C3=CC(C)(O)C2C1=O,1,O=C1C=CCC2=CCC3C(=O)C=CC3=CC12,0.0576803,-7.0494,0.0159027,0.5211,0.1913972,284.355,0.6063235,5.078,1.0,1.0,1.0,1.0,1.0,1.0,1.0,1.0,100,-24.038427,19.98746
43.6589,60.675,-37.3595,0.3643038,CO[B-]1(n2cccc2)C2=C(C3=C([S+]=C(c4ccccc4)C(c4ccccc4)=NC2=O)[B-](F)(F)n2cccc23)C(=C(c2ccccc2)c2ccccc2)c2cccn21,1,O=C1N=C(c2ccccc2)C(c2ccccc2)=[S+]C2=C(C3=C1[BH-](n1cccc1)n1cccc1C3=C(c1ccccc1)c1ccccc1)c1cccn1[BH2-]2,0.41547,-3.056,0.0206063,0.8076,0.9600415,765.483,0.5416954,5.3366,1.0,1.0,1.0,1.0,1.0,1.0,1.0,1.0,260,19.59254,5.9575286
32.9731,31.1321,-6.4303,0.3859664,Cc1[s+]c(-c2ccccc2)n2cc(Br)c(=O)[n-]c12,1,O=c1ccn2c(-c3ccccc3)[s+]cc2[n-]1,0.3717797,-3.3543,0.0203405,0.7932,0.875719,321.199,0.8044119,4.1182,1.0,1.0,1.0,1.0,1.0,1.0,1.0,1.0,320,-1.5539867,-5.713763
34.4247,36.826,-36.826,0.0,CC(=Cc1ccccc1)[NH+]1C(=O)O[B-]2(OC(=O)c3ccccc32)c2ccccc21,1,O=C1O[B-]2(OC(=O)[NH+](C=Cc3ccccc3)c3ccccc32)c2ccccc21,0.0,0.0,0.0,0.0,0.0,0.0,0.0,0.0,1.0,1.0,0.0,0.0,0.0,0.0,0.0,0.0,200,-5.493927,19.889174
20.6424,30.8243,-29.3526,0.0229949,F[B-]1(F)c2c(Cl)c(Cl)c(Cl)c(Cl)c2C(c2ccccc2)c2c(Br)c(Cl)c(Cl)n21,1,[BH2-]1c2ccccc2C(c2ccccc2)c2cccn21,0.000314,-15.6359,0.0128338,0.2849,1.0,565.672,0.8016708,4.1351,1.0,1.0,1.0,1.0,1.0,1.0,1.0,1.0,280,23.444994,3.6073408
27.2725,28.8421,-28.8421,0.0,C1=CC(=C(Cc2ccccc2)c2ccc(N(c3ccccc3)c3ccccc3)cc2)C=C1,1,C1=CC(=C(Cc2ccccc2)c2ccc(N(c3ccccc3)c3ccccc3)cc2)C=C1,0.0,0.0,0.0,0.0,0.0,0.0,0.0,0.0,1.0,1.0,0.0,0.0,0.0,0.0,0.0,0.0,60,-0.48987275,29.23117
13.2488,36.6706,-3.0819,0.5248236,F[B-]1(F)C2=C(Br)C=CC2=C(c2cccnc2Cl)c2cc(Cl)cn21,1,[BH2-]1C2=CC=CC2=C(c2cccnc2)c2cccn21,0.6841515,-1.2412,0.0273976,1.1244,0.9999745,414.853,0.8227497,4.0,1.0,1.0,1.0,1.0,1.0,1.0,1.0,1.0,360,32.524475,2.8959427
25.0414,25.0952,-24.6888,0.0063505,COc1cccc(N2C(=O)C3=CCCCC3C2=O)c1,1,O=C1C2=CCCCC2C(=O)N1c1ccccc1,6.51e-05,-18.1979,0.0133907,0.3316,0.019193,257.289,0.9346205,2.9008,1.0,1.0,1.0,1.0,1.0,1.0,1.0,1.0,140,-11.92455,10.992176
31.5242,44.3341,-16.4866,0.4351171,O=C1C2=C(c3c(F)cccc31)c1c(n(-c3ccccc3)c(=O)c3ccccc13)C(F)(F)C2=O,1,O=C1Cc2c(c3ccccc3c(=O)n2-c2ccccc2)C2=C1C(=O)c1ccccc12,0.4382699,-2.9042,0.0180441,0.6606,0.9999982,443.38,0.934549,2.902,1.0,1.0,1.0,1.0,1.0,1.0,1.0,1.0,240,-3.857648,-0.76806456
16.196,33.0303,5.2796,0.5985918,Oc1ccc(C2=C3C=C(c4cccc(F)c4)C=[N+]3[B-](F)(F)n3cccc32)cc1,1,[BH2-]1n2cccc2C(c2ccccc2)=C2C=C(c3ccccc3)C=[N+]12,0.8342485,0.1319,0.0360192,1.4312,0.9992532,378.162,0.8798902,3.5541,1.0,1.0,1.0,1.0,1.0,1.0,1.0,1.0,280,23.95587,-15.6055565
38.1629,37.1134,-36.5426,0.0089182,CN1CCC2(CC1)OC(=O)N(c1ccc(C#N)c(Br)c1)C2c1ccccc1,1,O=C1OC2(CCNCC2)C(c2ccccc2)N1c1ccccc1,2.55e-05,-19.7235,0.015213,0.4722,0.9999911,426.314,0.8587764,3.7361,1.0,1.0,1.0,1.0,1.0,1.0,1.0,1.0,60,-19.627897,16.329012
23.8869,43.1918,-7.984,0.5501213,[O-][N+]1=C(c2ccccc2)C2=C(c3cccs3)N=C(c3ccccc3)[N+]2=C1c1ccc(Cl)cc1,1,c1ccc(C2=NC(c3cccs3)=C3C(c4ccccc4)=[NH+]C(c4ccccc4)=[N+]23)cc1,0.7691336,-0.5401,0.0212739,0.843,0.9999998,466.973,0.9132131,3.2002,1.0,1.0,1.0,1.0,1.0,1.0,1.0,1.0,380,8.834872,-1.2672361
35.4242,42.4025,-42.4025,0.0,CC=C1C(=Nc2ccc(N=Nc3ccc(OC)cc3)cc2)c2ccccc2N1C=C1C=CC=C1,1,C=C1C(=Nc2ccc(N=Nc3ccccc3)cc2)c2ccccc2N1C=C1C=CC=C1,0.0,0.0,0.0,0.0,0.0,0.0,0.0,0.0,1.0,1.0,0.0,0.0,0.0,0.0,0.0,0.0,200,1.4010668,-3.8109114
36.3602,47.3493,-20.2498,0.4234295,Oc1ccc(-c2c3ccccc3c(-c3ccc(F)cc3)c3[n+]2-c2c(-c4ccccc4)c-3[o+]c3ccccc23)cc1,1,c1ccc(-c2c3[o+]c4ccccc4c2-[n+]2c-3c(-c3ccccc3)c3ccccc3c2-c2ccccc2)cc1,0.4039283,-3.1337,0.0232797,0.943,1.0,519.575,0.8578107,3.7438,1.0,1.0,1.0,1.0,1.0,1.0,1.0,1.0,320,-14.0046015,-9.743924
22.5204,32.7822,-2.4836,0.4734159,COC1(c2ccc(Br)cc2)C(c2ccc(Br)cc2)=C1c1c2ccccc2cc2ccccc12,1,c1ccc(C2=C(c3c4ccccc4cc4ccccc34)C2c2ccccc2)cc1,0.5148612,-2.4032,0.0219716,0.8788,1.0,556.297,0.9254633,3.0385,1.0,1.0,1.0,1.0,1.0,1.0,1.0,1.0,220,-25.180359,-6.4825807
13.9102,13.9221,-13.8891,0.0005156,Clc1cc(Cl)cc(Cl)c1,1,c1ccccc1,2.4e-06,-23.5674,0.0184892,0.6876,1.81e-05,181.449,0.9827977,1.547,1.0,1.0,1.0,1.0,1.0,1.0,1.0,1.0,40,-2.7880192,-20.181837
31.7631,33.5233,-15.8032,0.2768757,C[S+]=c1[n-]c(N=[N+]([O-])c2ccccc2)c(-c2ccccc2)c2c1CCCC2,1,[S+]=c1[n-]c(N=[NH+]c2ccccc2)c(-c2ccccc2)c2c1CCCC2,0.1277825,-5.6281,0.0271281,1.1134,0.9990457,375.497,0.8871734,3.4849,1.0,1.0,1.0,1.0,1.0,1.0,1.0,1.0,140,2.2251372,23.046698
33.9191,33.4433,-33.4433,0.0,COc1ccc(C=O)c(OC)c1C=Pc1c(OC)cc(C(C)=O)cc1C(C)(C)C,1,C(=Pc1ccccc1)c1ccccc1,0.0,0.0,0.0,0.0,0.0,0.0,0.0,0.0,1.0,1.0,0.0,0.0,0.0,0.0,0.0,0.0,60,-3.946002,-11.0793915
22.6341,29.1714,-12.7775,0.2561535,S=C1C(=C2c3ccccc3-c3ccccc32)c2ccc3ccccc3c2-c2ccccc21,1,S=C1C(=C2c3ccccc3-c3ccccc32)c2ccc3ccccc3c2-c2ccccc21,0.1204167,-5.7385,0.0141879,0.3953,0.9999875,422.552,0.9602722,2.3876,1.0,1.0,1.0,1.0,1.0,1.0,1.0,1.0,100,-14.485781,5.655026
25.1645,29.91,-18.6193,0.1764175,C1=Cc2ccccc2C2C1=C(c1ccccc1)Oc1ccc3ccccc3c12,1,C1=Cc2ccccc2C2C1=C(c1ccccc1)Oc1ccc3ccccc3c12,0.0476863,-7.3764,0.0144357,0.4144,0.9954248,358.44,0.9313134,2.9525,1.0,1.0,1.0,1.0,1.0,1.0,1.0,1.0,160,-22.169527,3.4332619
25.8476,31.7904,-19.3419,0.1945083,c1ccc(N=C2N=C(N(c3ccccc3)C(c3ccccc3)(c3ccccc3)c3ccccc3)c3ccccc32)cc1,1,c1ccc(N=C2N=C(N(c3ccccc3)C(c3ccccc3)(c3ccccc3)c3ccccc3)c3ccccc32)cc1,0.0571066,-7.0667,0.017184,0.6066,1.0,539.682,0.9457002,2.7079,1.0,1.0,1.0,1.0,1.0,1.0,1.0,1.0,140,0.7611117,14.703471
13.4803,19.0718,4.2035,0.3636766,O=S1(=O)c2ccccc2C(=C2c3ccccc3-c3ccccc32)c2ccccc21,1,O=S1(=O)c2ccccc2C(=C2c3ccccc3-c3ccccc32)c2ccccc21,0.2728176,-4.0966,0.0174851,0.6258,0.9998001,392.479,0.9698651,2.1078,1.0,1.0,1.0,1.0,1.0,1.0,1.0,1.0,160,-4.298466,13.392865
26.4298,36.1249,-12.438,0.3701079,CN1C(=O)C(=C2C3=C(Cc4ccccc43)c3c2c2ccccc2oc3=O)c2ccccc21,1,O=C1Nc2ccccc2C1=C1C2=C(Cc3ccccc32)c2c1c1ccccc1oc2=O,0.2720402,-4.103,0.0220084,0.8806,0.9999759,415.448,0.9406566,2.7999,1.0,1.0,1.0,1.0,1.0,1.0,1.0,1.0,340,-10.1154175,10.073063
22.5889,35.5827,-15.0007,0.3215951,Cn1c2ccccc2c2cc3c(c(-c4ccccc4)c21)C(=NNc1ccccc1)c1ccccc1-3,1,c1ccc(NN=C2c3ccccc3-c3cc4c([nH]c5ccccc54)c(-c4ccccc4)c32)cc1,0.207198,-4.6854,0.0160489,0.5312,0.999999,449.557,0.9564056,2.4823,1.0,1.0,1.0,1.0,1.0,1.0,1.0,1.0,220,-5.512363,0.22221749
11.5094,30.7845,5.0935,0.5605929,F[B-]1(F)N2C=CC=C(Cl)C2=C(c2ccccn2)c2cccn21,1,[BH2-]1N2C=CC=CC2=C(c2ccccn2)c2cccn21,0.8121489,-0.1157,0.034881,1.395,0.8208613,316.527,0.8363982,3.9056,1.0,1.0,1.0,1.0,1.0,1.0,1.0,1.0,300,21.454594,-15.96325
55.5492,58.3159,-58.3159,0.0,CC(=O)OC1C(=O)C2CC3=C2C2CC(C)C1=C1C=C(C)C(OC(C)=O)C(OC2=O)C13,1,O=C1CC2=C3C=CCC4OC(=O)C(CC2)C2=C(CC12)C34,0.0,0.0,0.0,0.0,0.0,0.0,0.0,0.0,1.0,1.0,0.0,0.0,0.0,0.0,0.0,0.0,100,-20.590855,21.847664
17.5381,22.5472,-22.5472,0.0,Cc1ccc(C(=C2C(c3ccccc3)=C(c3ccccc3)c3ccccc32)c2ccccc2)cc1,1,c1ccc(C2=C(c3ccccc3)c3ccccc3C2=C(c2ccccc2)c2ccccc2)cc1,0.2293851,-4.4735,0.023926,0.9735,0.9999986,446.593,0.9690941,2.1333,1.0,1.0,1.0,1.0,1.0,1.0,1.0,1.0,360,1.664128,18.161678
25.7761,30.0109,-28.262,0.0273266,c1ccc(-c2ccc(-c3cc4occc4c(-c4ccccc4)c3-c3ccccc3)cc2)cc1,1,c1ccc(-c2ccc(-c3cc4occc4c(-c4ccccc4)c3-c3ccccc3)cc2)cc1,0.0004203,-15.1608,0.0127268,0.2757,0.9999874,422.527,0.9731203,1.9928,1.0,1.0,1.0,1.0,1.0,1.0,1.0,1.0,120,9.148808,4.7214303
30.2776,36.5024,-36.5024,0.0,C=CC1=C(c2ccccc2)OCC2=C(c3ccccc3)C(=O)C=CC12,1,O=C1C=CC2C=C(c3ccccc3)OCC2=C1c1ccccc1,0.0,0.0,0.0,0.0,0.0,0.0,0.0,0.0,1.0,1.0,0.0,0.0,0.0,0.0,0.0,0.0,120,7.0428762,8.65695
31.8818,31.7076,-31.7076,0.0,CCCOC1=CC(=Nc2cc(OC)ccc2OC)C=C(OC)C1=O,1,O=C1C=CC(=Nc2ccccc2)C=C1,0.0,0.0,0.0,0.0,0.0,0.0,0.0,0.0,1.0,1.0,0.0,0.0,0.0,0.0,0.0,0.0,20,-0.9264581,-14.161432
25.9803,36.7794,-8.3847,0.4436672,Cc1c(C2=[S+]C(=Cc3ccccc3)N=C2c2ccccc2)c([O-])nc2ccccc12,1,C(=C1N=C(c2ccccc2)C(c2cnc3ccccc3c2)=[S+]1)c1ccccc1,0.4658084,-2.7231,0.0184109,0.6829,0.9999451,406.51,0.9132804,3.1994,1.0,1.0,1.0,1.0,1.0,1.0,1.0,1.0,280,-6.9597673,-3.6499534
18.6228,40.1756,-5.1607,0.5471075,F[B-]1(F)C2=C(c3ccccc3)c3ccccc3C2=C(c2ccc(Cl)nc2)c2c(Cl)c(Br)c(Br)n21,1,[BH2-]1C2=C(c3ccccc3)c3ccccc3C2=C(c2cccnc2)c2cccn21,0.710757,-1.0358,0.0283965,1.1644,0.9999999,619.907,0.8853126,3.5029,1.0,1.0,1.0,1.0,1.0,1.0,1.0,1.0,360,15.459517,-0.032031152
21.4974,36.4023,0.1798,0.5715958,F[B-]1(F)n2cccc2C(n2c3ccccc3c3ccccc32)=C2c3ccccc3C(c3ccc(-c4ccccc4)cc3)=[N+]21,1,[BH2-]1n2cccc2C(n2c3ccccc3c3ccccc32)=C2c3ccccc3C(c3ccc(-c4ccccc4)cc3)=[N+]12,0.7709013,-0.5238,0.0293521,1.2014,1.0,559.428,0.9083215,3.2591,1.0,1.0,1.0,1.0,1.0,1.0,1.0,1.0,380,12.927439,-2.8127415
38.1463,44.7775,-36.3107,0.1322931,CN1C=CC=C2C1=C1C(Br)=C(Br)C3(Br)[N+](C)=C1[B-]23[B-](Br)(Br)Br,1,C1=CNC2=C3C=CC4[NH+]=C3[BH-]4C2=C1,0.0690876,-6.7357,0.0267065,1.0959,0.9999804,682.266,0.1734645,7.0256,1.0,1.0,1.0,1.0,1.0,1.0,1.0,1.0,220,11.085782,-26.016117
21.5458,31.1337,-31.1337,0.0,F[B-]1(F)n2cccc2C(=C2C=C(c3ccccn3)c3ccccc32)c2cccn21,1,[BH2-]1n2cccc2C(=C2C=C(c3ccccn3)c3ccccc32)c2cccn21,0.8392241,0.1912,0.0285325,1.1698,0.9994851,382.202,0.8760895,3.5888,1.0,1.0,1.0,1.0,1.0,1.0,1.0,1.0,300,35.58415,-17.670702
39.6556,35.0215,-35.0215,0.0,CC(C)[Si](OC1OC(C2COc3ccccc3C2=O)C2OC(C)(C)OC12)(C(C)C)C(C)C,1,O=C1c2ccccc2OCC1C1OCC2OCOC21,0.0,0.0,0.0,0.0,0.0,0.0,0.0,0.0,1.0,1.0,0.0,0.0,0.0,0.0,0.0,0.0,60,-19.565533,-23.049068
38.7396,43.331,-40.5729,0.0430943,O=C1c2ccccc2C2(c3ccccc3-c3ccccc32)N1c1cc([N+](=O)[O-])cc(-c2ccccc2[N+](=O)[O-])c1-c1ccccc1,1,O=C1c2ccccc2C2(c3ccccc3-c3ccccc32)N1c1cccc(-c2ccccc2)c1-c1ccccc1,0.0014723,-13.1176,0.0112914,0.1442,1.0,601.618,0.8996692,3.3565,1.0,1.0,1.0,1.0,1.0,1.0,1.0,1.0,40,-2.0315359,8.803738
23.0673,27.6249,3.1917,0.4815086,CNC(=C1C(=O)N(c2ccccc2)N=C1C)c1c2ccccc2cc2ccccc12,1,O=C1C(=Cc2c3ccccc3cc3ccccc23)C=NN1c1ccccc1,0.5076424,-2.4502,0.0244113,0.9958,0.9997808,391.474,0.9558479,2.4953,1.0,1.0,1.0,1.0,1.0,1.0,1.0,1.0,360,-30.96122,-5.239164
10.0863,23.147,14.1998,0.5835437,F[B-]1(F)n2cccc2C(c2ccc[nH]2)=C(c2cccs2)c2cccn21,1,[BH2-]1n2cccc2C(c2ccc[nH]2)=C(c2cccs2)c2cccn21,0.8038076,-0.2032,0.0367747,1.4546,0.9918988,352.198,0.8457546,3.8372,1.0,1.0,1.0,1.0,1.0,1.0,1.0,1.0,300,33.838207,-16.657637
45.451,47.6706,-47.6706,0.0,CCOC1=CC2(C#N)C(=O)c3ccccc3N3C(c4ccccc4)C(C(=O)C3(c3ccccc3)C1)C2c1ccccc1,1,O=C1c2ccccc2N2C(c3ccccc3)C3C(=O)C2(c2ccccc2)CC=CC1C3c1ccccc1,0.0,0.0,0.0,0.0,0.0,0.0,0.0,0.0,1.0,1.0,0.0,0.0,0.0,0.0,0.0,0.0,60,-12.844697,18.321505
16.1084,18.3785,9.7954,0.4402183,c1ccc2cc(-c3c4ccccc4cc4ccccc34)ccc2c1,1,c1ccc2cc(-c3c4ccccc4cc4ccccc34)ccc2c1,0.5320032,-2.2912,0.0202039,0.7857,0.5997727,304.392,0.9805065,1.6715,1.0,1.0,1.0,1.0,1.0,1.0,1.0,1.0,80,-25.843246,-5.9480014
29.3276,34.665,-17.0861,0.2746702,C1=C2N(c3ccccc3)c3c(c4ccccc4c4ccccc34)N2c2cccc3cccc1c23,1,C1=C2N(c3ccccc3)c3c(c4ccccc4c4ccccc34)N2c2cccc3cccc1c23,0.1422709,-5.4259,0.0152998,0.4785,0.999995,432.526,0.9443944,2.7324,1.0,1.0,1.0,1.0,1.0,1.0,1.0,1.0,100,-23.326565,-10.863376
19.1263,24.6379,10.5834,0.5503336,Clc1ccc(C2=C3C=C(c4ccccc4)OC3(c3ccccc3)c3ccccc32)cc1,1,C1=C(c2ccccc2)OC2(c3ccccc3)C1=C(c1ccccc1)c1ccccc12,0.6296611,-1.6356,0.0392882,1.5292,0.9999825,418.923,0.9279547,3.0027,1.0,1.0,1.0,1.0,1.0,1.0,1.0,1.0,260,3.4060829,8.050761
37.6228,43.6308,-26.4677,0.2681735,C[Si](C)(C)N1c2ccccc2N(B2C(=c3ccc(=C(c4ccccc4)c4ccccc4)cc3)c3ccccc3N2c2ccccc2)[Si]1(C)C,1,c1ccc(C(c2ccccc2)=c2ccc(=C3B(N4[SiH2]Nc5ccccc54)N(c4ccccc4)c4ccccc43)cc2)cc1,0.1304555,-5.5894,0.0211397,0.8359,0.9999948,667.814,0.858287,3.74,1.0,1.0,1.0,1.0,1.0,1.0,1.0,1.0,180,-0.123929985,20.677063
35.036,34.9068,-34.9068,0.0,COc1ccc(C#CC=NN(C)S(=O)(=O)c2cccc([N+](=O)[O-])c2)cc1,1,O=S(=O)(NN=CC#Cc1ccccc1)c1ccccc1,0.0,0.0,0.0,0.0,0.0,0.0,0.0,0.0,1.0,1.0,0.0,0.0,0.0,0.0,0.0,0.0,40,-11.0662,-14.388317
33.802,48.2585,-17.2615,0.4843278,O=c1c(Cc2c3ccccc3cc3ccccc23)c(-c2ccccc2)cc2c3cc(Cl)ccc3c(=Cc3ccccc3)n12,1,O=c1c(Cc2c3ccccc3cc3ccccc23)c(-c2ccccc2)cc2c3ccccc3c(=Cc3ccccc3)n12,0.5720966,-2.027,0.0180925,0.6636,1.0,572.107,0.9402648,2.8067,1.0,1.0,1.0,1.0,1.0,1.0,1.0,1.0,200,-15.312091,-5.544536
16.0519,16.0379,-16.0379,0.0,CNC(=S)NN=C(C)c1ccccc1,1,c1ccccc1,0.0,0.0,0.0,0.0,0.0,0.0,0.0,0.0,1.0,1.0,0.0,0.0,0.0,0.0,0.0,0.0,20,-7.9252796,28.316568
31.188,51.1417,-14.6582,0.5700538,Oc1c2c(c(Br)c(Br)c1=Cc1ccccc1)=C1c3ccccc3C(Br)=[N+]1[B-](F)(F)C2(F)F,1,[BH2-]1Cc2cc(=Cc3ccccc3)ccc2=C2c3ccccc3C=[N+]12,0.8433791,0.2419,0.0264529,1.0853,0.9999998,631.852,0.8350323,3.9153,1.0,1.0,1.0,1.0,1.0,1.0,1.0,1.0,380,11.737211,-2.5301974
23.5866,35.4519,-8.3844,0.4229283,COc1cccc2c1C1=C(Br)C(=O)N(C)C1=C2c1ccccc1,1,O=C1C=C2C(=C(c3ccccc3)c3ccccc32)N1,0.3824909,-3.2801,0.021383,0.8486,0.998138,368.23,0.9500157,2.6225,1.0,1.0,1.0,1.0,1.0,1.0,1.0,1.0,300,-3.2401757,6.86314
18.0781,23.0398,4.9174,0.4368322,N#CC1=C(c2ccccc2)C(c2ccccc2)=CC1=C(c1ccccc1)c1ccccc1,1,C1=C(c2ccccc2)C(c2ccccc2)=CC1=C(c1ccccc1)c1ccccc1,0.4053828,-3.1239,0.0224221,0.9013,0.9999499,407.516,0.9606292,2.3784,1.0,1.0,1.0,1.0,1.0,1.0,1.0,1.0,240,3.456305,18.982817
24.4454,32.205,-2.9668,0.4568467,O=C1C=CC2=[N+]3[N+](=C(c4ccccc4)c4cccn4[B-]3(F)F)[B-](F)(F)c3cccc1c32,1,O=C1C=CC2=[N+]3[BH2-]n4cccc4C(c4ccccc4)=[N+]3[BH2-]c3cccc1c32,0.5267648,-2.3255,0.0225769,0.909,0.9999855,420.971,0.7900941,4.2048,1.0,1.0,1.0,1.0,1.0,1.0,1.0,1.0,220,18.136986,-12.11954
10.983,28.7865,7.6245,0.5689225,F[B-]1(F)n2c(Cl)ccc2C(Cl)=C2c3ccccc3C(c3ccncc3)=[N+]21,1,[BH2-]1n2cccc2C=C2c3ccccc3C(c3ccncc3)=[N+]12,0.7295825,-0.8836,0.0366224,1.4499,0.9996985,388.013,0.8795451,3.5573,1.0,1.0,1.0,1.0,1.0,1.0,1.0,1.0,340,13.039082,-3.8945334
24.8949,23.978,-23.978,0.0,CC(=O)OC1C(C)=CCC2C1CCC1=CC(=O)CCC12C,1,O=C1C=C2CCC3CC=CCC3C2CC1,0.0,0.0,0.0,0.0,0.0,0.0,0.0,0.0,1.0,1.0,0.0,0.0,0.0,0.0,0.0,0.0,60,-23.773727,22.069695
29.9399,30.7036,-18.4355,0.1916884,Cc1ccc(-c2cc(C#N)c(N)c3c2-c2c(C)cccc2C3=O)cc1,1,O=C1c2ccccc2-c2c1cccc2-c1ccccc1,0.0569054,-7.0728,0.017335,0.6163,0.9042839,324.383,0.9583274,2.4363,1.0,1.0,1.0,1.0,1.0,1.0,1.0,1.0,40,-2.0184371,-7.5576887
29.8889,35.3539,-11.6957,0.3696589,C[N+]1=CC(=C2C3=C(c4ccccc42)c2ccccc2C3(C)C)c2ccccc21,1,C1=[NH+]c2ccccc2C1=C1C2=C(c3ccccc3C2)c2ccccc21,0.2754923,-4.0748,0.0217615,0.8681,0.9962056,360.48,0.9279328,3.003,1.0,1.0,1.0,1.0,1.0,1.0,1.0,1.0,120,-6.094642,11.243372
24.2145,29.4099,-6.9002,0.3517135,c1ccc(C2=NC(=c3c(=C(c4ccccc4)c4ccccc4)c4ccccc4c4ccccc34)c3ccccc32)cc1,1,c1ccc(C2=NC(=c3c(=C(c4ccccc4)c4ccccc4)c4ccccc4c4ccccc34)c3ccccc32)cc1,0.2544898,-4.2504,0.0173434,0.6168,1.0,533.674,0.9536703,2.5445,1.0,1.0,1.0,1.0,1.0,1.0,1.0,1.0,220,-0.1211308,17.307642
16.294,28.5956,3.4919,0.5013669,Cc1ccc(C)c2c1C(=C1c3ccccc3[B-](F)(F)n3cccc31)C(c1ccccc1)=C2c1ccccc1,1,[BH2-]1c2ccccc2C(=C2C(c3ccccc3)=C(c3ccccc3)c3ccccc32)c2cccn21,0.5836279,-1.95,0.0251817,1.0304,1.0,496.389,0.899711,3.3561,1.0,1.0,1.0,1.0,1.0,1.0,1.0,1.0,360,15.467302,-13.195568
32.606,34.5783,-34.5783,0.0,Cc1ccc(S(=O)(=O)ON=C2C(=Cc3ccccc3)CC(=O)OC2=CC#Cc2ccccc2)cc1,1,O=C1CC(=Cc2ccccc2)C(=NOS(=O)(=O)c2ccccc2)C(=CC#Cc2ccccc2)O1,0.0,0.0,0.0,0.0,0.0,0.0,0.0,0.0,1.0,1.0,0.0,0.0,0.0,0.0,0.0,0.0,140,-7.9515433,-2.2765892
41.8833,41.0197,-20.0416,0.3277819,COC(=O)c1ccccc2cc3c(=O)c(C[P-](#[O+])(c4ccccc4)c4ccccc4)cccc3c1-2,1,O=c1c(C[PH-](c2ccccc2)c2ccccc2)cccc2c3cccccc-3cc12,0.2199497,-4.5617,0.0176688,0.6374,0.9999999,478.484,0.9068318,3.2764,1.0,1.0,1.0,1.0,1.0,1.0,1.0,1.0,20,-12.657957,-7.258865
19.7617,31.7221,-7.9693,0.3711371,O=[N+]1C(=C2c3ccccc3-c3ccccc32)C=C2C1=C(c1ccccc1)c1ccccc12,1,O=[N+]1C(=C2c3ccccc3-c3ccccc32)C=C2C1=C(c1ccccc1)c1ccccc12,0.2868885,-3.9829,0.0189312,0.7137,0.9999542,408.48,0.9409727,2.7943,1.0,1.0,1.0,1.0,1.0,1.0,1.0,1.0,280,-1.9261643,12.212853
27.1195,34.99,-10.9871,0.3750458,N#Cc1c(-c2ccccc2)ccc2c1C(=NNc1ccccc1[N+](=O)[O-])c1ccccc1-2,1,c1ccc(NN=C2c3ccccc3-c3ccc(-c4ccccc4)cc32)cc1,0.3046977,-3.8436,0.0162745,0.5466,0.999978,416.44,0.9568647,2.4715,1.0,1.0,1.0,1.0,1.0,1.0,1.0,1.0,200,-2.0435958,8.547851
19.7354,23.5215,-10.5154,0.2032193,O=C1c2ccccc2C(C(=C2c3ccccc3-c3ccccc32)c2ccccc2)c2ccccc21,1,O=C1c2ccccc2C(C(=C2c3ccccc3-c3ccccc32)c2ccccc2)c2ccccc21,0.0686001,-6.748,0.0130143,0.3003,0.9999986,446.549,0.9622639,2.3353,1.0,1.0,1.0,1.0,1.0,1.0,1.0,1.0,160,-2.3478682,17.25339
32.4538,33.3105,-32.3817,0.0145119,O=C(N=[N+]([O-])OCc1ccc(Br)cc1)c1ccccc1Cl,1,O=C(N=[NH+]OCc1ccccc1)c1ccccc1,8.48e-05,-17.7677,0.0132154,0.3171,0.9983586,369.602,0.9517784,2.5856,1.0,1.0,1.0,1.0,1.0,1.0,1.0,1.0,100,-3.9489338,-13.114862
14.8406,19.6875,-15.4352,0.0664431,Brc1cc2ccccc2c(Br)c1-c1ccccc1,1,c1ccc(-c2ccc3ccccc3c2)cc1,0.0031784,-11.8615,0.0271544,1.1145,0.9967189,362.064,0.9739484,1.9614,1.0,1.0,1.0,1.0,1.0,1.0,1.0,1.0,200,-18.819813,-6.578208
22.5411,31.4447,-5.68,0.402573,O=C1C=c2c(nc(-c3ccccc3)c3ccccc23)=C(c2ccccc2)C1,1,O=C1C=c2c(nc(-c3ccccc3)c3ccccc23)=C(c2ccccc2)C1,0.3458394,-3.538,0.0198128,0.7641,0.9874731,347.417,0.954898,2.517,1.0,1.0,1.0,1.0,1.0,1.0,1.0,1.0,280,-16.001392,-7.788773
16.8601,16.3808,-12.8884,0.054568,Oc1ccc(Cl)cc1C=Nc1cccc(Cl)c1,1,C(=Nc1ccccc1)c1ccccc1,0.0096174,-10.0478,0.0169893,0.594,0.0422972,266.127,0.9684257,2.1549,1.0,1.0,1.0,1.0,1.0,1.0,1.0,1.0,100,-19.592207,9.975482
19.2398,36.8093,-4.5081,0.5047067,F[B-]1(F)n2c(cc(-c3ccco3)c2-c2ccco2)C(c2cccs2)=C2c3ccccc3C(c3ccco3)=[N+]2[B-]1(F)F,1,[BH2-]1[BH2-][N+]2=C(c3ccco3)c3ccccc3C2=C(c2cccs2)c2cc(-c3ccco3)c(-c3ccco3)n21,0.6082872,-1.7832,0.0287495,1.1782,1.0,571.149,0.8264866,3.9747,1.0,1.0,1.0,1.0,1.0,1.0,1.0,1.0,400,12.490527,-6.3128195
46.4281,48.9512,-45.485,0.0541587,CN1c2ccccc2CN(c2ccccc2)[Si]1(C)[Si]1(C)Nc2cccc3cccc(c23)N1c1cccc2c1-c1ccccc1C2,1,c1ccc(N2Cc3ccccc3N[SiH]2[SiH]2Nc3cccc4cccc(c34)N2c2cccc3c2-c2ccccc2C3)cc1,0.0027809,-12.0797,0.0139625,0.3777,0.9999999,616.917,0.7685499,4.3273,1.0,1.0,1.0,1.0,1.0,1.0,1.0,1.0,40,-11.933186,0.43967748
29.8374,31.8679,-25.1271,0.1053244,Clc1ccc(C2=C(c3ccccc3)c3ccccc3C2C2=CC3c4ccccc4C2c2ccccc23)cc1,1,C1=C(C2C(c3ccccc3)=C(c3ccccc3)c3ccccc32)C2c3ccccc3C1c1ccccc12,0.0118005,-9.711,0.0244928,0.9995,1.0,505.06,0.8419009,3.8658,1.0,1.0,1.0,1.0,1.0,1.0,1.0,1.0,100,2.7791326,-6.0066247
48.11,52.1635,-52.1635,0.0,CC1=C(C)SC(=C2C(=O)C(SCCC(=O)O)=C(C3=CC=[S+]c4ccccc(c4=O)[N-]3)C(C)(C)C2=O)S1,1,O=C1C=C(C2=CC=[S+]c3ccccc(c3=O)[N-]2)CC(=O)C1=C1SC=CS1,0.0,0.0,0.0,0.0,0.0,0.0,0.0,0.0,1.0,1.0,0.0,0.0,0.0,0.0,0.0,0.0,80,-9.062833,18.986296
26.4766,35.9897,-13.0834,0.3579101,[O-][N+]1=c2c([o+]c3cccc4cccc2c43)-c2ccccc2O[B-]1(F)F,1,[BH2-]1[NH+]=c2c([o+]c3cccc4cccc2c43)-c2ccccc2O1,0.2612997,-4.1925,0.02494,1.0197,0.9682044,337.09,0.8606659,3.7208,1.0,1.0,1.0,1.0,1.0,1.0,1.0,1.0,220,-17.105831,3.0090966
28.0832,31.9316,-12.2187,0.308015,c1ccc(C2=C(c3ccccc3)C(c3ccccc3)=C(c3cccc4ccc5ccccc5c34)C(c3ccccc3)O2)cc1,1,c1ccc(C2=C(c3ccccc3)C(c3ccccc3)=C(c3cccc4ccc5ccccc5c34)C(c3ccccc3)O2)cc1,0.1728896,-5.0492,0.0220039,0.8804,1.0,562.712,0.9250987,3.0437,1.0,1.0,1.0,1.0,1.0,1.0,1.0,1.0,160,3.5100675,5.943378
16.1518,17.9387,-6.675,0.175995,O=C([N-][S+]=Nc1ccccc1)c1ccccc1,1,O=C([N-][S+]=Nc1ccccc1)c1ccccc1,0.4693896,-2.6997,0.0255018,1.0445,0.0048976,242.303,0.9131395,3.2011,1.0,1.0,1.0,1.0,1.0,1.0,1.0,1.0,140,-1.9814285,26.360586
19.6966,20.52,-16.8584,0.0572128,c1ccc(-c2ccc3ccccc3c2-c2ccc3ccccc3c2)cc1,1,c1ccc(-c2ccc3ccccc3c2-c2ccc3ccccc3c2)cc1,0.0028158,-12.0594,0.0125658,0.2617,0.9428219,330.43,0.9793037,1.7312,1.0,1.0,1.0,1.0,1.0,1.0,1.0,1.0,20,-21.937574,-1.5950472
10.0556,32.6277,6.1891,0.6065123,COc1ccc(C2=C3C=C(c4ccccc4)C(c4ccccc4)=[N+]3[B-](F)(F)n3c(Cl)ccc32)cc1,1,[BH2-]1n2cccc2C(c2ccccc2)=C2C=C(c3ccccc3)C(c3ccccc3)=[N+]12,0.8349478,0.1401,0.0365844,1.4487,0.9999999,484.742,0.9117913,3.2176,1.0,1.0,1.0,1.0,1.0,1.0,1.0,1.0,320,14.428716,-7.632108
41.6784,42.309,-42.309,0.0,CCC=C(C(=O)C(=Cc1ccccc1)OCC)c1ccc(S(=O)(=O)c2ccccc2)cc1-c1ccccc1,1,C=C(C(=O)C=Cc1ccccc1)c1ccc(S(=O)(=O)c2ccccc2)cc1-c1ccccc1,0.0,0.0,0.0,0.0,0.0,0.0,0.0,0.0,1.0,1.0,0.0,0.0,0.0,0.0,0.0,0.0,100,-18.565857,7.81123
39.1388,53.9211,-22.7378,0.4872384,CN1C(=O)C(=C2c3ccccc3C(=Nc3nc(=Cc4ccccc4)n4cccc34)N2C#N)c2ccccc21,1,O=C1Nc2ccccc2C1=C1NC(=Nc2nc(=Cc3ccccc3)n3cccc23)c2ccccc21,0.5858162,-1.9354,0.0203948,0.7962,1.0,492.542,0.8864394,3.4921,1.0,1.0,1.0,1.0,1.0,1.0,1.0,1.0,140,-11.170823,8.851598
25.1137,31.8207,-8.4477,0.3652031,O=C1C(F)=C(F)C(=C2C=C(c3cc[nH]c3)c3ccccc32)C(F)=C1F,1,O=C1C=CC(=C2C=C(c3cc[nH]c3)c3ccccc32)C=C1,0.2905102,-3.9542,0.018992,0.7172,0.9817674,343.279,0.8863813,3.4926,1.0,1.0,1.0,1.0,1.0,1.0,1.0,1.0,280,4.436758,-10.12347
26.796,37.3258,-25.2194,0.1891635,Cc1ccc(C2=[N+]([B-](F)(F)F)[B-](F)(F)C(c3ccc([N+](=O)[O-])cc3)=C2c2ccc(C)c(C)c2)cc1,1,[BH2-]1[NH+]=C(c2ccccc2)C(c2ccccc2)=C1c1ccccc1,0.055362,-7.1202,0.017211,0.6084,0.9999999,485.05,0.8975636,3.3791,1.0,1.0,1.0,1.0,1.0,1.0,1.0,1.0,360,9.287981,-7.5638537
45.2974,49.4194,-49.4194,0.0,CC(=Nc1ccccc1N=C1C(=Nc2ccccc2Cl)c2cccc(Cl)c2N1c1ccccc1Cl)c1ccccn1,1,C(=Nc1ccccc1N=C1C(=Nc2ccccc2)c2ccccc2N1c1ccccc1)c1ccccn1,0.0,0.0,0.0,0.0,0.0,0.0,0.0,0.0,1.0,1.0,0.0,0.0,0.0,0.0,0.0,0.0,100,15.804538,13.513436
13.2961,35.79,2.2445,0.5942878,F[B-]1(F)n2cccc2C(c2cccs2)=C2C=C(c3ccc(Cl)cc3)C(c3ccccc3)=[N+]21,1,[BH2-]1n2cccc2C(c2cccs2)=C2C=C(c3ccccc3)C(c3ccccc3)=[N+]12,0.8290378,0.0713,0.0334596,1.3483,0.9999996,460.745,0.8917328,3.4396,1.0,1.0,1.0,1.0,1.0,1.0,1.0,1.0,320,20.46235,-6.4316726
32.0709,31.7384,-30.4128,0.0207121,O=C1C(Cl)C(Cl)(Cl)C(O)C(Cl)C1(Cl)Cc1ccccc1,1,O=C1CCCCC1Cc1ccccc1,0.0002268,-16.1662,0.0173717,0.6186,0.9991293,376.494,0.768383,4.3282,1.0,1.0,1.0,1.0,1.0,1.0,1.0,1.0,40,-16.058077,23.55854
12.9129,32.8771,0.674,0.5242347,F[B-]1(F)C(c2ccccc2)=[N+]2C(=C(c3ccc(Br)cc3)c3cccn31)C(c1ccc(Br)cc1)=[N+](c1ccccc1)[B-]2(F)F,1,[BH2-]1C(c2ccccc2)=[N+]2[BH2-][N+](c3ccccc3)=C(c3ccccc3)C2=C(c2ccccc2)c2cccn21,0.6440428,-1.5343,0.0313513,1.2752,0.999842,704.965,0.8402035,3.8782,1.0,1.0,1.0,1.0,1.0,1.0,1.0,1.0,280,20.309097,-2.2078068
21.0715,25.8359,-19.5833,0.0976977,O=[N+]([O-])c1ccc2c(c1)cc(-c1ccc(F)cc1)c1ccccc12,1,c1ccc(-c2cc3ccccc3c3ccccc23)cc1,0.0112744,-9.7862,0.0139454,0.3763,0.8313379,317.319,0.9755675,1.8971,1.0,1.0,1.0,1.0,1.0,1.0,1.0,1.0,260,-21.19693,-5.9330955
16.5132,30.5485,-14.5045,0.2506872,Fc1ccc(C2=[N+]3C(=C(c4ccc[nH]4)c4c(F)c(F)c(F)c(F)c43)[B-](F)(F)O2)cc1,1,[BH2-]1OC(c2ccccc2)=[N+]2C1=C(c1ccc[nH]1)c1ccccc12,0.1119426,-5.8729,0.0212826,0.8434,0.9999891,424.084,0.8360551,3.908,1.0,1.0,1.0,1.0,1.0,1.0,1.0,1.0,360,25.799332,-13.714469
31.3207,32.3188,-31.761,0.0087158,O=C1CCC2(O1)c1ccc(Br)cc1C(=O)N2c1c(F)c(F)nc(F)c1F,1,O=C1CCC2(O1)c1ccccc1C(=O)N2c1ccncc1,2.79e-05,-19.581,0.0120915,0.2194,0.9999943,431.139,0.778872,4.2696,1.0,1.0,1.0,1.0,1.0,1.0,1.0,1.0,20,7.582891,-24.116987
28.7756,40.7764,-7.531,0.5194589,[O-]c1c2c(c(-c3ccccc3)n1-c1ccccc1)[N+](=Cc1c3ccccc3cc3ccccc13)c1ccccc1-2,1,C(c1c2ccccc2cc2ccccc12)=[N+]1c2ccccc2-c2cn(-c3ccccc3)c(-c3ccccc3)c21,0.6459981,-1.5204,0.0229451,0.9269,1.0,512.612,0.9199039,3.1147,1.0,1.0,1.0,1.0,1.0,1.0,1.0,1.0,120,-28.963356,-2.679699
24.5078,27.6071,-27.6071,0.0,O=CC(=C1C(=Cc2ccccc2)C(=Cc2ccccc2)c2ccccc21)c1ccccc1,1,C(=C1C(=Cc2ccccc2)c2ccccc2C1=Cc1ccccc1)c1ccccc1,0.0,0.0,0.0,0.0,0.0,0.0,0.0,0.0,1.0,1.0,0.0,0.0,0.0,0.0,0.0,0.0,80,-0.79985887,16.097412
21.3336,31.9378,-14.6363,0.2703366,O=C1C(=CNc2ccc(Cl)cc2)C(=O)N(c2ccccc2)C1=Cc1cccc2ccccc12,1,O=C1C(=CNc2ccccc2)C(=O)N(c2ccccc2)C1=Cc1cccc2ccccc12,0.1308087,-5.5843,0.016981,0.5935,0.9999991,450.925,0.9586799,2.4276,1.0,1.0,1.0,1.0,1.0,1.0,1.0,1.0,200,-5.0236316,-2.407054
47.9606,46.3287,-46.3287,0.0,O=C(CCCN1C(=O)OCC1c1cccc([N+](=O)[O-])c1)Nc1cccc2cccc(S(=O)(=O)c3ccccc3)c12,1,O=C(CCCN1C(=O)OCC1c1ccccc1)Nc1cccc2cccc(S(=O)(=O)c3ccccc3)c12,0.0,0.0,0.0,0.0,0.0,0.0,0.0,0.0,1.0,1.0,0.0,0.0,0.0,0.0,0.0,0.0,60,-9.966293,-12.86501
33.4195,33.7581,-31.6704,0.0326192,O=C(NC1CC(c2ccccc2)OC1c1ccc2c(c1)OCO2)c1ccc2ccccc2c1,1,O=C(NC1CC(c2ccccc2)OC1c1ccc2c(c1)OCO2)c1ccc2ccccc2c1,0.0006054,-14.5664,0.0200824,0.7791,0.9999968,437.495,0.9050841,3.2965,1.0,1.0,1.0,1.0,1.0,1.0,1.0,1.0,40,-23.967402,12.86101
38.2358,39.0165,-39.0165,0.0,CC(C)C1CCN1C(=O)c1cccc(-c2ccccc2)c1NC(=O)C1CCCN1C(=O)OC(C)(C)C,1,O=C(Nc1c(C(=O)N2CCC2)cccc1-c1ccccc1)C1CCCN1,0.0,0.0,0.0,0.0,0.0,0.0,0.0,0.0,1.0,1.0,0.0,0.0,0.0,0.0,0.0,0.0,20,-11.832305,-2.7106593
11.9158,28.4606,6.2758,0.542756,F[B-]1(F)C2=Cc3ccccc3C2=C(c2cccnc2)c2ccc(Br)n21,1,[BH2-]1C2=Cc3ccccc3C2=C(c2cccnc2)c2cccn21,0.7123238,-1.0233,0.0265958,1.0913,0.9998558,396.023,0.882728,3.5276,1.0,1.0,1.0,1.0,1.0,1.0,1.0,1.0,280,29.27684,-2.25881
22.738,26.4345,-21.8091,0.0722715,COc1ccc(C2CN(c3ccccc3)C(=O)C2=Cc2ccc(F)cc2)cc1,1,O=C1C(=Cc2ccccc2)C(c2ccccc2)CN1c1ccccc1,0.0043436,-11.351,0.0211722,0.8377,0.9988455,373.427,0.9449019,2.7229,1.0,1.0,1.0,1.0,1.0,1.0,1.0,1.0,120,6.6417513,-11.723779
24.2907,36.2887,-6.5954,0.463957,COc1ccc(C2=[O+]C(=C3c4ccccc4-c4cccn4[B-]3(F)F)C=C2c2ccc(F)cc2)cc1,1,[BH2-]1C(=C2C=C(c3ccccc3)C(c3ccccc3)=[O+]2)c2ccccc2-c2cccn21,0.4887927,-2.573,0.0250982,1.0267,0.9999998,469.271,0.8783293,3.5684,1.0,1.0,1.0,1.0,1.0,1.0,1.0,1.0,280,11.4418,-9.338504
38.467,46.4639,-31.5724,0.2326809,O=c1c2c3ccccc3c3c4cccccc5c(c4)c4ccccc4c1c1ccc5c(c4ccccc42)c13,1,O=c1c2c3ccccc3c3c4cccccc5c(c4)c4ccccc4c1c1ccc5c(c4ccccc42)c13,0.1002677,-6.0736,0.017955,0.6551,0.9999999,480.566,0.8074709,4.0991,1.0,1.0,1.0,1.0,1.0,1.0,1.0,1.0,60,-19.738625,-9.70693
7.0235,23.1461,-23.1461,0.0,F[B-]1(F)n2cccc2C(c2ccccc2)=C2C=C(c3ccccc3)C(c3ccccc3)=[N+]21,1,[BH2-]1n2cccc2C(c2ccccc2)=C2C=C(c3ccccc3)C(c3ccccc3)=[N+]12,0.818158,-0.0507,0.035944,1.4288,0.9999846,420.271,0.9139984,3.1905,1.0,1.0,1.0,1.0,1.0,1.0,1.0,1.0,320,19.582773,-6.993981
25.7107,38.7294,-7.3254,0.4906877,FC1=C(c2ccc(Br)cc2)C(c2ccc(Br)cc2)=[O+][B-](F)(F)N1c1c2ccccc2cc2ccccc12,1,[BH2-]1[O+]=C(c2ccccc2)C(c2ccccc2)=CN1c1c2ccccc2cc2ccccc12,0.5387061,-2.2473,0.0267255,1.0967,0.9999999,623.075,0.9080905,3.2618,1.0,1.0,1.0,1.0,1.0,1.0,1.0,1.0,320,-24.339664,-7.0369763
11.6079,24.9647,8.7264,0.5264249,F[B-]1(F)n2cccc2C(=c2cc(-c3ccc[nH]3)c3cccn23)c2cccn21,1,[BH2-]1n2cccc2C(=c2cc(-c3ccc[nH]3)c3cccn23)c2cccn21,0.7128246,-1.0194,0.025097,1.0267,0.9957203,359.168,0.8180907,4.0309,1.0,1.0,1.0,1.0,1.0,1.0,1.0,1.0,240,33.855816,-16.964033
23.4282,24.2623,-19.0943,0.0807501,C1=Cc2ccccc2C(=C2Nc3ccccc3S2)c2ccccc21,1,C1=Cc2ccccc2C(=C2Nc3ccccc3S2)c2ccccc21,0.0064629,-10.7003,0.0161286,0.5366,0.9123557,325.436,0.9569392,2.4697,1.0,1.0,1.0,1.0,1.0,1.0,1.0,1.0,20,0.6762746,10.346447
16.4618,16.5096,-14.5912,0.0299748,Nc1ccc2c(c1)C(=O)c1ccccc1C2=O,1,O=C1c2ccccc2C(=O)c2ccccc21,0.0138977,-9.4412,0.0125981,0.2645,0.0008489,223.231,0.9772965,1.8237,1.0,1.0,1.0,1.0,1.0,1.0,1.0,1.0,40,-13.202909,7.032417
24.9766,39.7014,-8.5697,0.4864327,Cc1cc(C)c(C2=C3C(=O)c4ccccc4[N+]3=C(c3c(C)cc(C)n3C)c3cccn3[B-]2(F)F)c(C)c1,1,O=C1C2=C(c3ccccc3)[BH2-]n3cccc3C(c3ccc[nH]3)=[N+]2c2ccccc21,0.5782188,-1.9862,0.0239489,0.9745,1.0,495.382,0.840894,3.8731,1.0,1.0,1.0,1.0,1.0,1.0,1.0,1.0,380,28.42636,7.215251
29.8989,40.6462,-10.8024,0.4663091,COc1c(Br)ccc2noc(-c3ccc(N([O-])[O-])cc3)c2c1=[S+]c1ccccc1,1,c1ccc([S+]=c2ccccc3noc(-c4ccccc4)c23)cc1,0.5342012,-2.2769,0.0198105,0.764,0.9999998,470.324,0.8746806,3.6014,1.0,1.0,1.0,1.0,1.0,1.0,1.0,1.0,180,9.047599,-20.232811
30.1112,33.0794,-9.467,0.3689448,FC(F)(F)c1ccc(-c2ccc3c4ccc5cccc6c2ccc(c56)c34)cc1,1,c1ccc(-c2ccc3c4ccc5cccc6c2ccc(c56)c34)cc1,0.2970343,-3.903,0.0190871,0.7228,0.998471,370.373,0.8798873,3.5541,1.0,1.0,1.0,1.0,1.0,1.0,1.0,1.0,160,11.057746,-18.148438
31.9457,33.3842,-29.568,0.0596286,O=C1CCCC2=C1C(C(=O)c1ccc([N+](=O)[O-])cc1)C1(C(=O)Nc3ccccc31)N2Cc1ccccc1,1,O=C1CCCC2=C1C(C(=O)c1ccccc1)C1(C(=O)Nc3ccccc31)N2Cc1ccccc1,0.003519,-11.6952,0.0119947,0.2106,1.0,493.519,0.8261424,3.9771,1.0,1.0,1.0,1.0,1.0,1.0,1.0,1.0,40,-7.3025165,-12.922576
25.714,49.5328,-14.9197,0.5408301,F[B-]1(F)C(c2ccccc2)=[N+]2C(=C(c3ccccc3)c3cccn31)C(=C(c1ccccc1)c1ncc[nH]1)C(Cl)=C2c1ccccc1,1,[BH2-]1C(c2ccccc2)=[N+]2C(c3ccccc3)=CC(=C(c3ccccc3)c3ncc[nH]3)C2=C(c2ccccc2)c2cccn21,0.7314837,-0.8679,0.0250372,1.024,0.9999999,622.915,0.8633766,3.6985,1.0,1.0,1.0,1.0,1.0,1.0,1.0,1.0,260,19.55674,5.5145717
23.7296,23.8867,-23.2435,0.0100496,Cc1ccc(C2C(c3ccccc3)=C(c3ccccc3)C2(C)C)cc1,1,c1ccc(C2=C(c3ccccc3)C(c3ccccc3)C2)cc1,3.04e-05,-19.4394,0.0207765,0.8167,0.9049516,324.467,0.9515115,2.5913,1.0,1.0,1.0,1.0,1.0,1.0,1.0,1.0,20,1.8932723,6.4313664
35.0319,42.5936,-19.2356,0.3649696,C(=C1N=C(c2ccccc2)C2=C(c3ccccc3)OC3(c4ccccc4-c4ccccc43)N2C1(c1ccccc1)c1ccccc1)c1ccccc1,1,C(=C1N=C(c2ccccc2)C2=C(c3ccccc3)OC3(c4ccccc4-c4ccccc43)N2C1(c1ccccc1)c1ccccc1)c1ccccc1,0.2905339,-3.954,0.0192331,0.7312,0.9999953,666.824,0.8703079,3.6398,1.0,1.0,1.0,1.0,1.0,1.0,1.0,1.0,100,2.9211578,13.430214
11.3407,26.2043,9.5734,0.559027,F[B-]1(F)C2=C(Br)C(Br)=[N+](c3ccccc3)C2=C(c2ccccc2)c2cccn21,1,[BH2-]1C2=CC=[N+](c3ccccc3)C2=C(c2ccccc2)c2cccn21,0.7421932,-0.7779,0.0312485,1.2715,1.0,501.965,0.8648173,3.6865,1.0,1.0,1.0,1.0,1.0,1.0,1.0,1.0,240,17.010077,-14.676119
29.1133,38.4074,-10.6322,0.4339876,F[B-]1(F)C2=C3C=CC=[N+]4[B-]3N2C4=C(c2ccccc2)c2cccn21,1,[BH2-]1C2=C3C=CC=[N+]4[B-]3N2C4=C(c2ccccc2)c2cccn21,0.5948748,-1.8744,0.0180789,0.6627,0.826069,316.916,0.6979812,4.6814,1.0,1.0,1.0,1.0,1.0,1.0,1.0,1.0,200,18.24309,-14.359479
28.9565,36.1542,-26.7067,0.1476177,O=C1c2c(-c3ccccc3)nc(-c3ccccc3Cl)n2C(=Nc2ccc(Cl)cc2)N1c1ccc(Cl)cc1,1,O=C1c2c(-c3ccccc3)nc(-c3ccccc3)n2C(=Nc2ccccc2)N1c1ccccc1,0.0306281,-8.1264,0.0133037,0.3245,1.0,543.841,0.9475733,2.6716,1.0,1.0,1.0,1.0,1.0,1.0,1.0,1.0,260,2.422162,-2.8544698
46.1283,55.6516,-29.0609,0.4154803,Cc1cnc(Nc2ccccc2)nc1-n1c2c(sc1=S)C(=Cc1ccccc1)C(c1ccccc1)=C2,1,S=c1sc2c(n1-c1ccnc(Nc3ccccc3)n1)C=C(c1ccccc1)C2=Cc1ccccc1,0.4047467,-3.1282,0.0160021,0.528,1.0,502.668,0.933701,2.9154,1.0,1.0,1.0,1.0,1.0,1.0,1.0,1.0,200,-1.4292496,3.600475
44.4523,52.181,-35.6407,0.2584421,O=c1[nH]c2ccc(cc2)c2nc3c(ccc4ccccc43)c(=O)c3cccc(c3)c(=O)c3cc1cc(c3)c2=O,1,O=c1[nH]c2ccc(cc2)c2nc3c(ccc4ccccc43)c(=O)c3cccc(c3)c(=O)c3cc1cc(c3)c2=O,0.1659932,-5.129,0.0166515,0.5719,1.0,506.517,0.6110826,5.0585,1.0,1.0,1.0,1.0,1.0,1.0,1.0,1.0,340,-21.665676,1.4208307
83.3087,86.4366,-86.2575,0.0027973,N#CC12C(=O)C3=CC=CC(c4ccc(Br)cc4)C1(Sc1ccc(Br)cc1)c1c(ncc4ccccc14)C1(C2=CC=C3)C(c2cccc(Br)c2)CNC12C(=O)Nc1ccc(Br)cc12,1,O=C1C2=CC=CC(c3ccccc3)C3(Sc4ccccc4)c4c(ncc5ccccc45)C4(C(=CC=C2)C13)C(c1ccccc1)CNC41C(=O)Nc2ccccc21,0.021315,-8.7323,0.0162507,0.545,0.0,1084.526,0.1830658,6.9616,1.0,1.0,1.0,1.0,1.0,1.0,1.0,1.0,40,-13.218468,-26.208525
30.9792,38.8429,-12.0814,0.4181471,Cc1oc(-c2ccccc2)cc1C1=C2c3ccccc3C=CC(=O)C2(C)C(c2ccccc2)=C1,1,O=C1C=Cc2ccccc2C2=C(c3coc(-c4ccccc4)c3)C=C(c3ccccc3)C12,0.4078023,-3.1076,0.0183519,0.6793,0.9999976,440.542,0.8939831,3.4166,1.0,1.0,1.0,1.0,1.0,1.0,1.0,1.0,180,-0.13221066,7.3296742
28.3025,32.3599,-10.0922,0.3479328,CC1=C(C)[Si](C)(C)C(c2ccccn2)=C1c1ccc[nH]1,1,C1=CC(c2ccc[nH]2)=C(c2ccccn2)[SiH2]1,0.5014435,-2.4906,0.0379667,1.4905,0.1417417,280.447,0.8994691,3.3587,1.0,1.0,1.0,1.0,1.0,1.0,1.0,1.0,380,16.595802,-24.262106
12.6157,31.2485,3.546,0.5436653,F[B-]1(F)C2=C(c3ccccc3)C=CC2=C(c2ccccc2Cl)c2cc(Cl)c(Cl)n21,1,[BH2-]1C2=C(c3ccccc3)C=CC2=C(c2ccccc2)c2cccn21,0.6946014,-1.1617,0.0278088,1.1411,0.9999985,445.512,0.9008777,3.3434,1.0,1.0,1.0,1.0,1.0,1.0,1.0,1.0,360,19.20726,2.523557
14.8197,45.5602,-10.5851,0.5464872,F[B-]1(F)C(Cl)=c2cc(Cl)c(-c3ccccc3)cc2=C(c2ccc[nH]2)c2cc(Cl)cn21,1,[BH2-]1C=c2ccc(-c3ccccc3)cc2=C(c2ccc[nH]2)c2cccn21,0.6798209,-1.2737,0.0341591,1.3715,0.9999996,460.527,0.8679582,3.66,1.0,1.0,1.0,1.0,1.0,1.0,1.0,1.0,340,20.985342,1.806018
25.128,31.7782,3.7589,0.5552676,BrC12C(c3ccccc3)=CC(c3ccccc3)=C1N=C(c1ccccc1)c1ccccc12,1,C1=C(c2ccccc2)C2C(=C1c1ccccc1)N=C(c1ccccc1)c1ccccc12,0.7514225,-0.6984,0.0244853,0.9992,0.9999999,474.401,0.9175844,3.1451,1.0,1.0,1.0,1.0,1.0,1.0,1.0,1.0,320,0.4897436,7.5543184
23.2078,21.9822,-21.9822,0.0,Fc1ccc(C(=CC=Nc2ccccc2)c2ccccc2)cc1,1,C(C=C(c1ccccc1)c1ccccc1)=Nc1ccccc1,0.0,0.0,0.0,0.0,0.0,0.0,0.0,0.0,1.0,1.0,0.0,0.0,0.0,0.0,0.0,0.0,240,-0.3269122,26.463905
10.8951,34.5375,4.3618,0.6078013,F[B-]1(F)n2c(Cl)ccc2C(c2ccc(Cl)nc2)=C2c3ccccc3C(Cl)=[N+]21,1,[BH2-]1n2cccc2C(c2cccnc2)=C2c3ccccc3C=[N+]12,0.8541926,0.3792,0.038514,1.5067,0.9999874,422.458,0.8732668,3.6139,1.0,1.0,1.0,1.0,1.0,1.0,1.0,1.0,340,14.433311,-3.0683272
23.8848,31.8063,-0.7458,0.4853207,C(=C1C(=C2c3ccccc3Oc3ccccc32)c2cccc3cccc1c23)c1c2ccccc2cc2ccccc12,1,C(=C1C(=C2c3ccccc3Oc3ccccc32)c2cccc3cccc1c23)c1c2ccccc2cc2ccccc12,0.5802469,-1.9727,0.0172497,0.6108,1.0,520.631,0.9472962,2.6771,1.0,1.0,1.0,1.0,1.0,1.0,1.0,1.0,220,-30.06304,-1.4148515
25.9936,25.8154,-25.8154,0.0,COc1ccc(C=C(C#N)COC(=O)c2ccc([N+](=O)[O-])cc2)cc1,1,O=C(OCC=Cc1ccccc1)c1ccccc1,0.0,0.0,0.0,0.0,0.0,0.0,0.0,0.0,1.0,1.0,0.0,0.0,0.0,0.0,0.0,0.0,20,-3.928994,-22.758404
28.0974,40.338,-7.1157,0.5190991,O=C1C2=C(c3ccc(Cl)cc3)C(=C(c3ccccc3)c3ccccc3)C1c1ccc3ccccc3c12,1,O=C1C2=C(c3ccccc3)C(=C(c3ccccc3)c3ccccc3)C1c1ccc3ccccc3c12,0.6837761,-1.2441,0.0221052,0.8855,0.9999999,480.994,0.8652477,3.6829,1.0,1.0,1.0,1.0,1.0,1.0,1.0,1.0,180,1.5751343,20.61643
35.2018,35.6751,-34.5678,0.0173008,CC1CC(=O)CC=CC2c3cc(Br)ccc3NC12,1,O=C1CC=CC2c3ccccc3NC2CC1,0.0001915,-16.4415,0.0112034,0.1356,0.6390672,306.203,0.8236256,3.9941,1.0,1.0,1.0,1.0,1.0,1.0,1.0,1.0,20,4.0606403,-24.773153
34.4895,33.6882,-19.7646,0.2175548,Fc1c(F)c(F)c2c(c1F)c1ccccc1c1c3cccc(F)c3c3[nH]c4ccccc4c3c21,1,c1ccc2c(c1)[nH]c1c3ccccc3c3c4ccccc4c4ccccc4c3c21,0.0794774,-6.4892,0.0148899,0.4485,0.9999995,457.401,0.942982,2.7584,1.0,1.0,1.0,1.0,1.0,1.0,1.0,1.0,160,-21.78315,-9.014844
50.0527,50.198,-50.198,0.0,C=C1C2OC(CCC2=O)CC(C)=CC2OC(CC)OC3C2CC13C,1,C=C1C2OC(CC=CC3OCOC4C1CC34)CCC2=O,0.0,0.0,0.0,0.0,0.0,0.0,0.0,0.0,1.0,1.0,0.0,0.0,0.0,0.0,0.0,0.0,20,-22.828737,23.22718
13.1885,28.823,9.1753,0.5937228,F[B-]1(F)n2cccc2C(c2ccc[nH]2)=C2C(Br)=CC(Br)=[N+]21,1,[BH2-]1n2cccc2C(c2ccc[nH]2)=C2C=CC=[N+]12,0.8617974,0.4808,0.0436214,1.6477,0.9999745,414.844,0.7601973,4.3726,1.0,1.0,1.0,1.0,1.0,1.0,1.0,1.0,280,25.189844,-8.187182
17.8728,22.37,-6.2537,0.2518165,C1=Cc2ccccc2C1=CNc1cccc2cccnc12,1,C1=Cc2ccccc2C1=CNc1cccc2cccnc12,0.3862155,-3.2544,0.0183538,0.6794,0.0610971,270.335,0.962935,2.3171,1.0,1.0,1.0,1.0,1.0,1.0,1.0,1.0,340,-16.88962,8.316121
31.4358,31.4134,-25.5685,0.0913259,CC1=C2C(=O)CCCC2CC(=CNCc2ccccc2)C1=O,1,O=C1C=C2C(=O)CCCC2CC1=CNCc1ccccc1,0.0133684,-9.5053,0.0164463,0.5582,0.3952409,295.382,0.9151927,3.1756,1.0,1.0,1.0,1.0,1.0,1.0,1.0,1.0,40,-11.516118,22.06194
18.2674,23.4823,-22.8242,0.0102819,Cn1nc(-c2ccccc2)cc1-c1ccc(Br)cc1,1,c1ccc(-c2cc(-c3ccccc3)[nH]n2)cc1,3.86e-05,-19.0518,0.0137603,0.3616,0.7712849,313.198,0.9773077,1.8232,1.0,1.0,1.0,1.0,1.0,1.0,1.0,1.0,240,-0.77624726,-9.82822
35.7174,59.544,-26.6269,0.5143297,Cc1ccc(C2=c3cc(Cl)ccc3=C3C(=CC(C)(C)C3=C3C=C(c4ccco4)c4ccccc43)[B-](F)(F)n3cccc32)cc1,1,[BH2-]1C2=CCC(=C3C=C(c4ccco4)c4ccccc43)C2=c2ccccc2=C(c2ccccc2)c2cccn21,0.6670908,-1.368,0.0244993,0.9998,1.0,598.909,0.8317552,3.9384,1.0,1.0,1.0,1.0,1.0,1.0,1.0,1.0,380,27.400959,-14.242691
42.3653,54.5238,-24.2643,0.4728034,CN1NN=C(c2ccccn2)C2=C(c3cccnc3)c3cccn3C=CC1=C2[N+](=O)[O-],1,C1=Cn2cccc2C(c2cccnc2)=C2C=C1NNN=C2c1ccccn1,0.5583588,-2.1181,0.0261224,1.0713,0.9999651,411.425,0.7738599,4.2979,1.0,1.0,1.0,1.0,1.0,1.0,1.0,1.0,280,29.857635,-7.7710466
24.9698,35.9972,-15.0076,0.327963,Cc1ccc(-c2c3c4sccc4c(=O)c-3c(-c3c4ccccc4cc4ccccc34)c2=O)cc1,1,O=c1c(-c2c3ccccc3cc3ccccc23)c2c(=O)c3ccsc3c-2c1-c1ccccc1,0.2230235,-4.5327,0.0151105,0.4647,0.9999993,454.55,0.9498498,2.6259,1.0,1.0,1.0,1.0,1.0,1.0,1.0,1.0,340,-26.429354,-5.6998835
19.7465,20.0677,-18.5609,0.0235427,Cc1cc(-c2ccccc2)nc(-c2ccccn2)c1-c1ccccc1,1,c1ccc(-c2ccc(-c3ccccc3)c(-c3ccccn3)n2)cc1,0.0002962,-15.731,0.0138729,0.3706,0.8873677,322.411,0.9734578,1.9801,1.0,1.0,1.0,1.0,1.0,1.0,1.0,1.0,100,6.1231165,6.071532
32.397,32.5021,-32.4941,0.0001252,CC1(O)CC2(C)C(=O)OC3(C)OC2OC3C1O,1,O=C1OC2OC3OC2CCCC13,0.0,-33.8002,0.0186695,0.6983,0.0058502,244.243,0.3579944,6.0707,1.0,1.0,1.0,1.0,1.0,1.0,1.0,1.0,60,-22.3377,24.880684
20.3541,36.6641,-5.5794,0.4856981,COC1=Cc2ccccc2C1=C1C(=O)c2ccccc2C1=NNc1ccc(Cl)cc1,1,O=C1C(=C2C=Cc3ccccc32)C(=NNc2ccccc2)c2ccccc21,0.5749144,-2.0083,0.0177591,0.643,0.9999695,412.876,0.9500909,2.6209,1.0,1.0,1.0,1.0,1.0,1.0,1.0,1.0,320,-7.0994296,1.0328449
13.2601,22.2239,-16.8165,0.0844901,O=C1C(C2=C(c3ccccc3)C(c3ccccc3)=C(c3ccccc3)C2=O)=C(c2ccccc2)C(c2ccccc2)=C1c1ccccc1,1,O=C1C(C2=C(c3ccccc3)C(c3ccccc3)=C(c3ccccc3)C2=O)=C(c2ccccc2)C(c2ccccc2)=C1c1ccccc1,0.0069399,-10.5836,0.015551,0.4964,0.9999999,614.744,0.9727452,2.0067,1.0,1.0,1.0,1.0,1.0,1.0,1.0,1.0,200,6.464862,12.750322
26.3897,48.7334,-15.2817,0.5226817,Cc1cc(C)n2c1C(=C1C=Cc3ccccc31)C(c1cccs1)=C1C=C(Cl)C(Cl)=[N+]1[B-]2(F)F,1,[BH2-]1n2cccc2C(=C2C=Cc3ccccc32)C(c2cccs2)=C2C=CC=[N+]12,0.7212412,-0.9518,0.0212597,0.8422,1.0,497.206,0.8387945,3.8884,1.0,1.0,1.0,1.0,1.0,1.0,1.0,1.0,260,27.55948,4.473804
30.7041,32.871,-26.8655,0.093835,Brc1ccc2c(c1)C1=C3CCCC1CCN2C3c1ccccc1,1,c1ccc(C2C3=C4c5ccccc5N2CCC4CCC3)cc1,0.0096218,-10.047,0.0226115,0.9107,0.9977769,366.302,0.775209,4.2903,1.0,1.0,1.0,1.0,1.0,1.0,1.0,1.0,140,-17.28456,19.065414
14.8806,20.5953,8.5434,0.4552927,C(=C1c2ccccc2-c2ccccc21)c1c2ccccc2cc2ccccc12,1,C(=C1c2ccccc2-c2ccccc21)c1c2ccccc2cc2ccccc12,0.4685187,-2.7054,0.0191951,0.729,0.9934075,354.452,0.97468,1.9329,1.0,1.0,1.0,1.0,1.0,1.0,1.0,1.0,120,-29.818356,-1.7590005
36.4868,42.859,-36.8616,0.0937093,CC1([O-])C=[NH+]C(=C2C=CC(N([O-])[O-])=C2)[N+]1=O,1,O=[N+]1CC=[NH+]C1=C1C=CC=C1,0.4498107,-2.8281,0.0270675,1.1109,0.0007707,222.18,0.3571458,6.0744,1.0,1.0,1.0,1.0,1.0,1.0,1.0,1.0,140,-7.5092325,-23.217775
36.4672,36.2247,-33.3376,0.0451106,O=C1c2ccccc2C(O)C12C(c1ccccc1)C1=CC(F)(F)C12,1,O=C1c2ccccc2CC12C1CC=C1C2c1ccccc1,0.0019934,-12.6233,0.012735,0.2764,0.9038285,324.326,0.7144998,4.6036,1.0,1.0,1.0,1.0,1.0,1.0,1.0,1.0,120,-15.04575,15.089798
31.6174,48.342,-14.1776,0.5338191,F[B-]1(F)n2c(Br)ccc2C=C2C(c3ccc(Cl)cc3)=CC=C[N+]1=C2c1ccc(Br)n1-c1ccccc1,1,[BH2-]1n2cccc2C=C2C(c3ccccc3)=CC=C[N+]1=C2c1cccn1-c1ccccc1,0.8048262,-0.1927,0.0270486,1.1101,0.9999999,627.523,0.7081577,4.6338,1.0,1.0,1.0,1.0,1.0,1.0,1.0,1.0,320,20.573292,-5.088671
11.3889,25.6379,13.6103,0.6132537,Fc1ccc(C2=C3C=CC(c4ccncc4)=[N+]3[B-](F)(F)n3cccc32)cc1,1,[BH2-]1n2cccc2C(c2ccccc2)=C2C=CC(c3ccncc3)=[N+]12,0.8660676,0.54,0.0389418,1.5192,0.9970306,363.151,0.8810568,3.5433,1.0,1.0,1.0,1.0,1.0,1.0,1.0,1.0,300,23.76109,-11.706773
17.0053,20.717,5.3342,0.4070505,O=C1C(c2ccccc2)=C(c2ccccc2)C(=Cc2ccccc2)C1(c1ccccc1)c1ccccc1,1,O=C1C(c2ccccc2)=C(c2ccccc2)C(=Cc2ccccc2)C1(c1ccccc1)c1ccccc1,0.337466,-3.5987,0.02265,0.9125,0.9999999,474.603,0.9618617,2.3461,1.0,1.0,1.0,1.0,1.0,1.0,1.0,1.0,200,4.882069,10.651483
30.0528,35.0234,-21.3475,0.2136867,O=C1C(=Nc2ccccc2-n2c(=O)ccc3ccccc32)N(Cc2ccccc2)c2ccccc21,1,O=C1C(=Nc2ccccc2-n2c(=O)ccc3ccccc32)N(Cc2ccccc2)c2ccccc21,0.0796977,-6.4843,0.0124422,0.2508,0.9999994,455.517,0.9515406,2.5906,1.0,1.0,1.0,1.0,1.0,1.0,1.0,1.0,160,-10.276423,12.512391
41.6947,51.923,-26.6997,0.3941137,O=C1C=C2C(=C3CN=C4C(c5ccccc5)=CCC(=C43)C(c3ccccc3)=C2c2ccccc2)CC1,1,O=C1C=C2C(=C3CN=C4C(c5ccccc5)=CCC(=C43)C(c3ccccc3)=C2c2ccccc2)CC1,0.3609208,-3.4305,0.0159293,0.5229,0.9999997,463.58,0.9120889,3.214,1.0,1.0,1.0,1.0,1.0,1.0,1.0,1.0,240,7.423214,11.414679
20.1884,35.948,-7.93,0.4377815,O=[N+]([O-])c1ccc(N=Nc2cc3n(c2)[B-](F)(F)[N+]2=CC=CC2=C3c2ccc(N(c3ccccc3)c3ccccc3)cc2)cc1,1,[BH2-]1n2cc(N=Nc3ccccc3)cc2C(c2ccc(N(c3ccccc3)c3ccccc3)cc2)=C2C=CC=[N+]12,0.4353926,-2.9232,0.0228965,0.9246,1.0,584.395,0.8743716,3.6041,1.0,1.0,1.0,1.0,1.0,1.0,1.0,1.0,320,21.026789,8.509038
57.761,58.8239,-41.1358,0.2763776,Cc1ccccc1-c1c2cccc3cccc4ccc(c(C5(O)c6ccccc6-c6ccccc65)c(C(F)(F)F)c5ccccc5c1N)c-2c34,1,c1ccc(-c2cc3ccccc3cc(C3c4ccccc4-c4ccccc43)c3ccc4cccc5cccc2-c3c54)cc1,0.149453,-5.332,0.0166016,0.5685,0.999998,657.735,0.8750721,3.5979,1.0,1.0,1.0,1.0,1.0,1.0,1.0,1.0,80,-31.884098,0.42037514
23.4489,23.5828,-23.5828,0.0,OCCOc1cccc2ncccc12,1,c1ccc2ncccc2c1,0.0,0.0,0.0,0.0,0.0,0.0,0.0,0.0,1.0,1.0,0.0,0.0,0.0,0.0,0.0,0.0,20,-13.443405,-14.336242
38.051,53.0187,-27.3663,0.4008176,CN1C(=O)C(Cl)=C(Cl)C1=c1[s+]c(N2C=CC(=C3C=C(Cl)[S+]=C3Cl)C=C2)c2nccn12,1,O=C1C=CC(=c2[s+]c(N3C=CC(=C4C=C[S+]=C4)C=C3)c3nccn23)N1,0.4348131,-2.9271,0.0206667,0.8109,1.0,516.262,0.6820597,4.7542,1.0,1.0,1.0,1.0,1.0,1.0,1.0,1.0,200,2.1865478,-7.8681955
20.2273,26.0705,-2.4016,0.3698263,Fc1c(F)c(F)c([B-](C2=CC(=Cc3ccccc3)c3ccccc32)(c2c(F)c(F)c(F)c(F)c2F)c2c(F)c(F)c(F)c(F)c2F)c(F)c1F,1,C(=C1C=C([B-](c2ccccc2)(c2ccccc2)c2ccccc2)c2ccccc21)c1ccccc1,0.2861549,-3.9888,0.0215974,0.8597,0.999593,715.244,0.8854351,3.5018,1.0,1.0,1.0,1.0,1.0,1.0,1.0,1.0,300,18.777246,17.592098
20.3076,22.6288,-19.5116,0.0487071,O=C1C2C(c3ccccc3)=CC1(Br)c1ccccc12,1,O=C1C2C=C(c3ccccc3)C1c1ccccc12,0.0023567,-12.35,0.0139408,0.376,0.7368253,311.178,0.8070863,4.1015,1.0,1.0,1.0,1.0,1.0,1.0,1.0,1.0,80,-13.283142,15.885275
45.2541,47.9364,-33.2131,0.2300513,c1ccc(-c2cc3c(-c4ccccc4)c4ccccc4oc-3c2-c2cccc(-n3c4ccccc4c4ccccc43)c2)cc1,1,c1ccc(-c2cc3c(-c4ccccc4)c4ccccc4oc-3c2-c2cccc(-n3c4ccccc4c4ccccc43)c2)cc1,0.0885371,-6.2973,0.0160833,0.5335,1.0,561.684,0.9554505,2.5044,1.0,1.0,1.0,1.0,1.0,1.0,1.0,1.0,100,-21.499846,-15.358202
33.1802,42.2285,-14.8514,0.4277682,Fc1ccc2c(-c3ccccc3)c3c(-c4ccccc4)c4c(-c5ccccc5)c5ccccc5c(-c5ccccc5)c4cc3c(-c3ccccc3)c2c1,1,c1ccc(-c2c3ccccc3c(-c3ccccc3)c3c(-c4ccccc4)c4c(-c5ccccc5)c5ccccc5c(-c5ccccc5)c4cc23)cc1,0.330213,-3.6518,0.0366115,1.4495,0.9999881,676.834,0.9618592,2.3461,1.0,1.0,1.0,1.0,1.0,1.0,1.0,1.0,180,-15.93847,-8.876279
28.4233,28.6636,-28.345,0.0049784,O=C1NCC(Cn2ncc3ccccc32)C(=O)N1,1,O=C1NCC(Cn2ncc3ccccc32)C(=O)N1,5.46e-05,-18.4848,0.0197678,0.7616,0.0058561,244.254,0.9180228,3.1394,1.0,1.0,1.0,1.0,1.0,1.0,1.0,1.0,20,-16.042545,-22.140568
28.6054,29.5664,-26.771,0.0436791,O=C(c1cccc2ccccc12)N1OC1c1ccc(-c2ccccc2)cc1,1,O=C(c1cccc2ccccc12)N1OC1c1ccc(-c2ccccc2)cc1,0.0012441,-13.3922,0.0192727,0.7335,0.9912903,351.405,0.9503493,2.6156,1.0,1.0,1.0,1.0,1.0,1.0,1.0,1.0,100,-20.9034,3.7110658
15.3903,30.8679,7.1414,0.5938953,F[B-]1(F)n2cccc2C(c2ccc(Cl)cc2)=C2C=C(Br)C(c3ccccc3)=[N+]21,1,[BH2-]1n2cccc2C(c2ccccc2)=C2C=CC(c3ccccc3)=[N+]12,0.798425,-0.2583,0.0373665,1.4726,0.9999995,457.514,0.8940161,3.4163,1.0,1.0,1.0,1.0,1.0,1.0,1.0,1.0,260,20.426277,-5.747871
29.3234,37.0999,-15.178,0.3425286,CC1=[N+]2C(c3ccccc3)=C3C=C(c4ccc(C)cc4)C4=[N+]3[B-]2(c2ccccc2)c2ccccc2C4=C1,1,C1=C(c2ccccc2)C2=[N+]3C1=C(c1ccccc1)[N+]1=CC=C2c2ccccc2[B-]13c1ccccc1,0.3179501,-3.743,0.0207026,0.8128,0.9999999,473.408,0.6095691,5.0647,1.0,1.0,1.0,1.0,1.0,1.0,1.0,1.0,220,14.738925,6.6271467
11.9167,33.5932,1.3307,0.5456865,F[B-]1(F)C2=CC(c3ccccc3)=CC2=C(c2ccc(Br)cc2)c2ccc(Cl)n21,1,[BH2-]1C2=CC(c3ccccc3)=CC2=C(c2ccccc2)c2cccn21,0.7031072,-1.0959,0.0277421,1.1384,0.9999994,455.518,0.8985233,3.3689,1.0,1.0,1.0,1.0,1.0,1.0,1.0,1.0,340,31.365799,-2.1252995
15.1987,31.7428,5.552,0.5827307,F[B-]1(F)C2=C(c3ccc(Cl)nc3)c3cccn3[B-](F)(F)C2=C(c2ccncc2)c2cccn21,1,[BH2-]1C2=C(c3cccnc3)c3cccn3[BH2-]C2=C(c2ccncc2)c2cccn21,0.8547584,0.3866,0.0337759,1.3588,0.9999998,466.443,0.8002124,4.1441,1.0,1.0,1.0,1.0,1.0,1.0,1.0,1.0,340,32.886494,-12.515064
23.1512,35.2487,-2.4256,0.5128611,O=C1CC(=C2c3ccccc3-c3ccccc32)C(=O)C(=Cc2c3ccccc3cc3ccccc23)N1,1,O=C1CC(=C2c3ccccc3-c3ccccc32)C(=O)C(=Cc2c3ccccc3cc3ccccc23)N1,0.6491503,-1.4979,0.0189087,0.7124,0.9999997,463.536,0.9468597,2.6856,1.0,1.0,1.0,1.0,1.0,1.0,1.0,1.0,380,-29.666979,-1.4836175
38.348,42.7864,-42.7864,0.0,CC(=C(c1ccccc1)c1ccccc1)c1ccc(C(C)=c2ccc3c(-c4ccccc4)c(=C4c5ccccc5-c5ccccc54)c(-c4ccccc4)c(-c4ccccc4)c3c2)cc1,1,C(=C(c1ccccc1)c1ccccc1)c1ccc(C=c2ccc3c(-c4ccccc4)c(=C4c5ccccc5-c5ccccc54)c(-c4ccccc4)c(-c4ccccc4)c3c2)cc1,0.0,0.0,0.0,0.0,0.0,0.0,0.0,0.0,1.0,1.0,0.0,0.0,0.0,0.0,0.0,0.0,140,0.49810162,16.225697
15.2782,33.3746,1.7266,0.548456,Cc1ccc(C2=C3C(=C(Br)c4ccccc43)[B-](F)(F)n3c2cc(Br)c3Cl)cc1,1,[BH2-]1C2=Cc3ccccc3C2=C(c2ccccc2)c2cccn21,0.7137864,-1.0117,0.0281931,1.1564,1.0,522.403,0.8901681,3.4553,1.0,1.0,1.0,1.0,1.0,1.0,1.0,1.0,380,16.206244,0.8619842
27.4151,38.6433,-1.369,0.5824106,COc1ccc(C2=NC3=C(c4cc([N+](=O)[O-])ccc4OC)c4cc(Br)cn4[B-](F)(F)[N+]3=C2)cc1,1,[BH2-]1n2cccc2C(c2ccccc2)=C2N=C(c3ccccc3)C=[N+]12,0.8365569,0.1592,0.0289714,1.1868,1.0,529.106,0.8734232,3.6125,1.0,1.0,1.0,1.0,1.0,1.0,1.0,1.0,380,11.495718,-12.349277
51.4092,53.8619,-44.8674,0.1405394,C1=Cc2c(c3ccccc3c3ccccc23)C(c2ccc3ccc4cccnc4c3c2-n2ccnc2)S1,1,C1=Cc2c(c3ccccc3c3ccccc23)C(c2ccc3ccc4cccnc4c3c2-n2ccnc2)S1,0.0278217,-8.2876,0.0146244,0.4287,1.0,491.619,0.87903,3.562,1.0,1.0,1.0,1.0,1.0,1.0,1.0,1.0,140,-22.230913,-11.456319
20.0178,43.4816,-5.8561,0.5878977,F[B-]1(F)n2cccc2C(c2ccccc2Cl)=c2c(-c3ccc(Cl)cc3)cc3ccccc3c2=[N+]1c1ccccc1Cl,1,[BH2-]1n2cccc2C(c2ccccc2)=c2c(-c3ccccc3)cc3ccccc3c2=[N+]1c1ccccc1,0.8401874,0.2029,0.0289872,1.1875,1.0,599.704,0.8956212,3.3996,1.0,1.0,1.0,1.0,1.0,1.0,1.0,1.0,260,21.87421,-5.257531
33.6878,34.4329,-33.1961,0.0193257,COc1cc(OC)cc(-c2[nH]nc3c2Cc2ccccc2-c2ccccc2-3)c1,1,c1ccc(-c2[nH]nc3c2Cc2ccccc2-c2ccccc2-3)cc1,0.0001717,-16.6193,0.0138267,0.3669,0.9981729,368.436,0.9620884,2.34,1.0,1.0,1.0,1.0,1.0,1.0,1.0,1.0,160,-29.550854,1.628463
21.5558,23.7346,-16.7053,0.1098335,O=c1cc(-c2ccccc2)nc2c3ccccc3nc(-c3ccccc3)n12,1,O=c1cc(-c2ccccc2)nc2c3ccccc3nc(-c3ccccc3)n12,0.0141102,-9.4161,0.0137129,0.3578,0.9895357,349.393,0.9725714,2.0131,1.0,1.0,1.0,1.0,1.0,1.0,1.0,1.0,200,6.0563674,6.065691
51.8239,61.4503,-61.4503,0.0,CCOC1=C2Oc3ccc4cc5c6c(cn(C)c5=O)c4c3C2C=61,1,O=c1[nH]cc2c3c1cc1ccc4c(c12)C1C(=CC=31)O4,0.0,0.0,0.0,0.0,0.0,0.0,0.0,0.0,1.0,1.0,0.0,0.0,0.0,0.0,0.0,0.0,80,-19.878788,-2.7713134
28.3209,33.3797,-33.3797,0.0,O=C1C(=Cc2ccccc2)C(c2ccccc2)=C(CCc2ccccc2)C1=NNc1ccc([N+](=O)[O-])cc1,1,O=C1C(=Cc2ccccc2)C(c2ccccc2)=C(CCc2ccccc2)C1=NNc1ccccc1,0.0,0.0,0.0,0.0,0.0,0.0,0.0,0.0,1.0,1.0,0.0,0.0,0.0,0.0,0.0,0.0,200,-8.909242,-13.445936
27.5069,36.3816,-22.5687,0.2158263,C(=NN=C1C(Nc2ccccc2)=Nc2ccccc21)c1ccccc1N=Nc1ccccc1N=Nc1ccccc1,1,C(=NN=C1C(Nc2ccccc2)=Nc2ccccc21)c1ccccc1N=Nc1ccccc1N=Nc1ccccc1,0.0773895,-6.5363,0.0163429,0.5512,1.0,532.611,0.9160647,3.1645,1.0,1.0,1.0,1.0,1.0,1.0,1.0,1.0,100,6.143297,23.931425
38.7837,40.2225,-40.2225,0.0,COc1ccc(C(=O)c2cc3c(cc2OC)C[Se]C3=C(C#N)c2ccc(OC)cc2)cc1,1,O=C(c1ccccc1)c1ccc2c(c1)C(=Cc1ccccc1)[Se]C2,0.0,0.0,0.0,0.0,0.0,0.0,0.0,0.0,1.0,1.0,0.0,0.0,0.0,0.0,0.0,0.0,80,-3.1998274,-23.979502
15.0044,20.535,13.7423,0.5355834,Brc1ccc(-c2ccc(-c3c4ccccc4cc4ccccc34)cc2)cc1,1,c1ccc(-c2ccc(-c3c4ccccc4cc4ccccc34)cc2)cc1,0.6100138,-1.7714,0.0303887,1.2403,0.9999576,409.326,0.979748,1.7095,1.0,1.0,1.0,1.0,1.0,1.0,1.0,1.0,220,-25.443214,-6.5011635
17.2897,27.4443,-4.3132,0.3614222,COc1ccc(C2=C(c3ccccc3)C(c3ccccc3)=C(c3ccc(F)cc3)C2=C2c3ccccc3-c3ccccc32)cc1,1,c1ccc(C2=C(c3ccccc3)C(c3ccccc3)=C(c3ccccc3)C2=C2c3ccccc3-c3ccccc32)cc1,0.2710114,-4.1115,0.0173337,0.6162,1.0,580.702,0.9616311,2.3522,1.0,1.0,1.0,1.0,1.0,1.0,1.0,1.0,240,0.3220427,12.983852
13.0648,31.7581,6.4595,0.5971511,F[B-]1(F)n2cccc2C(c2ccc[nH]2)=C2C=C(c3ccccc3)C(c3cccnc3)=[N+]21,1,[BH2-]1n2cccc2C(c2ccc[nH]2)=C2C=C(c3ccccc3)C(c3cccnc3)=[N+]12,0.8257768,0.0341,0.0380838,1.494,0.999961,410.236,0.8647099,3.6874,1.0,1.0,1.0,1.0,1.0,1.0,1.0,1.0,280,22.720772,-6.713704
19.1365,20.3571,-5.055,0.2390951,O=C1C(=Cc2ccccc2[N+](=O)[O-])C=Cc2ccccc21,1,O=C1C(=Cc2ccccc2)C=Cc2ccccc21,0.2669939,-4.1448,0.0165076,0.5623,0.1098101,277.279,0.9624388,2.3306,1.0,1.0,1.0,1.0,1.0,1.0,1.0,1.0,340,-14.111705,9.498779
41.6954,43.3607,-22.0817,0.3324842,CC1=C2OCC([Si](C)(C)C)CC2(C)COB1c1c2ccccc2cc2ccccc12,1,C1=C2OCCCC2COB1c1c2ccccc2cc2ccccc12,0.2210691,-4.5511,0.0310041,1.2627,0.9999735,414.43,0.7540451,4.4053,1.0,1.0,1.0,1.0,1.0,1.0,1.0,1.0,40,-31.84518,-5.3805203
35.8032,44.7968,-44.7968,0.0,O=C1c2ccccc2C(=c2[s+]c([O-])c3ccc4ccccc4c3c2=C=C(Cl)Cl)c2ccccc21,1,C=c1c(=C2c3ccccc3C(=O)c3ccccc32)[s+]cc2ccc3ccccc3c12,0.0,0.0,0.0,0.0,0.0,0.0,0.0,0.0,1.0,1.0,0.0,0.0,0.0,0.0,0.0,0.0,140,-8.11864,11.205087
29.2904,42.0427,-6.4131,0.5567133,F[B-]1(F)n2cccc2C(=c2c3ccccc3n3cc(Cl)cc23)c2c(Cl)c(Cl)cn21,1,[BH2-]1n2cccc2C(=c2c3ccccc3n3cccc23)c2cccn21,0.776594,-0.4709,0.0282917,1.1603,0.9999987,447.488,0.8368906,3.9021,1.0,1.0,1.0,1.0,1.0,1.0,1.0,1.0,380,36.69296,-14.020675
16.6702,34.667,-2.4161,0.503919,F[B-]1(F)n2c(Br)ccc2C(c2ccc(Cl)s2)=C2c3ccccc3C(c3ccc(Br)s3)=[N+]21,1,[BH2-]1n2cccc2C(c2cccs2)=C2c3ccccc3C(c3cccs3)=[N+]12,0.5609453,-2.101,0.0337048,1.3565,1.0,598.528,0.8572685,3.7482,1.0,1.0,1.0,1.0,1.0,1.0,1.0,1.0,360,11.747582,-4.952103
18.5953,26.6677,4.7025,0.4901602,O=C1C(=Cc2c3ccccc3cc3ccccc23)C(=C(c2ccccc2)c2ccccc2)c2ccccc21,1,O=C1C(=Cc2c3ccccc3cc3ccccc23)C(=C(c2ccccc2)c2ccccc2)c2ccccc21,0.5687597,-2.0492,0.0193936,0.7404,0.9999999,484.598,0.9586158,2.4292,1.0,1.0,1.0,1.0,1.0,1.0,1.0,1.0,240,-29.563843,-1.9312521
13.536,33.8802,1.471,0.5523619,F[B-]1(F)C2=C(c3ccccc3)c3ccccc3C2=C(c2ccncc2)c2c(Br)c(Cl)c(Br)n21,1,[BH2-]1C2=C(c3ccccc3)c3ccccc3C2=C(c2ccncc2)c2cccn21,0.7227998,-0.9392,0.0284535,1.1667,1.0,585.462,0.893224,3.4244,1.0,1.0,1.0,1.0,1.0,1.0,1.0,1.0,340,15.473493,0.009653429
32.4902,37.2349,-21.8977,0.2396431,O=C(Nc1ccccc1)c1nc2c3ccccc3ccc2n(-c2ccccc2[N+](=O)[O-])c1=O,1,O=C(Nc1ccccc1)c1nc2c3ccccc3ccc2n(-c2ccccc2)c1=O,0.1025677,-6.0325,0.0137216,0.3585,0.9999965,436.427,0.9622529,2.3356,1.0,1.0,1.0,1.0,1.0,1.0,1.0,1.0,180,-18.818424,-8.83916
37.5066,41.8519,-38.7765,0.0480535,CC1=C(c2ccc(C)cc2)C2=[N+](c3ccc(F)cc3)N=NC2=N1,1,C1=C(c2ccccc2)C2=[N+](c3ccccc3)N=NC2=N1,0.0023796,-12.3342,0.0115823,0.1721,0.6204512,305.336,0.9100909,3.2381,1.0,1.0,1.0,1.0,1.0,1.0,1.0,1.0,180,6.328581,-13.980979
23.2602,27.3438,-12.4524,0.2326789,C(=NNc1cccc2ccccc12)c1ccc(Nc2ccccc2)cc1,1,C(=NNc1cccc2ccccc12)c1ccc(Nc2ccccc2)cc1,0.090163,-6.2648,0.0165234,0.5633,0.9691434,337.426,0.9765371,1.8566,1.0,1.0,1.0,1.0,1.0,1.0,1.0,1.0,80,-25.070076,2.7377977
22.4111,25.9119,-20.2807,0.0879877,O=[N+]([O-])c1cc(Cl)c(Cl)cc1-c1nc2ccccc2[nH]1,1,c1ccc(-c2nc3ccccc3[nH]2)cc1,0.0097802,-10.0202,0.0129244,0.2927,0.6787967,308.124,0.96723,2.1924,1.0,1.0,1.0,1.0,1.0,1.0,1.0,1.0,160,-28.094927,11.357198
14.6708,19.4507,-8.5554,0.1702392,C1=Cc2ccccc2C1=Cc1ccc2ccccc2c1,1,C1=Cc2ccccc2C1=Cc1ccc2ccccc2c1,0.2857306,-3.9921,0.0160687,0.5325,0.0146844,254.332,0.9710619,2.067,1.0,1.0,1.0,1.0,1.0,1.0,1.0,1.0,220,-16.853045,8.532627
10.5489,27.5346,-27.5346,0.0,F[B-]1(F)n2cccc2C(c2ccncc2)=C2C=C(c3ccccc3)C(c3ccccc3)=[N+]21,1,[BH2-]1n2cccc2C(c2ccncc2)=C2C=C(c3ccccc3)C(c3ccccc3)=[N+]12,0.8413101,0.2165,0.036334,1.441,0.9999859,421.259,0.9018562,3.3326,1.0,1.0,1.0,1.0,1.0,1.0,1.0,1.0,380,19.930956,-7.126072
16.7468,36.5644,1.5905,0.5961702,F[B-]1(F)n2cccc2C(=C2c3ccccc3C(c3ccccc3)=[N+]2c2ccccc2)c2cc(Cl)cn21,1,[BH2-]1n2cccc2C(=C2c3ccccc3C(c3ccccc3)=[N+]2c2ccccc2)c2cccn21,0.8425434,0.2316,0.0348974,1.3955,1.0,493.753,0.8676305,3.6628,1.0,1.0,1.0,1.0,1.0,1.0,1.0,1.0,240,15.973977,-5.540709
19.5115,20.4399,-20.4399,0.0,CCn1c(-c2ccccc2)c(-c2ccccc2)n(-c2ccccc2)c1=S,1,S=c1[nH]c(-c2ccccc2)c(-c2ccccc2)n1-c1ccccc1,0.0,0.0,0.0,0.0,0.0,0.0,0.0,0.0,1.0,1.0,0.0,0.0,0.0,0.0,0.0,0.0,60,0.3195745,1.6907772
11.2974,17.9941,-1.0622,0.2645603,F[B-]1(F)n2cccc2C(=C2C=CC=[NH+]2)c2cccn21,1,[BH2-]1n2cccc2C(=C2C=CC=[NH+]2)c2cccn21,0.846229,0.2773,0.0354786,1.4141,0.0187864,257.052,0.6372417,4.9495,1.0,1.0,1.0,1.0,1.0,1.0,1.0,1.0,240,34.293674,-18.082598
15.9511,25.7341,-0.2957,0.3974749,FC1=C(Br)c2ccccc2C1=C(c1ccccc1)c1ccccc1,1,C1=Cc2ccccc2C1=C(c1ccccc1)c1ccccc1,0.3264509,-3.6796,0.0206589,0.8104,0.9991883,377.256,0.963668,2.2968,1.0,1.0,1.0,1.0,1.0,1.0,1.0,1.0,220,0.90225285,19.490568
15.5805,26.9129,6.414,0.5207329,F[B-]1(F)C2=NC(=C(c3ccccc3)c3cccn31)C=Cc1ccccc12,1,[BH2-]1C2=NC(=C(c3ccccc3)c3cccn31)C=Cc1ccccc12,0.7156908,-0.9965,0.0230833,0.9336,0.9815785,343.165,0.8188648,4.0258,1.0,1.0,1.0,1.0,1.0,1.0,1.0,1.0,180,18.511604,-14.8982525
16.3724,22.1782,-6.1509,0.2504257,Cl[PH]1=C(c2ccccc2)C(c2ccccc2)=C(c2ccccc2)[Si]1(Cl)Cl,1,c1ccc(C2=P[SiH2]C(c3ccccc3)=C2c2ccccc2)cc1,0.0950692,-6.1697,0.0305879,1.2476,0.9999955,433.778,0.8911879,3.4451,1.0,1.0,1.0,1.0,1.0,1.0,1.0,1.0,260,7.2626376,9.177851
36.455,54.6646,-29.3772,0.3951154,C=C1C(=O)c2ccccc2-c2c1c(-c1c3ccccc3cc3ccccc13)c1c(c2-c2ccccc2)-c2ccccc2CO1,1,C=C1C(=O)c2ccccc2-c2c1c(-c1c3ccccc3cc3ccccc13)c1c(c2-c2ccccc2)-c2ccccc2CO1,0.3595677,-3.4401,0.0155943,0.4995,1.0,562.668,0.9321539,2.9396,1.0,1.0,1.0,1.0,1.0,1.0,1.0,1.0,300,-26.874474,-4.371682
45.1623,48.1903,-34.826,0.2088178,COc1ccc2c(c1)=[N+]1C(=C(c3ccccc3)C=CN(c3c(C)cccc3C)[C-]1Cl)C=2,1,C1=CN(c2ccccc2)[CH-][N+]2=c3ccccc3=CC2=C1c1ccccc1,0.0712171,-6.6825,0.0182117,0.6708,0.9999917,426.947,0.8764651,3.5854,1.0,1.0,1.0,1.0,1.0,1.0,1.0,1.0,80,-3.178168,-4.5567894
8.9766,29.6141,4.7516,0.536964,F[B-]1(F)C2=CC(Br)=CC2=C(c2ccncc2)c2ccc(Br)n21,1,[BH2-]1C2=CC=CC2=C(c2ccncc2)c2cccn21,0.6917858,-1.1833,0.0302554,1.2354,0.9999899,424.859,0.8404995,3.876,1.0,1.0,1.0,1.0,1.0,1.0,1.0,1.0,360,32.81047,-2.1036654
25.6906,27.0417,-18.647,0.1311666,COc1cccc(C=Nc2ccc(C)cc2)cc1=O,1,O=c1ccccc(C=Nc2ccccc2)c1,0.1543904,-5.2696,0.0159523,0.5245,0.0133719,253.301,0.9699859,2.1038,1.0,1.0,1.0,1.0,1.0,1.0,1.0,1.0,160,-2.8583894,-15.29691
28.5482,29.1954,-27.7723,0.0222363,CC1=[S+]c2c([O-])[nH]c3c2=CC(=[S+]1)C=CC=3,1,C1=CC2=[S+]C=[S+]c3c[nH]c(c3=C2)=C1,0.0077619,-10.3999,0.0242429,0.9881,0.0023549,234.325,0.3245854,6.216,1.0,1.0,1.0,1.0,1.0,1.0,1.0,1.0,40,-7.3026814,-23.67191
17.0422,26.249,-12.1396,0.2204584,F[B-]1(F)OC(c2ccc[nH]2)=Cc2cccn2[B-]1(F)F,1,[BH2-]1[BH2-]n2cccc2C=C(c2ccc[nH]2)O1,0.2845881,-4.0013,0.0383224,1.5011,0.0583461,269.803,0.7071446,4.6386,1.0,1.0,1.0,1.0,1.0,1.0,1.0,1.0,260,26.08926,-15.587606
29.0853,33.2993,-10.1593,0.3615623,Fc1ccc2c(-c3ccc(Br)cc3)c3c(ccc4ccc5ccccc5c43)cc2c1,1,c1ccc(-c2c3ccccc3cc3ccc4ccc5ccccc5c4c23)cc1,0.2495512,-4.2931,0.0224646,0.9034,0.9999991,451.338,0.9662688,2.2216,1.0,1.0,1.0,1.0,1.0,1.0,1.0,1.0,360,-23.910118,-2.063484
10.583,28.2201,9.3705,0.5873524,F[B-]1(F)C2=C(c3ccc[nH]3)c3cccn3[B-](F)(F)C2=C(c2ccccn2)c2cccn21,1,[BH2-]1C2=C(c3ccc[nH]3)c3cccn3[BH2-]C2=C(c2ccccn2)c2cccn21,0.8686563,0.5766,0.0369363,1.4595,0.9999841,419.987,0.7760435,4.2856,1.0,1.0,1.0,1.0,1.0,1.0,1.0,1.0,360,32.48727,-13.118482
35.07,44.2984,-32.1364,0.1900322,[O-]S1(=C2C=[S+]C(=C3c4ccccc4-c4ccccc43)O2)=c2ccccc2=Nc2ccccc21,1,C1=[S+]C(=C2c3ccccc3-c3ccccc32)OC1=[SH]1=c2ccccc2=Nc2ccccc21,0.0599307,-6.9832,0.0182944,0.6758,0.9999997,463.583,0.8021542,4.1322,1.0,1.0,1.0,1.0,1.0,1.0,1.0,1.0,160,-2.4634795,13.249971
39.7967,39.9074,-26.1247,0.2153544,COc1ccc(Sc2ccc(C#N)n3c2nc2cc(Cl)ccc23)cc1OC,1,c1ccc(Sc2cccn3c2nc2ccccc23)cc1,0.0713286,-6.6797,0.0192604,0.7328,0.9998537,395.871,0.9469711,2.6834,1.0,1.0,1.0,1.0,1.0,1.0,1.0,1.0,40,23.216516,11.709856
42.7701,56.387,-56.387,0.0,C#CCC1=CC=CC(=c2c(=C3C=CC=C3Br)cc(-c3ccccc3)n2-c2ccccc2)C1=O,1,O=C1C=CC=CC1=c1c(=C2C=CC=C2)cc(-c2ccccc2)n1-c1ccccc1,0.0,0.0,0.0,0.0,0.0,0.0,0.0,0.0,1.0,1.0,0.0,0.0,0.0,0.0,0.0,0.0,140,0.50104,0.46073574
30.0389,39.5742,-8.9754,0.4781062,CC1=CC(=NNc2cccc(C)c2C)C(=NNc2ccccc2)C(=Cc2ccccc2C)C1=O,1,O=C1C=CC(=NNc2ccccc2)C(=NNc2ccccc2)C1=Cc1ccccc1,0.5350499,-2.2713,0.020134,0.7819,0.9999989,448.57,0.9417719,2.7802,1.0,1.0,1.0,1.0,1.0,1.0,1.0,1.0,360,-6.705918,-0.8186485
26.7632,35.3131,2.7902,0.5953646,Cn1ccc2c1C(Br)=[N+]1C2=C(c2ccncc2)c2ccc(Br)n2[B-]1(F)F,1,[BH2-]1n2cccc2C(c2ccncc2)=C2c3cc[nH]c3C=[N+]12,0.8340985,0.1301,0.0398535,1.5453,0.9999999,479.919,0.8298789,3.9514,1.0,1.0,1.0,1.0,1.0,1.0,1.0,1.0,300,32.776875,-5.2464905
16.7911,32.6548,3.9674,0.5722212,Fc1ccc(C2=C3c4ccccc4C(c4ccccc4)=[N+]3[B-](F)(F)n3c(Br)c(Br)c(Br)c32)cc1,1,[BH2-]1n2cccc2C(c2ccccc2)=C2c3ccccc3C(c3ccccc3)=[N+]12,0.7215344,-0.9494,0.0375978,1.4795,0.9999991,648.911,0.899833,3.3548,1.0,1.0,1.0,1.0,1.0,1.0,1.0,1.0,340,11.762986,-3.3026278
19.8445,40.0789,-1.1718,0.6079224,COc1ccc(C2=C3C=CC(c4cccnc4)=[N+]3[B-](F)(F)n3cc(OC)c(Cl)c32)cc1,1,[BH2-]1n2cccc2C(c2ccccc2)=C2C=CC(c3cccnc3)=[N+]12,0.8482795,0.3031,0.0394531,1.5339,0.9999974,439.658,0.8733059,3.6136,1.0,1.0,1.0,1.0,1.0,1.0,1.0,1.0,360,12.205191,-12.391961
23.3979,25.0348,-21.2164,0.0596631,O=CN1c2ccccc2CCc2ccc3ccccc3c21,1,c1ccc2c(c1)CCc1ccc3ccccc3c1N2,0.0081092,-10.3281,0.0247056,1.0091,0.0790054,273.335,0.9603853,2.3847,1.0,1.0,1.0,1.0,1.0,1.0,1.0,1.0,80,-22.083244,5.435466
39.9141,40.3132,-40.3132,0.0,Nc1[n-]c2c(CCN3CCCC3)c3c(Cl)cccc3cc2[s+]1,1,c1ccc2c(CCN3CCCC3)c3[n-]c[s+]c3cc2c1,0.0,0.0,0.0,0.0,0.0,0.0,0.0,0.0,1.0,1.0,0.0,0.0,0.0,0.0,0.0,0.0,40,-28.984228,-15.432643
26.2036,25.7467,-25.7467,0.0,O=CC(C(=O)N1C(=O)OCC1Cc1ccccc1)C(O)c1ccccc1,1,O=C(CCc1ccccc1)N1C(=O)OCC1Cc1ccccc1,0.0,0.0,0.0,0.0,0.0,0.0,0.0,0.0,1.0,1.0,0.0,0.0,0.0,0.0,0.0,0.0,20,-12.648452,22.505203
42.713,48.3313,-48.2715,0.0009339,O=S(#[N+][B-](c1c(F)c(F)c(F)c(F)c1F)(c1c(F)c(F)c(F)c(F)c1F)c1c(F)c(F)c(F)c(F)c1F)OCC12C=C(Br)C(C(Br)=C1)c1ccccc12,1,O=S(#[N+][B-](c1ccccc1)(c1ccccc1)c1ccccc1)OCC12C=CC(C=C1)c1ccccc12,1.69e-05,-20.3926,0.0106428,0.0793,2.5e-05,915.075,0.5694283,5.2269,1.0,1.0,1.0,1.0,1.0,1.0,1.0,1.0,160,19.127817,18.106659
17.0658,17.5927,-16.4901,0.0172291,C1=Cc2cccc(c2)CCc2ccc1cc2,1,C1=Cc2cccc(c2)CCc2ccc1cc2,0.0081232,-10.3252,0.0156082,0.5005,0.0001784,206.288,0.7392865,4.4815,1.0,1.0,1.0,1.0,1.0,1.0,1.0,1.0,260,10.310705,-21.43975
32.4681,33.8453,-30.1887,0.0571342,COc1ccc2c(c1)Nc1cc(-c3ccc[nH]3)nc-2c1,1,c1c[nH]c(-c2cc3cc(n2)-c2ccccc2N3)c1,0.0142459,-9.4003,0.0129366,0.2937,0.0329202,263.3,0.876506,3.585,1.0,1.0,1.0,1.0,1.0,1.0,1.0,1.0,80,16.555302,-24.29181
48.8776,59.0824,-56.2767,0.0438396,CC1(C)CC(=O)c2c(-c3cccc([N+](=O)[O-])c3)cn(Cc3cc(F)cc([N+](=O)[O-])c3-c3ccc(F)cc3)c2C1,1,O=C1CCCc2c1c(-c1ccccc1)cn2Cc1ccccc1-c1ccccc1,0.0015308,-13.0541,0.0106279,0.0777,1.0,531.515,0.9272168,3.0134,1.0,1.0,1.0,1.0,1.0,1.0,1.0,1.0,340,-13.5229225,-19.491749
27.5847,39.3636,-10.082,0.4575258,Brc1ccc(NN=C2C=C3C=CC=CC(c4ccccc4)=C3C(=NNc3ccc(Br)cc3)C2=NNc2ccc(Br)cc2)cc1,1,C1=CC2=CC(=NNc3ccccc3)C(=NNc3ccccc3)C(=NNc3ccccc3)C2=C(c2ccccc2)C=C1,0.5215213,-2.3597,0.017982,0.6568,0.9439582,769.339,0.9120347,3.2147,1.0,1.0,1.0,1.0,1.0,1.0,1.0,1.0,240,1.1800332,-9.374404
14.5488,24.2709,2.0273,0.4109106,Cc1ccc2ccc3ccccc3c2c1-c1c2ccccc2cc2ccccc12,1,c1ccc2c(-c3cccc4ccc5ccccc5c34)c3ccccc3cc2c1,0.3681373,-3.3798,0.0180074,0.6584,0.9981801,368.479,0.9724059,2.0192,1.0,1.0,1.0,1.0,1.0,1.0,1.0,1.0,180,-26.62362,-5.9545827
30.5328,30.8116,-26.0438,0.0744964,[O-][SH]1[SH]=[S+]c2cccc(Nc3ccc(F)cc3)c21,1,c1ccc(Nc2cccc3c2S[SH]=[S+]3)cc1,0.009002,-10.1565,0.0121905,0.2284,0.486579,299.417,0.7775044,4.2774,1.0,1.0,1.0,1.0,1.0,1.0,1.0,1.0,20,2.2444408,-19.568155
24.4814,34.3463,-5.2785,0.4541838,CC1=CC(=O)C(=C2Nc3ccccc3N=C2C)C(=NNc2ccccc2)C1=O,1,O=C1C=CC(=O)C(=C2C=Nc3ccccc3N2)C1=NNc1ccccc1,0.4786056,-2.6395,0.0192251,0.7307,0.9984764,370.412,0.9370075,2.862,1.0,1.0,1.0,1.0,1.0,1.0,1.0,1.0,200,-6.8338933,0.46227026
16.3942,38.1394,-3.1457,0.5467758,F[B-]1(F)C2=C(c3ccc[nH]3)c3ncccc3C2=C(c2ccncc2)c2cc(Cl)c(Cl)n21,1,[BH2-]1C2=C(c3ccc[nH]3)c3ncccc3C2=C(c2ccncc2)c2cccn21,0.7269159,-0.9055,0.0285253,1.1695,0.9999992,452.08,0.8565437,3.7539,1.0,1.0,1.0,1.0,1.0,1.0,1.0,1.0,360,33.0675,-8.424666
39.1447,41.2643,-25.8933,0.2401718,C[Si](C)(C)N=c1c2c(c3ccc(Cl)cc3n1-c1ccccc1)Nc1cccc3cccc-2c13,1,N=c1c2c(c3ccccc3n1-c1ccccc1)Nc1cccc3cccc-2c13,0.0984372,-6.1069,0.0175186,0.6279,0.9999998,466.06,0.9272889,3.0124,1.0,1.0,1.0,1.0,1.0,1.0,1.0,1.0,60,-19.046976,1.1834668
32.3438,44.8268,-12.9594,0.4979276,O=C1C(c2ccccc2)=C(F)[N+](=C2c3ccccc3-c3ccncc32)C1(c1ccccc1)c1ccccc1,1,O=C1C(c2ccccc2)=C[N+](=C2c3ccccc3-c3ccncc32)C1(c1ccccc1)c1ccccc1,0.5883023,-1.9187,0.0216494,0.8624,1.0,493.561,0.9246762,3.0496,1.0,1.0,1.0,1.0,1.0,1.0,1.0,1.0,380,2.0130718,13.816334
10.577,23.9016,-23.9016,0.0,F[B-]1(F)n2c(Br)ccc2C(c2cccnc2)=C2C=CC=[N+]21,1,[BH2-]1n2cccc2C(c2cccnc2)=C2C=CC=[N+]12,0.8731056,0.6411,0.0394471,1.5337,0.9880758,347.959,0.8296087,3.9533,1.0,1.0,1.0,1.0,1.0,1.0,1.0,1.0,240,22.406351,-20.467934
23.3213,42.4219,-8.3286,0.5327083,Cc1cc(Cl)cc2c1=C(c1ccc[nH]1)c1c(Cl)c(Cl)c(Cl)n1[B-](F)(F)[N+]=2c1ccc(-c2ccccc2)cc1,1,[BH2-]1n2cccc2C(c2ccc[nH]2)=c2ccccc2=[N+]1c1ccc(-c2ccccc2)cc1,0.6639984,-1.3907,0.0303908,1.2404,1.0,587.093,0.8619881,3.7099,1.0,1.0,1.0,1.0,1.0,1.0,1.0,1.0,340,22.509119,0.9019552
23.5221,34.5068,2.587,0.5795915,COc1cc2c(cc1OC)=C(F)[B-](F)(F)n1cccc1C=2c1c(F)c(F)c(F)c(F)c1F,1,[BH2-]1C=c2ccccc2=C(c2ccccc2)c2cccn21,0.8000246,-0.242,0.0335097,1.3499,0.9999996,460.109,0.8594098,3.7309,1.0,1.0,1.0,1.0,1.0,1.0,1.0,1.0,280,25.893103,-11.301854
40.9392,50.6195,-30.4138,0.315714,C1=CC2=CC(c3ccccc3)=CN=C3CC2C(=C1)[S+]=C(c1ccccc1)C3=C(c1ccccc1)c1ccccc1,1,C1=CC2=CC(c3ccccc3)=CN=C3CC2C(=C1)[S+]=C(c1ccccc1)C3=C(c1ccccc1)c1ccccc1,0.2233528,-4.5296,0.0214032,0.8497,1.0,530.716,0.7274258,4.5408,1.0,1.0,1.0,1.0,1.0,1.0,1.0,1.0,120,3.1921434,19.308994
29.8773,36.5648,-16.8501,0.3080428,O=C1C(c2ccccc2)=Nc2c(-c3ccc(Cl)cn3)ccc(Cl)c21,1,O=C1C(c2ccccc2)=Nc2c1cccc2-c1ccccn1,0.1841509,-4.9241,0.0167347,0.5774,0.9926131,353.208,0.9553781,2.5061,1.0,1.0,1.0,1.0,1.0,1.0,1.0,1.0,240,6.1227193,-3.0449717
25.0512,28.5931,-16.9993,0.1811524,c1ccc(C2C3=C(c4ccccc43)c3ccccc3C23CC3)cc1,1,c1ccc(C2C3=C(c4ccccc43)c3ccccc3C23CC3)cc1,0.0553507,-7.1206,0.0229328,0.9263,0.6434105,306.408,0.904085,3.3078,1.0,1.0,1.0,1.0,1.0,1.0,1.0,1.0,180,-11.347505,16.708546
31.6589,40.1201,-28.6315,0.1795098,Brc1ccc(-c2c([B-](c3ccccc3)(c3ccccc3)c3ccccc3)c3c(-c4ccccc4)c(-c4ccccc4)[n+]2-3)cc1,1,c1ccc(-c2c3c([B-](c4ccccc4)(c4ccccc4)c4ccccc4)c(-c4ccccc4)[n+]-3c2-c2ccccc2)cc1,0.0467651,-7.4098,0.0177525,0.6426,0.9999999,626.406,0.9287267,2.9913,1.0,1.0,1.0,1.0,1.0,1.0,1.0,1.0,240,11.359091,8.206162
20.0551,39.0756,-5.6069,0.5229484,F[B-]1(F)C2=Cc3ccccc3C2=C(c2ccncc2)c2c(-c3cccs3)c(Br)cn21,1,[BH2-]1C2=Cc3ccccc3C2=C(c2ccncc2)c2c(-c3cccs3)ccn21,0.6637403,-1.3925,0.0249236,1.0189,0.9999999,478.15,0.8783596,3.5682,1.0,1.0,1.0,1.0,1.0,1.0,1.0,1.0,400,33.08058,-3.997987
14.3577,14.2438,-14.2438,0.0,O=[N+]([O-])C=Cc1ccccc1,1,c1ccccc1,0.0,0.0,0.0,0.0,0.0,0.0,0.0,0.0,1.0,1.0,0.0,0.0,0.0,0.0,0.0,0.0,20,-10.174028,27.123676
11.4771,21.7493,-21.7493,0.0,Fc1c(F)c(F)c(C2=C3C=CC(c4ccccc4)=[N+]3[B-](F)(F)n3cccc32)c(F)c1F,1,[BH2-]1n2cccc2C(c2ccccc2)=C2C=CC(c3ccccc3)=[N+]12,0.8412216,0.2154,0.0421583,1.609,0.9999957,434.123,0.857977,3.7425,1.0,1.0,1.0,1.0,1.0,1.0,1.0,1.0,360,25.00185,-11.197711
28.4438,33.3717,-20.9901,0.1934623,F[B-]1(F)N2C(=CC=CC3=c4ccccc4=[N+]31)C=C(c1ccccc1)C(c1ccccc1)=C2c1ccccc1,1,[BH2-]1N2C(=CC=CC3=c4ccccc4=[N+]13)C=C(c1ccccc1)C(c1ccccc1)=C2c1ccccc1,0.0569532,-7.0713,0.0195362,0.7485,1.0,496.369,0.8856431,3.4998,1.0,1.0,1.0,1.0,1.0,1.0,1.0,1.0,140,12.650171,4.1446223
13.1173,22.9291,9.7722,0.5109572,Brc1ccc(C2=CC(=C3c4ccccc4-c4ccccc43)c3ccccc32)cc1,1,C1=C(c2ccccc2)c2ccccc2C1=C1c2ccccc2-c2ccccc21,0.6304919,-1.6298,0.0192175,0.7303,0.9999954,433.348,0.9651802,2.2537,1.0,1.0,1.0,1.0,1.0,1.0,1.0,1.0,300,3.8377838,-8.31669
18.4524,23.876,8.5917,0.5073089,FC(F)(c1ccccc1)c1c2ccccc2cc2ccccc12,1,c1ccc(Cc2c3ccccc3cc3ccccc23)cc1,0.6209749,-1.696,0.0405901,1.566,0.5986001,304.339,0.9699575,2.1047,1.0,1.0,1.0,1.0,1.0,1.0,1.0,1.0,200,-31.100143,-4.4243054
33.8399,34.3697,-32.4642,0.0297723,O=C1CC2=C(CO1)OCCN(S(=O)(=O)c1ccc([N+](=O)[O-])cc1)C2,1,O=C1CC2=C(CO1)OCCN(S(=O)(=O)c1ccccc1)C2,0.0005655,-14.6773,0.0111,0.1254,0.9933397,354.34,0.9310843,2.956,1.0,1.0,1.0,1.0,1.0,1.0,1.0,1.0,40,-10.4816475,-17.584562
25.4275,27.8003,-27.0242,0.0121264,O=C1CN1n1c(=O)c2ccccc2c2ccccc21,1,O=C1CN1n1c(=O)c2ccccc2c2ccccc21,0.0004545,-15.0334,0.0120777,0.2182,0.0101358,250.257,0.9664624,2.2158,1.0,1.0,1.0,1.0,1.0,1.0,1.0,1.0,340,-22.355703,-13.608561
17.8776,29.0686,0.9058,0.4683508,O=C1C(=C2c3ccccc3C(=O)c3ccccc32)C(=Cc2cccs2)c2ccccc21,1,O=C1C(=C2c3ccccc3C(=O)c3ccccc32)C(=Cc2cccs2)c2ccccc21,0.5269957,-2.324,0.0171451,0.6041,0.9999781,416.501,0.9569417,2.4696,1.0,1.0,1.0,1.0,1.0,1.0,1.0,1.0,360,-7.541954,10.378426
23.4941,20.4901,-20.4901,0.0,COC(=O)C(C)NC(=O)C=Cc1ccccc1,1,c1ccccc1,0.0,0.0,0.0,0.0,0.0,0.0,0.0,0.0,1.0,1.0,0.0,0.0,0.0,0.0,0.0,0.0,60,-10.131056,27.043036
19.5631,35.9033,1.287,0.5810991,Fc1c(F)c(F)c(C2=C(c3ccncc3)C(c3ccc[nH]3)=[N+]3C2=C(c2ccncc2)c2cccn2[B-]3(F)F)c(F)c1F,1,[BH2-]1n2cccc2C(c2ccncc2)=C2C(c3ccccc3)=C(c3ccncc3)C(c3ccc[nH]3)=[N+]12,0.8298287,0.0804,0.0337281,1.3572,1.0,577.272,0.8244113,3.9888,1.0,1.0,1.0,1.0,1.0,1.0,1.0,1.0,400,31.848373,-7.1113987
19.6305,38.5115,-1.104,0.5844926,F[B-]1(F)C2=C(c3ccccc3)c3cc(Br)cn3[B-](F)(F)[N+]2=C(c2ccc(Cl)c(Cl)c2)c2ccc(Br)n21,1,[BH2-]1C2=C(c3ccccc3)c3cccn3[BH2-][N+]2=C(c2ccccc2)c2cccn21,0.844085,0.2506,0.0349171,1.3962,0.9999978,658.7,0.8106883,4.0787,1.0,1.0,1.0,1.0,1.0,1.0,1.0,1.0,280,24.48485,-2.1697044
26.5997,36.325,-7.6964,0.4473217,C(=C1c2ccccc2C(c2ccccc2)=C(c2ccccc2)c2cccn21)c1ccc[nH]1,1,C(=C1c2ccccc2C(c2ccccc2)=C(c2ccccc2)c2cccn21)c1ccc[nH]1,0.4330455,-2.9388,0.0231312,0.9359,0.999962,410.52,0.941636,2.7826,1.0,1.0,1.0,1.0,1.0,1.0,1.0,1.0,300,4.001102,12.145584
17.1715,35.3751,-35.3751,0.0,Oc1ccc(C2=C3C(Cl)=CC=[N+]3[B-](F)(F)n3c(Cl)ccc32)cc1Br,1,[BH2-]1n2cccc2C(c2ccccc2)=C2C=CC=[N+]12,0.8603305,0.4609,0.039951,1.5481,0.9999947,431.86,0.8130503,4.0636,1.0,1.0,1.0,1.0,1.0,1.0,1.0,1.0,320,26.677305,-20.475536
50.7637,58.4604,-44.3571,0.2203633,[O-]C(=[S+]c1ccccc1)C12c3c4cccc3-c3sccc3C13OC1=CC=CC1=C4C=CC32,1,C1=CC2=C3C=CC4C5(C=[S+]c6ccccc6)c6c3cccc6-c3sccc3C45OC2=C1,0.2356324,-4.4165,0.014705,0.4347,0.9999989,448.568,0.2406958,6.6226,1.0,1.0,1.0,1.0,1.0,1.0,1.0,1.0,80,0.6735964,0.06648109
11.4558,27.0564,11.7428,0.6062379,CC1=CC(c2ccccc2)=[N+]2C1=C(c1ccco1)c1cccn1[B-]2(F)F,1,[BH2-]1n2cccc2C(c2ccco2)=C2C=CC(c3ccccc3)=[N+]12,0.8467187,0.2834,0.0392094,1.5269,0.988293,348.161,0.8757369,3.5919,1.0,1.0,1.0,1.0,1.0,1.0,1.0,1.0,380,21.29578,-9.007547
32.2884,32.9651,-13.9672,0.2968422,O=C1NC(=Cc2cccc3ncc(-c4ccccc4)nc23)c2ccccc21,1,O=C1NC(=Cc2cccc3ncc(-c4ccccc4)nc23)c2ccccc21,0.1608019,-5.1909,0.0190006,0.7177,0.9895357,349.393,0.9602631,2.3878,1.0,1.0,1.0,1.0,1.0,1.0,1.0,1.0,200,-4.8664947,7.5079374
51.7915,56.0296,-56.0296,0.0,O=C1C([O-])=C2C(c3ccccc3)=C([S+]([O-])c3ccccc3)C3=C(C=Cc4ccccc4)C2(c2ccccc21)c1c(Br)sc(Br)c13,1,O=C1C=C2C(c3ccccc3)=C([SH+]c3ccccc3)C3=C(C=Cc4ccccc4)C2(c2ccccc21)c1cscc13,0.0,0.0,0.0,0.0,0.0,0.0,0.0,0.0,1.0,1.0,0.0,0.0,0.0,0.0,0.0,0.0,140,5.362257,14.905254
21.6225,21.9251,-19.9863,0.0302938,COc1ccc(C2COC3=C(C(=O)CC(C)(C)C3)C2c2ccc(OC)cc2)cc1,1,O=C1CCCC2=C1C(c1ccccc1)C(c1ccccc1)CO2,0.0005918,-14.6035,0.0116386,0.1775,0.9998004,392.495,0.9086038,3.2557,1.0,1.0,1.0,1.0,1.0,1.0,1.0,1.0,20,-2.0734053,-25.706694
14.1453,27.5602,0.9241,0.4450673,F[B-]1(F)C2=C(Cl)C=CC2=C(c2ccco2)c2cccn21,1,[BH2-]1C2=CC=CC2=C(c2ccco2)c2cccn21,0.7652981,-0.5751,0.030306,1.2372,0.2939316,290.485,0.8265426,3.9743,1.0,1.0,1.0,1.0,1.0,1.0,1.0,1.0,380,28.048534,-15.557235
21.5776,34.6752,0.9584,0.556775,O=C1C=Cc2ccccc2C1=C1c2cccn2[B-](F)(F)[N+]1=Cc1ccc(Br)cc1,1,O=C1C=Cc2ccccc2C1=C1c2cccn2[BH2-][N+]1=Cc1ccccc1,0.7810611,-0.4286,0.0246472,1.0065,0.9999991,451.079,0.8781037,3.5705,1.0,1.0,1.0,1.0,1.0,1.0,1.0,1.0,260,18.401701,-15.936517
21.1493,20.9385,-15.0055,0.092704,N#Cc1ccc(N=C2C(=O)Nc3ccccc32)cc1,1,O=C1Nc2ccccc2C1=Nc1ccccc1,0.0845625,-6.3792,0.0150976,0.4638,0.0077076,247.257,0.9602385,2.3884,1.0,1.0,1.0,1.0,1.0,1.0,1.0,1.0,20,-20.315517,12.111608
12.0442,28.4927,10.0382,0.602045,F[B-]1(F)n2c(Br)ccc2C(c2ccc[nH]2)=C2C=CC(Cl)=[N+]21,1,[BH2-]1n2cccc2C(c2ccc[nH]2)=C2C=CC=[N+]12,0.8718753,0.6231,0.0458979,1.7055,0.9984738,370.393,0.7688925,4.3254,1.0,1.0,1.0,1.0,1.0,1.0,1.0,1.0,280,25.587074,-9.43892
26.7173,28.7872,-27.5131,0.0199088,O=C1c2ccccc2C(=O)N1S(=O)(=O)c1conc1-c1ccccc1,1,O=C1c2ccccc2C(=O)N1S(=O)(=O)c1conc1-c1ccccc1,0.0001972,-16.3939,0.0115744,0.1714,0.9933414,354.343,0.9546762,2.5221,1.0,1.0,1.0,1.0,1.0,1.0,1.0,1.0,60,-5.090888,4.1399364
24.7854,25.496,-25.496,0.0,C(CCCCc1ccccc1)=C1c2ccccc2-c2ccccc21,1,C(CCCCc1ccccc1)=C1c2ccccc2-c2ccccc21,0.0,0.0,0.0,0.0,0.0,0.0,0.0,0.0,1.0,1.0,0.0,0.0,0.0,0.0,0.0,0.0,80,-5.7924466,15.194152
46.1029,50.7593,-46.1276,0.0723716,O=C(NC(=O)c1cccc2ccccc12)c1cc2ccc3ccccc3c2c(CN(Cc2ccccn2)Cc2ccc3ccccc3c2CN2C(=O)c3ccccc3C2=O)n1,1,O=C(NC(=O)c1cccc2ccccc12)c1cc2ccc3ccccc3c2c(CN(Cc2ccccn2)Cc2ccc3ccccc3c2CN2C(=O)c3ccccc3C2=O)n1,0.0068601,-10.6026,0.0119492,0.2064,0.5933224,795.899,0.9003984,3.3486,1.0,1.0,1.0,1.0,1.0,1.0,1.0,1.0,100,-24.85417,-0.42197287
29.3006,32.8347,-18.3986,0.225564,Cc1ccccc1C=C1C(=O)OC(=O)c2ccc(-c3ccccc3)nc21,1,O=C1OC(=O)c2ccc(-c3ccccc3)nc2C1=Cc1ccccc1,0.0801836,-6.4736,0.0192617,0.7329,0.9783307,341.366,0.9600851,2.3924,1.0,1.0,1.0,1.0,1.0,1.0,1.0,1.0,80,-3.3123128,5.736553
18.2234,23.7031,6.3311,0.4692846,c1ccc(-c2c3ccccc3c(-c3c4ccccc4nc4ccccc34)c3ccccc23)cc1,1,c1ccc(-c2c3ccccc3c(-c3c4ccccc4nc4ccccc34)c3ccccc23)cc1,0.4988839,-2.5073,0.0196818,0.7567,0.9999945,431.538,0.9788498,1.7528,1.0,1.0,1.0,1.0,1.0,1.0,1.0,1.0,120,-16.833654,-11.772575
12.1345,30.7816,2.0304,0.5126875,F[B-]1(F)C2=CC=CC2=C(c2ccc(Br)cc2)c2c(Br)cc(Br)n21,1,[BH2-]1C2=CC=CC2=C(c2ccccc2)c2cccn21,0.61966,-1.7051,0.0286772,1.1754,1.0,502.767,0.8505497,3.8008,1.0,1.0,1.0,1.0,1.0,1.0,1.0,1.0,360,32.284843,-0.5869786
28.2327,31.6864,-9.4341,0.3476929,c1ccc2c3c4c(nccc4cc2c1)-c1nc2ccccc2nc1-3,1,c1ccc2c3c4c(nccc4cc2c1)-c1nc2ccccc2nc1-3,0.3047878,-3.8429,0.0177444,0.6421,0.6205379,305.34,0.9582176,2.4389,1.0,1.0,1.0,1.0,1.0,1.0,1.0,1.0,220,-24.141735,-4.3674407
18.0776,24.7967,-24.7967,0.0,c1ccc(-c2ccc3cc4ccccc4c(-c4c5ccccc5cc5ccccc45)c3c2)cc1,1,c1ccc(-c2ccc3cc4ccccc4c(-c4c5ccccc5cc5ccccc45)c3c2)cc1,0.5966415,-1.8624,0.0179376,0.6541,0.999994,430.55,0.9761318,1.8737,1.0,1.0,1.0,1.0,1.0,1.0,1.0,1.0,300,-27.185385,-6.891366
9.7132,26.0079,8.9835,0.5467411,F[B-]1(F)C2=C(c3ccc[nH]3)C=CC2=C(c2ccncc2)c2cccn21,1,[BH2-]1C2=C(c3ccc[nH]3)C=CC2=C(c2ccncc2)c2cccn21,0.7559946,-0.6583,0.0275124,1.1291,0.9507521,332.142,0.8510468,3.797,1.0,1.0,1.0,1.0,1.0,1.0,1.0,1.0,360,32.40499,-11.98807
44.203,61.742,-30.8776,0.4822551,Cc1c(-c2ccncc2)c(=C2c3cccn3[B-](F)(F)n3cccc32)c2ccccc2c1=C1c2ccccc2-c2c(-c3ccccc3)c(-c3ccccc3)n(C)c21,1,[BH2-]1n2cccc2C(=c2c(-c3ccncc3)cc(=C3c4ccccc4-c4c3[nH]c(-c3ccccc3)c4-c3ccccc3)c3ccccc23)c2cccn21,0.5977197,-1.8551,0.020617,0.8082,0.9987255,727.647,0.8317796,3.9382,1.0,1.0,1.0,1.0,1.0,1.0,1.0,1.0,180,35.77316,-15.537932
33.2075,35.3243,-32.7221,0.0406602,[O-]N([O-])c1c(-c2ccccc2)noc1-c1ccccc1,1,c1ccc(-c2cc(-c3ccccc3)on2)cc1,0.0050947,-11.09,0.0120689,0.2174,0.0427811,266.256,0.9540774,2.5355,1.0,1.0,1.0,1.0,1.0,1.0,1.0,1.0,180,7.6429796,7.527353
21.1929,31.9327,-3.1317,0.4500154,O=C1C(=C2c3ccccc3N(S(=O)(=O)c3ccccc3)c3ccccc32)C=Cc2ccccc21,1,O=C1C(=C2c3ccccc3N(S(=O)(=O)c3ccccc3)c3ccccc32)C=Cc2ccccc21,0.4480002,-2.84,0.0210449,0.831,0.9999996,461.542,0.9543998,2.5283,1.0,1.0,1.0,1.0,1.0,1.0,1.0,1.0,200,-10.143084,12.076444
27.8541,41.7993,-4.6781,0.5800195,OC(C1=C(c2ccccc2)C2=C(c3ccccc3)c3cccn3[B-](F)(F)[N+]2=C1c1ccc(F)cc1)c1ccc(F)cc1,1,[BH2-]1n2cccc2C(c2ccccc2)=C2C(c3ccccc3)=C(Cc3ccccc3)C(c3ccccc3)=[N+]12,0.8137106,-0.0989,0.0326356,1.3203,1.0,562.375,0.851674,3.7921,1.0,1.0,1.0,1.0,1.0,1.0,1.0,1.0,280,17.435413,-7.034301
23.9283,25.6506,-22.2807,0.0526536,c1cnc2c(c1)sc1c3ccccc3c3ccccc3c21,1,c1cnc2c(c1)sc1c3ccccc3c3ccccc3c21,0.0042101,-11.402,0.0171321,0.6033,0.206299,285.371,0.9703212,2.0924,1.0,1.0,1.0,1.0,1.0,1.0,1.0,1.0,140,-21.281092,-11.7538805
21.0363,26.1831,-2.2921,0.3732968,Cc1ccc(S(=O)(=O)N2C(=C3Cc4ccccc4C3=O)C(=O)c3ccccc32)cc1,1,O=C1C(=C2C(=O)c3ccccc3N2S(=O)(=O)c2ccccc2)Cc2ccccc21,0.2991069,-3.8868,0.0167429,0.5779,0.9999759,415.47,0.954286,2.5308,1.0,1.0,1.0,1.0,1.0,1.0,1.0,1.0,160,-9.568638,-2.9250221
25.0246,29.3951,-23.467,0.0926268,N#CC1=C(N)OC2=C(c3ccccc3)c3ccccc3C2(Cl)C1c1ccccc1,1,C1=CC(c2ccccc2)C2C(=C(c3ccccc3)c3ccccc32)O1,0.0087037,-10.2119,0.020248,0.7882,0.9998667,396.877,0.8832742,3.5224,1.0,1.0,1.0,1.0,1.0,1.0,1.0,1.0,240,-11.433701,16.758083
35.4681,35.4798,-10.6495,0.3879732,COc1ccc(C2=C(C#N)C3=C(C(=O)C(c4ccccc4)O2)c2ccccc2C3)cc1,1,O=C1C2=C(C=C(c3ccccc3)OC1c1ccccc1)Cc1ccccc12,0.2960285,-3.9108,0.02627,1.0776,0.9999395,405.453,0.9173694,3.1478,1.0,1.0,1.0,1.0,1.0,1.0,1.0,1.0,120,-11.91681,17.03695
16.5649,33.8334,3.0478,0.5762686,[O-][N+]1=C2C(=C(c3cccnc3)c3cccn3[B-]2(F)F)C=C1c1ccccc1,1,[BH2-]1C2=[NH+]C(c3ccccc3)=CC2=C(c2cccnc2)c2cccn21,0.8026252,-0.2154,0.0317791,1.2904,0.9960896,360.152,0.8597258,3.7284,1.0,1.0,1.0,1.0,1.0,1.0,1.0,1.0,400,26.712177,-8.047638
23.2244,24.0525,-21.4235,0.0410786,O=[N+]([O-])c1cc(C(Sc2ccccc2)c2ccccc2)cc([N+](=O)[O-])c1,1,c1ccc(SC(c2ccccc2)c2ccccc2)cc1,0.0012826,-13.3426,0.0105509,0.0697,0.9977965,366.398,0.9455231,2.7112,1.0,1.0,1.0,1.0,1.0,1.0,1.0,1.0,300,-7.794395,-16.165663
25.0207,27.9505,-23.4978,0.0695736,Cc1ccc(C2C(c3ccccc3)=C(c3ccc(Cl)cc3)N(S(=O)(=O)c3ccc(C)cc3)c3ccccc32)cc1,1,O=S(=O)(c1ccccc1)N1C(c2ccccc2)=C(c2ccccc2)C(c2ccccc2)c2ccccc21,0.0040462,-11.467,0.0201798,0.7844,1.0,562.134,0.9309642,2.9578,1.0,1.0,1.0,1.0,1.0,1.0,1.0,1.0,340,-9.440313,-3.3080626
23.64,28.8097,-9.2172,0.3061326,Cc1cccc2c1C(=C1C=CC=CC1=O)C(c1ccccc1)=C2,1,O=C1C=CC=CC1=C1C(c2ccccc2)=Cc2ccccc21,0.267614,-4.1396,0.0175347,0.629,0.4171635,296.369,0.9505982,2.6104,1.0,1.0,1.0,1.0,1.0,1.0,1.0,1.0,200,-1.7385236,6.1401515
25.3783,41.5455,-18.6633,0.3575339,F[B-]1(F)C2=C(Cl)[S+]=c3nc(-c4ccccc4)c(cc32)=C(Cl)c2cccn21,1,[BH2-]1C2=C[S+]=c3nc(-c4ccccc4)c(cc32)=Cc2cccn21,0.3111041,-3.7947,0.0246929,1.0086,0.9999373,405.065,0.6732206,4.7937,1.0,1.0,1.0,1.0,1.0,1.0,1.0,1.0,260,30.722132,-11.489692
34.0915,37.4789,-23.7536,0.2144574,Clc1ccc2ccc3oc(=NCc4ccccc4Cl)ccc3c2c1,1,c1ccc(CN=c2ccc3c(ccc4ccccc43)o2)cc1,0.0693545,-6.7289,0.0201442,0.7825,0.9932759,354.236,0.955271,2.5085,1.0,1.0,1.0,1.0,1.0,1.0,1.0,1.0,120,-12.736861,-22.141434
17.8769,26.7658,4.9272,0.4952043,O=C(C1=C2[N+](=C(c3ccccc3)c3cccn3[B-]2(F)F)C=C1)c1ccccc1,1,O=C(C1=C2[BH2-]n3cccc3C(c3ccccc3)=[N+]2C=C1)c1ccccc1,0.5971352,-1.8591,0.0226504,0.9126,0.9987054,372.183,0.8753889,3.5951,1.0,1.0,1.0,1.0,1.0,1.0,1.0,1.0,160,17.976841,-11.659529
31.5753,37.7526,-21.4004,0.2555043,CN1C(=NN=C(N)c2cccc(C(F)(F)F)c2)c2cccc3cccc1c23,1,C(=NN=C1Nc2cccc3cccc1c23)c1ccccc1,0.1200468,-5.7442,0.0148036,0.4421,0.9981604,368.362,0.941003,2.7938,1.0,1.0,1.0,1.0,1.0,1.0,1.0,1.0,100,-19.46746,5.1841455
23.4851,39.4916,-8.6678,0.4816227,O=C1C(=C2c3ccccc3-c3ccccc32)c2ccccc2C1=C1C(F)=C(F)C(=O)c2cccc(Cl)c21,1,O=C1C(=C2C=CC(=O)c3ccccc32)c2ccccc2C1=C1c2ccccc2-c2ccccc21,0.573316,-2.0189,0.0172278,0.6094,1.0,504.919,0.9387053,2.8335,1.0,1.0,1.0,1.0,1.0,1.0,1.0,1.0,380,-3.8697205,12.452806
25.1479,30.0996,3.9688,0.53232,Clc1ccc2nn(-c3c4ccccc4cc4ccccc34)c(-c3ccccc3)c2c1,1,c1ccc(-c2c3ccccc3nn2-c2c3ccccc3cc3ccccc23)cc1,0.6368179,-1.5854,0.0261393,1.072,0.9999363,404.9,0.9643822,2.2767,1.0,1.0,1.0,1.0,1.0,1.0,1.0,1.0,300,-24.197124,-7.2728677
29.4546,30.3892,-24.2877,0.0953349,Cc1cc(-c2ccccc2F)c2c(-c3ccccc3)cc(-c3ccccc3)cc2c1,1,c1ccc(-c2cc(-c3ccccc3)c3c(-c4ccccc4)cccc3c2)cc1,0.0085083,-10.2492,0.0216859,0.8642,0.9997113,388.485,0.9735129,1.9781,1.0,1.0,1.0,1.0,1.0,1.0,1.0,1.0,300,3.0798984,5.1399026
33.296,33.3067,-0.5415,0.5119563,c1ccc(-c2sc(-c3cc4ccccc4c4ccccc34)c3ccccc23)cc1,1,c1ccc(-c2sc(-c3cc4ccccc4c4ccccc34)c3ccccc23)cc1,0.5965118,-1.8633,0.0231928,0.9389,0.999654,386.519,0.9685293,2.1515,1.0,1.0,1.0,1.0,1.0,1.0,1.0,1.0,20,-21.436274,-6.658806
25.9636,24.1007,-24.1007,0.0,C#CCN1C(=O)C(C)C(=O)N(C)C1=O,1,O=C1CC(=O)NC(=O)N1,0.0,0.0,0.0,0.0,0.0,0.0,0.0,0.0,1.0,1.0,0.0,0.0,0.0,0.0,0.0,0.0,80,-19.528578,25.602186
31.5423,30.141,-29.7854,0.0055564,O=C(ON1C2ON(c3ccccc3)C1C1OC12)c1ccccc1,1,O=C(ON1C2ON(c3ccccc3)C1C1OC12)c1ccccc1,1.14e-05,-21.0336,0.0105469,0.0693,0.7210132,310.309,0.7224298,4.5653,1.0,1.0,1.0,1.0,1.0,1.0,1.0,1.0,160,-3.1884108,25.772322
19.4022,22.8306,-20.336,0.0389791,Cc1cc(C)n2c1[B-](F)(F)n1cccc1-c1nccc[n+]1[B-]2(F)F,1,[BH2-]1c2cccn2[BH2-][n+]2cccnc2-c2cccn21,0.0012499,-13.3847,0.0153001,0.4785,0.9613798,334.902,0.7247392,4.554,1.0,1.0,1.0,1.0,1.0,1.0,1.0,1.0,160,35.063877,-11.158954
17.5724,23.9915,7.6234,0.4939829,O=C1c2c(ccc3ccccc23)C2=[N+]1[B-](F)(F)c1ccccc12,1,O=C1c2c(ccc3ccccc23)C2=[N+]1[BH2-]c1ccccc12,0.7394146,-0.8015,0.0210606,0.8318,0.615145,305.092,0.9055668,3.291,1.0,1.0,1.0,1.0,1.0,1.0,1.0,1.0,320,-16.403896,3.8048015
26.5254,26.1902,-26.1902,0.0,O=C(O)C(O)(c1cccs1)c1cccs1,1,c1csc(Cc2cccs2)c1,0.0,0.0,0.0,0.0,0.0,0.0,0.0,0.0,1.0,1.0,0.0,0.0,0.0,0.0,0.0,0.0,20,-5.188909,29.314928
27.036,40.0518,-19.1909,0.3259511,C1=C(c2ccccc2)C(c2ccccc2)=CC1=c1cc2c(=Cc3ccccc3)c3ccccc3[n-]c-2[s+]1,1,C1=C(c2ccccc2)C(c2ccccc2)=CC1=c1cc2c(=Cc3ccccc3)c3ccccc3[n-]c-2[s+]1,0.2116095,-4.642,0.0208924,0.8229,1.0,489.643,0.875411,3.5949,1.0,1.0,1.0,1.0,1.0,1.0,1.0,1.0,180,5.88616,3.0990834
35.3467,41.6294,-38.0324,0.0562039,COC(=O)c1c(Cc2cccc(Cc3ccccc3)c2)ccc2ccc3ccc(OC)cc3c12,1,c1ccc(Cc2cccc(Cc3ccc4ccc5ccccc5c4c3)c2)cc1,0.0024315,-12.299,0.0166443,0.5714,0.9999986,446.546,0.9640165,2.287,1.0,1.0,1.0,1.0,1.0,1.0,1.0,1.0,60,-10.723793,-22.931198
21.882,28.0077,-16.4757,0.1801872,O=c1c2c(=Nc3ccccc3)ssc2c2ccccc2n1-c1ccccc1,1,O=c1c2c(=Nc3ccccc3)ssc2c2ccccc2n1-c1ccccc1,0.0489464,-7.3318,0.0148898,0.4485,0.9996534,386.501,0.9510121,2.6018,1.0,1.0,1.0,1.0,1.0,1.0,1.0,1.0,120,-2.4134178,-1.0420502
25.7416,25.9943,-25.9943,0.0,O=C(C(Br)=Cc1ccc2cc(Br)ccc2c1)c1ccccc1,1,O=C(C=Cc1ccc2ccccc2c1)c1ccccc1,0.0,0.0,0.0,0.0,0.0,0.0,0.0,0.0,1.0,1.0,0.0,0.0,0.0,0.0,0.0,0.0,140,-4.3739176,27.48739
27.3228,38.8898,-4.5532,0.5365095,CC1=[N+](c2cc(C)ccc2C)C(=Cc2c3ccccc3cc3ccccc23)[B-](F)(F)n2c(C)cc(C)c21,1,[BH2-]1C(=Cc2c3ccccc3cc3ccccc23)[N+](c2ccccc2)=Cc2cccn21,0.6630937,-1.3973,0.0300641,1.2283,1.0,490.406,0.8878483,3.4783,1.0,1.0,1.0,1.0,1.0,1.0,1.0,1.0,400,-30.667988,-2.3619382
22.606,23.2312,-18.0981,0.0802044,O=C1N=C(c2ccccc2)C(=C(O)c2ccccc2)C(=O)N1,1,O=C1N=C(c2ccccc2)C(=Cc2ccccc2)C(=O)N1,0.009182,-10.124,0.0220056,0.8805,0.3296545,292.294,0.9642485,2.2805,1.0,1.0,1.0,1.0,1.0,1.0,1.0,1.0,100,-6.1522026,24.84519
33.9872,35.0171,-32.2532,0.0431864,O=C(O)c1ccnc(NCN=Cc2cccc(Br)c2)c1,1,C(=NCNc1ccccn1)c1ccccc1,0.0014196,-13.1771,0.012035,0.2143,0.9588081,334.173,0.9497923,2.6271,1.0,1.0,1.0,1.0,1.0,1.0,1.0,1.0,120,-2.414844,-17.746445
23.3252,26.35,1.4235,0.433962,c1ccc(C2=c3ccc4ccccc4c3=C(c3ccccc3)c3cccc[n+]3[B-]2(c2ccccc2)c2ccccc2)cc1,1,c1ccc(C2=c3ccc4ccccc4c3=C(c3ccccc3)c3cccc[n+]3[B-]2(c2ccccc2)c2ccccc2)cc1,0.4063867,-3.1171,0.0242555,0.9887,1.0,547.51,0.907915,3.2638,1.0,1.0,1.0,1.0,1.0,1.0,1.0,1.0,240,10.241,8.935434
30.42,31.051,-31.051,0.0,CCN1C(=O)c2nc(-c3ccccc3)n(-c3ccccc3)c2C1=O,1,O=C1NC(=O)c2c1nc(-c1ccccc1)n2-c1ccccc1,0.0,0.0,0.0,0.0,0.0,0.0,0.0,0.0,1.0,1.0,0.0,0.0,0.0,0.0,0.0,0.0,100,-0.06902907,1.3005527
25.757,33.8514,-9.4542,0.3812063,O=C1C(=Cc2ccc(F)cc2)c2ccccc2C1=c1[nH]c2cccc3cccc(c1=O)c32,1,O=C1C(=Cc2ccccc2)c2ccccc2C1=c1[nH]c2cccc3cccc(c1=O)c32,0.3151156,-3.7643,0.0171455,0.6042,0.9999799,417.439,0.9465912,2.6908,1.0,1.0,1.0,1.0,1.0,1.0,1.0,1.0,100,-14.58041,2.270768
17.478,35.7411,1.6918,0.5848887,F[B-]1(F)C=c2c(cnn2-c2ccccc2)=C(c2ccco2)c2ccc(Br)n21,1,[BH2-]1C=c2c(cnn2-c2ccccc2)=C(c2ccco2)c2cccn21,0.8463513,0.2788,0.0294196,1.204,0.9999917,427.037,0.8671079,3.6672,1.0,1.0,1.0,1.0,1.0,1.0,1.0,1.0,320,20.337536,-22.41468
28.882,32.8926,-23.851,0.141275,Brc1ccc(CN2C3=CC=CC3Oc3ccccc32)cc1,1,C1=CC2Oc3ccccc3N(Cc3ccccc3)C2=C1,0.0217009,-8.7025,0.0310282,1.2636,0.9759763,340.22,0.927745,3.0057,1.0,1.0,1.0,1.0,1.0,1.0,1.0,1.0,180,-2.2857993,-11.397176
29.4062,31.3812,-23.2074,0.1277153,COc1ccc(NC=C2C(=O)c3ccccc3C(c3ccc(F)cc3)(c3ccc(F)cc3)C2=O)cc1,1,O=C1C(=CNc2ccccc2)C(=O)C(c2ccccc2)(c2ccccc2)c2ccccc21,0.0192672,-8.9002,0.0178875,0.651,0.9999999,481.498,0.9534949,2.5484,1.0,1.0,1.0,1.0,1.0,1.0,1.0,1.0,340,4.4318447,-11.130161
13.8186,17.6981,-17.6981,0.0,c1ccc2c(c1)C(=NN=C1c3ccccc3-c3ccccc31)c1ccccc1-2,1,c1ccc2c(c1)C(=NN=C1c3ccccc3-c3ccccc31)c1ccccc1-2,0.0795289,-6.4881,0.0127878,0.281,0.9944985,356.428,0.9782394,1.7813,1.0,1.0,1.0,1.0,1.0,1.0,1.0,1.0,120,-4.728117,15.823121
31.0424,31.5634,-28.1866,0.0527619,O=[N+]([O-])c1nc2ccccc2n1-c1cccc(-n2c3ccccc3c3ccccc32)n1,1,c1cc(-n2cnc3ccccc32)nc(-n2c3ccccc3c3ccccc32)c1,0.002364,-12.345,0.0111076,0.1262,0.9999393,405.417,0.954299,2.5305,1.0,1.0,1.0,1.0,1.0,1.0,1.0,1.0,120,-22.880987,-14.733459
35.0693,37.2097,-15.857,0.3336367,COc1ccc2c3c([se]c2c1)C=Cc1sc2c-3c1[Se]c1ccccc1-2,1,C1=Cc2[se]c3ccccc3c2-c2c3sc1c2[Se]c1ccccc1-3,0.2965737,-3.9066,0.0182868,0.6754,0.9999998,470.313,0.6429488,4.9252,1.0,1.0,1.0,1.0,1.0,1.0,1.0,1.0,80,-11.678937,4.3330345
18.7294,17.7555,-17.3778,0.0059011,O=C(Oc1ccc(O)cc1)c1ccc(Br)cc1,1,O=C(Oc1ccccc1)c1ccccc1,1.42e-05,-20.6841,0.0120106,0.212,0.346595,293.116,0.9821874,1.5817,1.0,1.0,1.0,1.0,1.0,1.0,1.0,1.0,60,-2.2543414,-13.028974
28.5782,33.5452,0.1337,0.5262326,Cc1c2cc3cc4ccccc4nc3nc2cc2ccc3ccccc3c12,1,c1ccc2nc3nc4cc5ccc6ccccc6c5cc4cc3cc2c1,0.6649469,-1.3837,0.0213067,0.8447,0.9835518,344.417,0.9620085,2.3421,1.0,1.0,1.0,1.0,1.0,1.0,1.0,1.0,180,-23.493088,-3.238499
16.5796,31.9136,6.1443,0.5946558,COc1ccccc1C1=C2C(c3ccccc3)=[N+]2[B-](F)(F)n2cccc21,1,[BH2-]1n2cccc2C(c2ccccc2)=C2C(c3ccccc3)=[N+]12,0.8141664,-0.094,0.0344508,1.3811,0.988293,348.161,0.9106227,3.2318,1.0,1.0,1.0,1.0,1.0,1.0,1.0,1.0,360,18.03653,-8.502466
43.7456,46.0682,-38.8464,0.1128403,Cc1ccc(C=C2c3ccccc3C(=O)C2(C#N)c2cccc3cccc(Nc4ncccn4)c23)cc1,1,O=C1c2ccccc2C(=Cc2ccccc2)C1c1cccc2cccc(Nc3ncccn3)c12,0.0157442,-9.2349,0.0143701,0.4094,0.9999999,478.555,0.899269,3.3609,1.0,1.0,1.0,1.0,1.0,1.0,1.0,1.0,40,-10.726013,1.8986306
28.1519,28.4615,-19.9418,0.1331206,Cc1ccc(C(=O)N2C(=O)C(Cl)=NC2=Nc2ccccc2)cc1,1,O=C1C=NC(=Nc2ccccc2)N1C(=O)c1ccccc1,0.0241714,-8.5228,0.0139743,0.3786,0.9146767,325.755,0.9480354,2.6625,1.0,1.0,1.0,1.0,1.0,1.0,1.0,1.0,60,-5.71002,21.381203
32.9737,35.5857,-30.3839,0.0812772,Cc1cc2cccc(-c3ccccc3C)c2c([S+]([O-])c2ccccc2)n1,1,c1ccc([SH+]c2nccc3cccc(-c4ccccc4)c23)cc1,0.005823,-10.8712,0.0238945,0.972,0.995003,357.478,0.9082258,3.2602,1.0,1.0,1.0,1.0,1.0,1.0,1.0,1.0,320,-18.472576,3.140873
28.7351,31.1242,5.9066,0.5786064,[O-]c1c(=[S+]c2ccccc2)sc(-c2cccc(-c3ccccc3)c2)c2ccccc12,1,c1ccc([S+]=c2cc3ccccc3c(-c3cccc(-c4ccccc4)c3)s2)cc1,0.7858382,-0.3828,0.0287804,1.1794,0.9999875,422.574,0.9295996,2.9784,1.0,1.0,1.0,1.0,1.0,1.0,1.0,1.0,140,-20.40267,-7.2947273
29.9453,42.8096,-23.079,0.3082902,C[Si]1(C)C(=C2C3=C(c4cc(Br)sc42)C(F)(F)C(F)(F)C3(F)F)c2ccc(Br)cc21,1,c1ccc2c(c1)[SiH2]C2=C1C2=C(CCC2)c2ccsc21,0.1955675,-4.8032,0.0210914,0.8334,1.0,572.238,0.8039685,4.1209,1.0,1.0,1.0,1.0,1.0,1.0,1.0,1.0,360,24.88251,0.52125883
31.6878,31.7134,-31.7134,0.0,O=C(NC(CN(O)c1ccccc1)(c1ccccc1)c1ccccc1)C(F)(F)F,1,c1ccc(NCC(c2ccccc2)c2ccccc2)cc1,0.0,0.0,0.0,0.0,0.0,0.0,0.0,0.0,1.0,1.0,0.0,0.0,0.0,0.0,0.0,0.0,40,-1.9662405,28.656103
13.5626,24.2624,-24.2624,0.0,Fc1cccc(C2=C3C=CC(Cl)=[N+]3[B-](F)(F)n3cccc32)c1,1,[BH2-]1n2cccc2C(c2ccccc2)=C2C=CC=[N+]12,0.8446902,0.2581,0.0416325,1.5948,0.8686462,320.51,0.8495195,3.8087,1.0,1.0,1.0,1.0,1.0,1.0,1.0,1.0,260,24.101503,-9.46935
29.454,29.3048,-28.8825,0.0065996,COC1C(O)C2Oc3ccccc3C(=O)N2C1(O)c1ccccc1,1,O=C1c2ccccc2OC2CCC(c3ccccc3)N12,1.33e-05,-20.7915,0.0121676,0.2263,0.9253761,327.336,0.8542678,3.7719,1.0,1.0,1.0,1.0,1.0,1.0,1.0,1.0,20,-15.035008,21.553528
25.3088,23.9371,-23.9371,0.0,COC(=O)C(C)N1CCc2cc(OC)c(OC)cc2C1c1ccccc1,1,c1ccc(C2NCCc3ccccc32)cc1,0.0,0.0,0.0,0.0,0.0,0.0,0.0,0.0,1.0,1.0,0.0,0.0,0.0,0.0,0.0,0.0,40,-17.18957,20.460365
15.751,33.6984,2.9874,0.573217,F[B-]1(F)C2=C(Cl)c3cc(Cl)ccc3C2=C(c2ccc[nH]2)c2cccn21,1,[BH2-]1C2=Cc3ccccc3C2=C(c2ccc[nH]2)c2cccn21,0.7989643,-0.2528,0.0313642,1.2757,0.9989053,374.006,0.852863,3.7829,1.0,1.0,1.0,1.0,1.0,1.0,1.0,1.0,360,30.237684,-14.056403
27.1794,32.0256,-1.9113,0.4705348,[O-][n+]1ccncc1-c1c2ccccc2c(-c2ccccc2)c2ccccc12,1,c1ccc(-c2c3ccccc3c(-c3cncc[nH+]3)c3ccccc23)cc1,0.4569862,-2.7809,0.0287232,1.1772,0.9885502,348.405,0.9580455,2.4431,1.0,1.0,1.0,1.0,1.0,1.0,1.0,1.0,100,-16.071127,-11.004713
20.101,29.8282,4.6544,0.5387893,F[B-]1(F)n2cccc2C(=[N+]2C(Br)=CC=C2Br)c2c(Br)c(Br)c(Br)n21,1,[BH2-]1n2cccc2C(=[N+]2C=CC=C2)c2cccn21,0.8631562,0.4995,0.0272806,1.1197,0.9999989,651.532,0.6643929,4.8327,1.0,1.0,1.0,1.0,1.0,1.0,1.0,1.0,380,25.521881,-21.789812
14.4366,29.0727,7.4208,0.5702117,F[B-]1(F)n2cccc2C(c2ccc(C(F)(F)F)cc2)=C2C=C(c3ccc(C(F)(F)F)cc3)[N+]1=C2c1ccccc1,1,[BH2-]1n2cccc2C(c2ccccc2)=C2C=C(c3ccccc3)[N+]1=C2c1ccccc1,0.8341135,0.1303,0.0308105,1.2557,1.0,556.265,0.7977139,4.1593,1.0,1.0,1.0,1.0,1.0,1.0,1.0,1.0,280,15.99002,-9.014966
14.8966,35.494,2.1433,0.5880821,F[B-]1(F)n2c(cc(Br)c2Br)C(c2ccc(Br)cc2)=C2C=C(c3ccccc3)C(c3ccc(Br)cc3)=[N+]21,1,[BH2-]1n2cccc2C(c2ccccc2)=C2C=C(c3ccccc3)C(c3ccccc3)=[N+]12,0.7907808,-0.3345,0.0359484,1.4289,0.9972897,735.855,0.8914721,3.4422,1.0,1.0,1.0,1.0,1.0,1.0,1.0,1.0,320,18.920828,-2.1328382
20.9198,35.8333,-6.1266,0.4641677,O=C1C2=C[B-](F)(F)n3c(cc4ccccc43)C(c3cccs3)=C2c2ccccc21,1,O=C1C2=C[BH2-]n3c(cc4ccccc43)C(c3cccs3)=C2c2ccccc21,0.4979575,-2.5133,0.0220713,0.8838,0.9999022,400.238,0.9040066,3.3087,1.0,1.0,1.0,1.0,1.0,1.0,1.0,1.0,340,8.515384,-16.226524
18.8874,30.7861,-5.6131,0.3933287,O=C1C(c2ccccc2)=CC(c2ccccc2)=CC1=C1C=C(F)C(c2ccccc2)=C1c1ccccc1,1,O=C1C(c2ccccc2)=CC(c2ccccc2)=CC1=C1C=CC(c2ccccc2)=C1c1ccccc1,0.3323587,-3.636,0.0185524,0.6913,0.9999999,478.566,0.948953,2.6441,1.0,1.0,1.0,1.0,1.0,1.0,1.0,1.0,280,8.902861,13.757077
10.0659,22.3815,-22.3815,0.0,COc1ccc(C2=C3C(=C(c4ccc(OC)cc4)c4cccn4[B-]3(F)F)c3ccccc32)cc1,1,[BH2-]1C2=C(c3ccccc3)c3ccccc3C2=C(c2ccccc2)c2cccn21,0.7007144,-1.1145,0.0279059,1.145,0.9999992,452.289,0.9228376,3.0751,1.0,1.0,1.0,1.0,1.0,1.0,1.0,1.0,400,11.508331,-10.408657
27.8319,30.991,-14.8927,0.2515355,O=C1c2c(n(C(=O)c3ccccc3)c3ccccc23)C(=Cc2ccccc2)N1c1ccccc1,1,O=C1c2c(n(C(=O)c3ccccc3)c3ccccc23)C(=Cc2ccccc2)N1c1ccccc1,0.0976342,-6.1217,0.0242607,0.9889,0.9999976,440.502,0.9583724,2.4352,1.0,1.0,1.0,1.0,1.0,1.0,1.0,1.0,120,-2.6624973,1.8280251
19.657,32.4255,-0.8248,0.4937612,F[B-]1(F)C2=C(C=C[N+]2=C2c3cccn3[B-](F)(F)n3cccc32)C(F)(F)C(F)(F)c2cccn21,1,[BH2-]1C2=C(C=C[N+]2=C2c3cccn3[BH2-]n3cccc32)CCc2cccn21,0.7881926,-0.3599,0.0245334,1.0014,0.9999998,468.933,0.5848991,5.1649,1.0,1.0,1.0,1.0,1.0,1.0,1.0,1.0,200,32.422073,-19.534908
45.2012,56.3111,-36.374,0.3115179,Cc1ccc(-c2cc3c(nc4c(=C5c6ccccc6Oc6ccccc65)nnc2-4)=NN=C(c2ccccc2)C3)cc1,1,c1ccc(C2=NN=c3nc4c(=C5c6ccccc6Oc6ccccc65)nnc-4c(-c4ccccc4)cc3C2)cc1,0.1991554,-4.7663,0.0158334,0.5163,1.0,529.603,0.9114106,3.2223,1.0,1.0,1.0,1.0,1.0,1.0,1.0,1.0,140,5.4205747,-17.491522
15.2501,16.6881,-9.7858,0.1078473,Brc1ccc(C=NN=Cc2ccccc2)cc1,1,C(=NN=Cc1ccccc1)c1ccccc1,0.0267744,-8.3519,0.0127701,0.2794,0.2345837,287.16,0.9718053,2.0408,1.0,1.0,1.0,1.0,1.0,1.0,1.0,1.0,80,-4.0029635,-17.29063
25.6874,24.9428,-24.5678,0.0058585,O=P1(c2ccccc2)c2ccccc2CN1c1ccc(Br)cc1,1,O=P1(c2ccccc2)c2ccccc2CN1c1ccccc1,9.2e-06,-21.384,0.0113078,0.1458,0.9995722,384.213,0.9096813,3.243,1.0,1.0,1.0,1.0,1.0,1.0,1.0,1.0,60,-13.502473,11.562278
16.07,29.9351,4.7014,0.5411943,F[B-]1(F)c2cc(Cl)cc(Cl)c2C(=C2C=CC(Cl)=C2)c2cccn21,1,[BH2-]1c2ccccc2C(=C2C=CC=C2)c2cccn21,0.7327449,-0.8574,0.0275689,1.1314,0.99833,369.414,0.8315626,3.9397,1.0,1.0,1.0,1.0,1.0,1.0,1.0,1.0,320,28.87503,-12.293484
26.751,36.7898,-26.2527,0.1646411,O=C1C=C(c2ccccc2)C2=CC(c3ccnc4ccccc34)c3ccccc3C12,1,O=C1C=C(c2ccccc2)C2=CC(c3ccnc4ccccc34)c3ccccc3C12,0.0416268,-7.6081,0.0140318,0.3831,0.9996188,385.466,0.8925771,3.431,1.0,1.0,1.0,1.0,1.0,1.0,1.0,1.0,360,1.5324367,-6.3998814
28.9527,26.5902,-26.5902,0.0,CC(C)(C)c1cc2ccccc2c(C(F)(F)F)c1-c1ccccc1,1,c1ccc(-c2ccc3ccccc3c2)cc1,0.0,0.0,0.0,0.0,0.0,0.0,0.0,0.0,1.0,1.0,0.0,0.0,0.0,0.0,0.0,0.0,100,-19.105833,-6.451906
27.4284,28.52,-28.52,0.0,O=c1c2ccccc2c(C(=CC=C(c2ccccc2)c2ccccc2)c2ccccc2)c2ccccn12,1,O=c1c2ccccc2c(C(=CC=C(c2ccccc2)c2ccccc2)c2ccccc2)c2ccccn12,0.0,0.0,0.0,0.0,0.0,0.0,0.0,0.0,1.0,1.0,0.0,0.0,0.0,0.0,0.0,0.0,40,1.7843652,25.025946
20.4767,32.2589,-0.2648,0.4999079,F[B-]1(F)c2c(-c3ccc[nH]3)c3ccccc3c(=C3c4cccn4[B-](F)(F)n4cccc43)[n+]2=Cc2cccn21,1,[BH2-]1c2c(-c3ccc[nH]3)c3ccccc3c(=C3c4cccn4[BH2-]n4cccc43)[n+]2=Cc2cccn21,0.6993199,-1.1254,0.0258491,1.0595,1.0,510.092,0.697076,4.6856,1.0,1.0,1.0,1.0,1.0,1.0,1.0,1.0,280,33.67158,-16.071444
24.4594,26.8215,-9.8109,0.2657897,Cc1ccc(S(=O)(=O)n2c(-c3ccccc3)c(C=C3C(=O)CC(C)(C)CC3=O)c3ccccc32)cc1,1,O=C1CCCC(=O)C1=Cc1c(-c2ccccc2)n(S(=O)(=O)c2ccccc2)c2ccccc12,0.1280794,-5.6237,0.0162894,0.5476,1.0,497.616,0.9473071,2.6768,1.0,1.0,1.0,1.0,1.0,1.0,1.0,1.0,300,-11.230147,-4.4782643
21.1665,29.6101,8.7566,0.5994794,Cn1cccc1C1=C2C=C(c3ccccc3)C(c3ccncc3)=[N+]2[B-](F)(F)n2cccc21,1,[BH2-]1n2cccc2C(c2ccc[nH]2)=C2C=C(c3ccccc3)C(c3ccncc3)=[N+]12,0.8274635,0.0533,0.038396,1.5032,0.9999893,424.263,0.8707035,3.6364,1.0,1.0,1.0,1.0,1.0,1.0,1.0,1.0,340,20.48309,-7.3350706
22.9003,35.6704,-10.2112,0.397801,O=C1C(=Cc2ccc(Br)cc2-c2ccccc2)c2ccccc2C1=C1c2ccccc2-c2ccccc21,1,O=C1C(=Cc2ccccc2-c2ccccc2)c2ccccc2C1=C1c2ccccc2-c2ccccc21,0.3628237,-3.4171,0.0151099,0.4647,1.0,537.456,0.9540887,2.5352,1.0,1.0,1.0,1.0,1.0,1.0,1.0,1.0,260,-3.271522,11.901072
15.6182,34.6223,3.9743,0.603072,COC(=O)c1ccc(C2=C3c4ccccc4C(Cl)=[N+]3[B-](F)(F)n3c2cc(Br)c3Cl)cc1,1,[BH2-]1n2cccc2C(c2ccccc2)=C2c3ccccc3C=[N+]12,0.8450528,0.2626,0.0353211,1.4091,1.0,523.957,0.8934194,3.4224,1.0,1.0,1.0,1.0,1.0,1.0,1.0,1.0,340,14.638504,-2.6265473
24.9341,24.9823,-8.9679,0.2502244,COC1=C(O[Si](C)(C)C)C(=O)c2ccccc2C1=O,1,O=C1C=CC(=O)c2ccccc21,0.3042625,-3.847,0.0180655,0.6619,0.1018391,276.364,0.9523049,2.5743,1.0,1.0,1.0,1.0,1.0,1.0,1.0,1.0,20,-12.640126,6.9501367
26.883,37.1716,-6.3056,0.4822812,O=C1C2=C(c3ccccc3)C(c3ccc(Cl)cc3)=NC2=C(Cl)N1c1ccc(Br)cc1,1,O=C1C2=C(c3ccccc3)C(c3ccccc3)=NC2=CN1c1ccccc1,0.5021108,-2.4862,0.026074,1.0692,1.0,496.191,0.9492236,2.6387,1.0,1.0,1.0,1.0,1.0,1.0,1.0,1.0,240,4.890723,-3.2436008
31.6619,32.076,-30.0782,0.0312153,O=c1[n-]nc(-c2ccccn2)n1-c1ccccc1,1,O=c1[n-]nc(-c2ccccn2)n1-c1ccccc1,0.0078506,-10.3813,0.0183162,0.6772,0.0030785,237.242,0.9330329,2.9259,1.0,1.0,1.0,1.0,1.0,1.0,1.0,1.0,300,-0.3607109,1.6757075
12.9166,26.1199,9.5224,0.5569095,F[B-]1(F)C2=C(c3ccc[nH]3)c3ccccc3C2=C(c2ccccc2)c2cccn21,1,[BH2-]1C2=C(c3ccc[nH]3)c3ccccc3C2=C(c2ccccc2)c2cccn21,0.7484165,-0.7245,0.0268769,1.103,0.9994361,381.214,0.8976312,3.3784,1.0,1.0,1.0,1.0,1.0,1.0,1.0,1.0,260,29.479765,-13.487081
33.6934,33.6267,-33.4956,0.0020487,BrC1C2CC3C4C2C2c5ccccc5C1C1(Br)C3C4C21,1,c1ccc2c(c1)C1CC3CC4C5C3C2C2C1C4C52,1.4e-06,-24.4304,0.0190685,0.7217,0.9997936,392.134,0.2620466,6.5117,1.0,1.0,1.0,1.0,1.0,1.0,1.0,1.0,20,-17.303453,16.291613
25.2378,26.1557,-21.0782,0.0793358,O=c1c([O-])co[n+](=O)c2ccccc12,1,O=c1cco[n+](=O)c2ccccc12,0.5766268,-1.9969,0.0250699,1.0254,4.42e-05,191.142,0.8551216,3.7652,1.0,1.0,1.0,1.0,1.0,1.0,1.0,1.0,100,-21.394363,5.8894095
50.9948,53.1198,-52.8006,0.0049885,Cc1coc(C2CN(Cc3ccccc3)CCN2S(=S(#[N+][N-2])c2ccc(Cl)cc2)C(F)(F)F)c1,1,c1ccc(CN2CCN([SH]=[SH]c3ccccc3)C(c3ccco3)C2)cc1,6.9e-06,-21.8485,0.0118023,0.1928,1.0,528.045,0.7621076,4.3623,1.0,1.0,1.0,1.0,1.0,1.0,1.0,1.0,40,-19.020823,17.138523
26.4657,36.9442,-19.4339,0.2735989,C(c1cccc2ccccc12)=c1cc(-c2c(-c3ccccc3)ccc3ccccc23)c2cccc3cccc1c32,1,C(c1cccc2ccccc12)=c1cc(-c2c(-c3ccccc3)ccc3ccccc23)c2cccc3cccc1c32,0.1416334,-5.4344,0.0146787,0.4328,1.0,506.648,0.9534255,2.5499,1.0,1.0,1.0,1.0,1.0,1.0,1.0,1.0,200,-21.816357,-0.30308375
65.3581,68.6079,-44.6764,0.3739285,C[N+]1=C(C2Sc3ccccc3N2c2ccccc2)C(c2ccc(-c3oc4c5c(cccc35)-c3ccccc3-4)nc2[O-])CC1,1,c1ccc(N2c3ccccc3SC2C2=[NH+]CCC2c2ccc(-c3oc4c5c(cccc35)-c3ccccc3-4)nc2)cc1,0.3474117,-3.5267,0.0182731,0.6746,1.0,577.709,0.7627451,4.3589,1.0,1.0,1.0,1.0,1.0,1.0,1.0,1.0,80,-0.52087355,9.078583
15.7664,17.4915,-16.7362,0.0118026,O=[N+]([O-])c1ccc(-c2ccccn2)cc1,1,c1ccc(-c2ccccn2)cc1,0.0035511,-11.6803,0.0115835,0.1723,0.0001018,200.197,0.9813397,1.628,1.0,1.0,1.0,1.0,1.0,1.0,1.0,1.0,280,-12.303771,-14.180669
17.1071,32.5399,4.5453,0.5794562,Cc1ccc(C2=[N+]3C(=C(c4ccc(Cl)cc4)c4c(Br)c(Cl)c(Cl)n4[B-]3(F)F)[B-](F)(F)n3cccc32)cc1,1,[BH2-]1C2=C(c3ccccc3)c3cccn3[BH2-][N+]2=C(c2ccccc2)c2cccn21,0.8104974,-0.1332,0.0363654,1.4419,0.9999999,628.276,0.8171753,4.0369,1.0,1.0,1.0,1.0,1.0,1.0,1.0,1.0,340,25.004284,-3.6175578
14.1159,34.578,0.5711,0.5492047,O=[N+]([O-])c1ccc(C2=c3c(c(-c4ccccn4)c4cccn34)[B-](F)(F)n3c(Br)ccc32)cc1,1,[BH2-]1c2c(-c3ccccn3)c3cccn3c2=C(c2ccccc2)c2cccn21,0.7109753,-1.0341,0.029637,1.2122,1.0,506.095,0.8810058,3.5437,1.0,1.0,1.0,1.0,1.0,1.0,1.0,1.0,380,28.594545,-7.636577
9.4717,26.3696,11.3995,0.5901427,F[B-]1(F)C2=C(c3ccc[nH]3)c3cccn3[B-](F)(F)C2=C(c2ccncc2)c2cccn21,1,[BH2-]1C2=C(c3ccc[nH]3)c3cccn3[BH2-]C2=C(c2ccncc2)c2cccn21,0.8750429,0.6698,0.0374947,1.4764,0.9999841,419.987,0.7761332,4.2851,1.0,1.0,1.0,1.0,1.0,1.0,1.0,1.0,300,32.546074,-12.755182
40.5671,44.3847,-21.9016,0.3512973,Cc1c(C([O-])=C2C=N[N+](=O)C=[N+]2C)c(=O)c(Cl)c(Cl)n1[O-],1,O=c1cc[nH]cc1C=C1C=N[N+](=O)C=[NH+]1,0.3588581,-3.4451,0.0182992,0.6761,0.9461295,331.115,0.6148713,5.0428,1.0,1.0,1.0,1.0,1.0,1.0,1.0,1.0,400,5.2557735,-21.174898
57.8445,60.4919,-57.9936,0.0390365,COC(=O)C1=CCC2C1(C)CCC1C3C4(C)CC(O)C5=C(C(=O)c6cc(-c7ccccc7)ccc6CO5)C4CCC123,1,O=C1C2=C(CCC3C2CCC24C5CC=CC5CCC2C34)OCc2ccc(-c3ccccc3)cc21,0.0016957,-12.8872,0.0122674,0.2353,1.0,550.695,0.522634,5.4115,1.0,1.0,1.0,1.0,1.0,1.0,1.0,1.0,60,-20.924234,20.204678
19.5828,21.6131,-4.6817,0.2645527,CN1C(=O)c2ccccc2C(=O)C1=Cc1ccc(Br)cc1,1,O=C1NC(=Cc2ccccc2)C(=O)c2ccccc21,0.1268113,-5.6423,0.0158546,0.5177,0.9798861,342.192,0.9669788,2.2001,1.0,1.0,1.0,1.0,1.0,1.0,1.0,1.0,240,-9.222996,2.2031593
20.2953,26.2269,3.8781,0.4703916,c1ccc2c(-c3cccc4c(-c5c6ccccc6cc6ccccc56)cccc34)c3ccccc3cc2c1,1,c1ccc2c(-c3cccc4c(-c5c6ccccc6cc6ccccc56)cccc34)c3ccccc3cc2c1,0.5247692,-2.3385,0.0170824,0.6001,0.9999999,480.61,0.9775476,1.8125,1.0,1.0,1.0,1.0,1.0,1.0,1.0,1.0,80,-28.442762,-6.2242155
33.9495,35.0429,-14.2759,0.3244847,COc1ccc2c(c1)C(c1c(OC)cc3ccccc3[n+]1[O-])=CC2,1,C1=C(c2ccc3ccccc3[nH+]2)c2ccccc2C1,0.2070249,-4.6871,0.0227914,0.9195,0.8560818,319.36,0.9407931,2.7975,1.0,1.0,1.0,1.0,1.0,1.0,1.0,1.0,300,-17.519075,-2.5454113
19.2385,19.4784,-11.7452,0.1208313,C[S+]=C([S-])NN=C1C(=O)Nc2ccccc21,1,N=C1C(=O)Nc2ccccc21,0.1435624,-5.4087,0.0182474,0.673,0.0111829,251.336,0.857878,3.7433,1.0,1.0,1.0,1.0,1.0,1.0,1.0,1.0,80,-20.431543,12.261374
36.8478,38.4698,-38.4698,0.0,CC(=NC(=O)c1ccncc1)c1ccc(C(=O)N=Cc2ccc(N=Nc3ccccc3)cc2)cc1,1,O=C(N=Cc1ccc(C(=O)N=Cc2ccc(N=Nc3ccccc3)cc2)cc1)c1ccncc1,0.0,0.0,0.0,0.0,0.0,0.0,0.0,0.0,1.0,1.0,0.0,0.0,0.0,0.0,0.0,0.0,40,6.651364,25.55566
26.628,27.1478,-27.1478,0.0,Cc1ccc(N(C(=O)C=Cc2ccc(-c3ccccc3)cc2)S(=O)(=O)c2ccc(C)cc2)cc1,1,O=C(C=Cc1ccc(-c2ccccc2)cc1)N(c1ccccc1)S(=O)(=O)c1ccccc1,0.0,0.0,0.0,0.0,0.0,0.0,0.0,0.0,1.0,1.0,0.0,0.0,0.0,0.0,0.0,0.0,40,1.9215146,-11.096479
21.4926,18.9343,-9.9393,0.1405479,COc1ccc(C=NNc2ccc([N+](=O)[O-])cc2)cc1O,1,C(=NNc1ccccc1)c1ccccc1,0.0466864,-7.4127,0.0184363,0.6844,0.2364907,287.275,0.9712142,2.0617,1.0,1.0,1.0,1.0,1.0,1.0,1.0,1.0,200,-9.403205,-16.288647
34.0303,33.1156,-24.3668,0.1367002,COc1ccc2cc(N(C)C)ccc2c1-c1c(N(C)C#N)ccc2cccc(N(C)C)c12,1,c1ccc2c(-c3cccc4ccccc34)cccc2c1,0.0269431,-8.3413,0.0110506,0.1205,0.9999896,424.548,0.935632,2.8845,1.0,1.0,1.0,1.0,1.0,1.0,1.0,1.0,60,-30.169613,-12.12321
33.8126,46.6251,-17.8804,0.4491352,O=c1oc(-c2cccc(Br)c2C(=NNc2ccccc2)c2c3ccccc3cc3ccccc23)cc2ccccc12,1,O=c1oc(-c2ccccc2C(=NNc2ccccc2)c2c3ccccc3cc3ccccc23)cc2ccccc12,0.4700931,-2.6951,0.0182698,0.6744,1.0,595.496,0.9425652,2.7659,1.0,1.0,1.0,1.0,1.0,1.0,1.0,1.0,200,-30.724737,-5.415483
17.1803,24.4252,-8.2189,0.2532245,COc1ccc2cccc(C3=Cc4ccccc4C3=O)c2c1,1,O=C1C(c2cccc3ccccc23)=Cc2ccccc21,0.2285161,-4.4815,0.0150915,0.4633,0.2211366,286.33,0.9698128,2.1096,1.0,1.0,1.0,1.0,1.0,1.0,1.0,1.0,180,-16.498667,5.426135
19.5616,23.3474,-15.3988,0.1241959,F[B-]1(F)[S+]=C(Cc2ccccc2)c2cccn21,1,[BH2-]1[S+]=C(Cc2ccccc2)c2cccn21,0.1667997,-5.1196,0.0186691,0.6983,0.0091156,249.094,0.8657261,3.6789,1.0,1.0,1.0,1.0,1.0,1.0,1.0,1.0,280,21.4061,-13.278291
46.037,54.818,-40.4156,0.2250374,O=C1c2ccccc2C(=O)N1C1=[S+]C(Nc2ccccc2Cl)=CC1=c1[se]c2ccccc2c1=C(c1ccccc1)c1ccccc1,1,O=C1c2ccccc2C(=O)N1C1=[S+]C(Nc2ccccc2)=CC1=c1[se]c2ccccc2c1=C(c1ccccc1)c1ccccc1,0.0838393,-6.3945,0.0195285,0.7481,0.9999079,699.113,0.8825001,3.5297,1.0,1.0,1.0,1.0,1.0,1.0,1.0,1.0,220,0.13702938,17.81107
23.3874,30.9294,-3.5565,0.4277016,Cc1ccc(C(c2ccccc2)=[N+]2C3=Cc4ccccc4[B-]3(c3ccccc3)c3ccccc32)cc1,1,C1=C2[N+](=C(c3ccccc3)c3ccccc3)c3ccccc3[B-]2(c2ccccc2)c2ccccc21,0.3808093,-3.2917,0.0321924,1.3049,0.9999996,459.401,0.8408989,3.8731,1.0,1.0,1.0,1.0,1.0,1.0,1.0,1.0,160,-5.1251807,19.959753
34.4076,37.5236,-26.9733,0.1648482,O=C1C(=CC2=NCCC23C(=O)Nc2c(Cl)cccc23)C(=O)c2ccccc21,1,O=C1C(=CC2=NCCC23C(=O)Nc2ccccc23)C(=O)c2ccccc21,0.0451464,-7.4699,0.0129653,0.2961,0.9991534,376.799,0.8326731,3.932,1.0,1.0,1.0,1.0,1.0,1.0,1.0,1.0,120,-6.128471,9.891441
28.9154,39.3162,-21.2892,0.2816722,O=[N+]([O-])c1ccc(NN=C2c3ccccc3CN2C(=S)NN=C2c3ccccc3-c3ccccc32)cc1,1,S=C(NN=C1c2ccccc2-c2ccccc21)N1Cc2ccccc2C1=NNc1ccccc1,0.1503478,-5.3205,0.0161528,0.5383,1.0,504.575,0.9346093,2.901,1.0,1.0,1.0,1.0,1.0,1.0,1.0,1.0,240,-9.09694,-13.805086
34.2612,32.9556,-32.4598,0.0077475,COc1ccc(OC(=O)Nc2cc(C(=O)Nc3ccc(C(F)(F)F)cc3)ccc2OC)cc1,1,O=C(Nc1cccc(C(=O)Nc2ccccc2)c1)Oc1ccccc1,1.77e-05,-20.3229,0.0115416,0.1683,0.9999996,460.408,0.9726434,2.0105,1.0,1.0,1.0,1.0,1.0,1.0,1.0,1.0,40,-1.9805168,-24.987988
33.476,32.9694,-32.6091,0.0056294,Cc1[nH]c2nnnn2c(=O)c1C1(O)CC2CCC1(C)C2(C)C,1,O=c1c(C2CC3CCC2C3)c[nH]c2nnnn12,1.31e-05,-20.8156,0.0192137,0.7301,0.5768901,303.366,0.5699561,5.2248,1.0,1.0,1.0,1.0,1.0,1.0,1.0,1.0,20,-24.158962,20.967922
19.8099,27.8382,6.8264,0.5416331,O=C1Nc2ccccc2C1=C1OC(=O)C(Br)=C1c1ccccc1,1,O=C1C=C(c2ccccc2)C(=C2C(=O)Nc3ccccc32)O1,0.6155919,-1.7331,0.0348243,1.3932,0.9981304,368.186,0.9525356,2.5693,1.0,1.0,1.0,1.0,1.0,1.0,1.0,1.0,220,-3.8041542,6.7047777
21.0961,21.6973,-17.7536,0.061621,O=C1C=C(c2ccccc2[N+](=O)[O-])c2ccccc21,1,O=C1C=C(c2ccccc2)c2ccccc21,0.0265283,-8.3673,0.0127695,0.2794,0.0110866,251.241,0.9681317,2.1642,1.0,1.0,1.0,1.0,1.0,1.0,1.0,1.0,60,-13.9935,9.558603
23.5019,26.2717,-19.1056,0.1119713,c1ccc(Nc2cc3ccccc3c3c2[nH]c2ccccc23)cc1,1,c1ccc(Nc2cc3ccccc3c3c2[nH]c2ccccc23)cc1,0.0164051,-9.1669,0.0171533,0.6047,0.6839955,308.384,0.9723223,2.0222,1.0,1.0,1.0,1.0,1.0,1.0,1.0,1.0,80,-22.529802,-9.131831
13.0128,24.1761,7.7139,0.4982818,Cc1ccc(C2=c3ccccc3=C(c3ccccc3)C2=C(c2ccccc2)c2ccccc2)cc1,1,c1ccc(C(=C2C(c3ccccc3)=c3ccccc3=C2c2ccccc2)c2ccccc2)cc1,0.5699955,-2.041,0.0215787,0.8587,0.9999986,446.593,0.9669968,2.1995,1.0,1.0,1.0,1.0,1.0,1.0,1.0,1.0,380,2.087514,18.469519
58.3469,73.8032,-54.6277,0.2996176,CSC1=[S+]SSSC2=[N+]3C(=C(c4ccccc4)C4=C(c5ccccc5)c5ccccc5C4=Cc4ccccc43)C3=CC=CC32[N-]1,1,C1=CC23[N-]C=[S+]SSSC2=[N+]2C(=C(c4ccccc4)C4=C(c5ccccc5)c5ccccc5C4=Cc4ccccc42)C3=C1,0.2463132,-4.3214,0.0181458,0.6668,0.9999937,669.967,0.5757428,5.2017,1.0,1.0,1.0,1.0,1.0,1.0,1.0,1.0,120,2.2972229,11.520001
38.5119,38.6075,-38.6075,0.0,CC(C)(C)C1OC(c2ccccc2)C2C3(C)[N-]C2(O1)[N+]3=O,1,O=[N+]1C2[N-]C13OCOC(c1ccccc1)C23,0.0,0.0,0.0,0.0,0.0,0.0,0.0,0.0,1.0,1.0,0.0,0.0,0.0,0.0,0.0,0.0,20,-21.130566,-22.24173
29.6793,38.6424,-18.1831,0.3196767,C=C1C2=C(CC3(O)c4ccccc4C(=Cc4ccccc4)C13)C(=O)c1ccccc12,1,C=C1C2=C(CC3c4ccccc4C(=Cc4ccccc4)C13)C(=O)c1ccccc12,0.2186833,-4.5738,0.0164066,0.5555,0.9997108,388.466,0.8666697,3.6709,1.0,1.0,1.0,1.0,1.0,1.0,1.0,1.0,140,-9.878423,7.585409
22.3097,28.3899,2.2727,0.4791026,c1ccc2c(c1)CCC2=NNCc1c2ccccc2cc2ccccc12,1,c1ccc2c(c1)CCC2=NNCc1c2ccccc2cc2ccccc12,0.5778589,-1.9886,0.0160131,0.5287,0.9663028,336.438,0.9598151,2.3992,1.0,1.0,1.0,1.0,1.0,1.0,1.0,1.0,280,-29.444227,-3.7828445
24.6266,28.7903,-7.9745,0.3252482,O=c1c2ccc(-c3ccccc3)c(=O)n2c(=O)c2cccn12,1,O=c1c2ccc(-c3ccccc3)c(=O)n2c(=O)c2cccn12,0.3472163,-3.5281,0.0209393,0.8254,0.289991,290.278,0.9587684,2.4254,1.0,1.0,1.0,1.0,1.0,1.0,1.0,1.0,160,-0.09265624,-1.2224762
32.293,33.3839,-27.046,0.0990305,O=c1ccc2c3c(ccc2o1)Oc1ccc2ccccc2c1NC3c1ccccc1,1,O=c1ccc2c3c(ccc2o1)Oc1ccc2ccccc2c1NC3c1ccccc1,0.0105033,-9.9028,0.0167502,0.5784,0.9997798,391.426,0.9306021,2.9633,1.0,1.0,1.0,1.0,1.0,1.0,1.0,1.0,120,-22.281324,6.9081254
16.4864,18.0494,-13.555,0.0702258,O=[N+]([O-])c1ccc(C=NN=Cc2ccncc2)cc1,1,C(=NN=Cc1ccncc1)c1ccccc1,0.0320849,-8.0483,0.0136781,0.355,0.0145742,254.249,0.9609181,2.3709,1.0,1.0,1.0,1.0,1.0,1.0,1.0,1.0,180,-4.3602004,-17.561255
12.4576,30.8997,6.5534,0.5852047,F[B-]1(F)n2c(Cl)ccc2C(c2ccc3ccccc3c2)=C2c3ccccc3C=[N+]21,1,[BH2-]1n2cccc2C(c2ccc3ccccc3c2)=C2c3ccccc3C=[N+]12,0.8525395,0.3576,0.0264815,1.0865,0.9999216,402.64,0.8974917,3.3799,1.0,1.0,1.0,1.0,1.0,1.0,1.0,1.0,340,17.77478,-17.628883
38.4093,41.4799,-34.0663,0.1158363,Cc1cccc(N(c2ccc(-c3ccc(N(c4ccccc4)c4ccccc4)cc3)[nH]2)c2cc(C)cc(C)c2C)c1,1,c1ccc(N(c2ccccc2)c2ccc(-c3ccc(N(c4ccccc4)c4ccccc4)[nH]3)cc2)cc1,0.0149048,-9.3256,0.0190127,0.7185,1.0,533.719,0.9413425,2.7878,1.0,1.0,1.0,1.0,1.0,1.0,1.0,1.0,60,-0.08109216,30.190592
22.4995,26.5727,-26.5727,0.0,C(=Cc1cc2cccc(-c3ccccc3)c2c2ccccc12)c1ccccc1,1,C(=Cc1cc2cccc(-c3ccccc3)c2c2ccccc12)c1ccccc1,0.0,0.0,0.0,0.0,0.0,0.0,0.0,0.0,1.0,1.0,0.0,0.0,0.0,0.0,0.0,0.0,160,-16.27868,-5.2677236
23.8963,33.9499,-23.2533,0.1671334,O=C1B2N(N=Cc3ccccc31)C(c1ccccc1)=NN2c1ccccc1,1,O=C1B2N(N=Cc3ccccc31)C(c1ccccc1)=NN2c1ccccc1,0.0412494,-7.6236,0.0153936,0.4852,0.9902691,350.19,0.9197663,3.1165,1.0,1.0,1.0,1.0,1.0,1.0,1.0,1.0,220,1.944489,1.2281613
48.3336,47.2119,-42.4109,0.0750165,O=C1CC(c2ccc3c(c2)OCO3)C(c2ccc3c(c2)OCO3)N1S(=O)(=O)C1CCc2ccccc2[N+]1=O,1,O=C1CC(c2ccc3c(c2)OCO3)C(c2ccc3c(c2)OCO3)N1S(=O)(=O)C1CCc2ccccc2[N+]1=O,0.0064653,-10.6997,0.0124668,0.253,1.0,535.554,0.7869617,4.2231,1.0,1.0,1.0,1.0,1.0,1.0,1.0,1.0,40,-23.950985,12.921771
16.4835,17.7594,-4.2186,0.2115752,O=C1Nc2ccccc2C1=NNC(=S)N1CCOCC1,1,O=C1Nc2ccccc2C1=NNC(=S)N1CCOCC1,0.1218455,-5.7166,0.0184742,0.6867,0.2913198,290.348,0.9489281,2.6446,1.0,1.0,1.0,1.0,1.0,1.0,1.0,1.0,180,-20.80855,12.518472
11.0823,20.6222,-20.6222,0.0,F[B-]1(F)n2cccc2C(c2ccc(Cl)cc2)=C2C=CC(Br)=[N+]21,1,[BH2-]1n2cccc2C(c2ccccc2)=C2C=CC=[N+]12,0.8588145,0.4404,0.0404823,1.563,0.9994465,381.416,0.8562192,3.7565,1.0,1.0,1.0,1.0,1.0,1.0,1.0,1.0,240,23.179852,-10.149656
20.8298,20.4156,-20.4156,0.0,COc1cc(C#Cc2ccccc2)cc(C=O)c1O,1,C(#Cc1ccccc1)c1ccccc1,0.0,0.0,0.0,0.0,0.0,0.0,0.0,0.0,1.0,1.0,0.0,0.0,0.0,0.0,0.0,0.0,20,8.404727,25.723454
45.7472,46.4452,-45.256,0.0185816,CC1CCC2(C)C(=CCC3C4(C)CC(=O)C5C(CO)=CCCC5C4C(O)CC32C)C1,1,O=C1CC2C(CCC3C4CCCCC4=CCC32)C2CCC=CC12,0.0002113,-16.2813,0.0164704,0.5598,0.9999687,412.614,0.6011013,5.0993,1.0,1.0,1.0,1.0,1.0,1.0,1.0,1.0,20,-22.735828,22.888306
17.5079,32.7523,5.0602,0.5908201,F[B-]1(F)n2ccnc2C(c2cccs2)=C2c3ccccc3C(c3ccccn3)=[N+]21,1,[BH2-]1n2ccnc2C(c2cccs2)=C2c3ccccc3C(c3ccccn3)=[N+]12,0.8067154,-0.173,0.0356928,1.4209,0.9999186,402.238,0.8831919,3.5232,1.0,1.0,1.0,1.0,1.0,1.0,1.0,1.0,400,12.691716,-5.6666446
16.2936,30.4395,8.5081,0.6085567,Oc1ccc(C2=C3C=CC(c4cccs4)=[N+]3[B-](F)(F)n3cccc32)cc1,1,[BH2-]1n2cccc2C(c2ccccc2)=C2C=CC(c3cccs3)=[N+]12,0.868558,0.5752,0.0376941,1.4824,0.9977562,366.201,0.8666246,3.6713,1.0,1.0,1.0,1.0,1.0,1.0,1.0,1.0,320,24.164326,-11.594438
7.0897,27.3982,-27.3982,0.0,F[B-]1(F)n2cccc2C(c2ccccc2)=C2C=C(Cl)C(Cl)=[N+]21,1,[BH2-]1n2cccc2C(c2ccccc2)=C2C=CC=[N+]12,0.8065154,-0.1751,0.0420049,1.6048,0.9678481,336.965,0.8603814,3.7231,1.0,1.0,1.0,1.0,1.0,1.0,1.0,1.0,260,21.839529,-9.769941
26.9809,40.051,-25.2488,0.2312841,F[B-]1(F)N2C(=C(c3ccc(Cl)cc3)c3cccn31)O[B-](F)(F)[N+](c1ccccc1)=C2c1ccccc1Cl,1,[BH2-]1N2C(=C(c3ccccc3)c3cccn31)O[BH2-][N+](c1ccccc1)=C2c1ccccc1,0.0920495,-6.2277,0.0204017,0.7965,1.0,542.945,0.8405951,3.8753,1.0,1.0,1.0,1.0,1.0,1.0,1.0,1.0,340,21.635693,-4.0175614
12.5615,18.8501,-18.8501,0.0,C1=C(c2ccccc2)C(=C2c3ccccc3-c3ccccc32)c2ccccc21,1,C1=C(c2ccccc2)C(=C2c3ccccc3-c3ccccc32)c2ccccc21,0.3452951,-3.542,0.0165967,0.5682,0.9934075,354.452,0.9695987,2.1167,1.0,1.0,1.0,1.0,1.0,1.0,1.0,1.0,220,-1.9473977,12.707462
24.2712,33.8119,-6.3411,0.4292313,O=C1C(OCc2ccccc2)=C2C(c3ccccc3)=C(c3ccccc3)C(Cl)=C2c2ccccc21,1,O=C1C(OCc2ccccc2)=C2C(=CC(c3ccccc3)=C2c2ccccc2)c2ccccc21,0.4104131,-3.09,0.0189467,0.7146,0.9999999,472.971,0.9542891,2.5308,1.0,1.0,1.0,1.0,1.0,1.0,1.0,1.0,280,5.3242373,12.47107
15.1376,29.3971,3.4783,0.5136775,Cc1ccc(-c2c3c(n4cccc24)=C(c2ccccn2)c2cccn2[B-]3(F)F)cc1,1,[BH2-]1c2c(-c3ccccc3)c3cccn3c2=C(c2ccccn2)c2cccn21,0.5976028,-1.8559,0.0289635,1.1865,0.9998585,396.229,0.8937974,3.4185,1.0,1.0,1.0,1.0,1.0,1.0,1.0,1.0,280,28.82856,-9.234183
16.3488,33.2176,3.977,0.5811659,Oc1ccc(C2=c3[nH]c4ccccc4c3=[N+](c3ccccc3)[B-](F)(F)n3cccc32)cc1,1,[BH2-]1n2cccc2C(c2ccccc2)=c2[nH]c3ccccc3c2=[N+]1c1ccccc1,0.7793919,-0.4445,0.033864,1.3617,0.9999902,425.247,0.8933371,3.4232,1.0,1.0,1.0,1.0,1.0,1.0,1.0,1.0,320,15.039658,-10.699326
28.1548,33.2448,-0.7844,0.5071943,Brc1ccc(C2=C(c3ccccc3)C(=C3c4ccccc4-c4ccccc43)C(=Nc3ccccc3)N2c2ccccc2)cc1,1,c1ccc(N=C2C(=C3c4ccccc4-c4ccccc43)C(c3ccccc3)=C(c3ccccc3)N2c2ccccc2)cc1,0.6349275,-1.5987,0.0186754,0.6986,0.9999999,627.585,0.9441177,2.7376,1.0,1.0,1.0,1.0,1.0,1.0,1.0,1.0,340,-0.26606965,11.928089
25.1426,28.2143,-24.04,0.0652222,C1=NCc2ccccc2[Si](c2ccccc2)(c2ccccc2)Oc2ccc3ccccc3c21,1,C1=NCc2ccccc2[Si](c2ccccc2)(c2ccccc2)Oc2ccc3ccccc3c21,0.0034821,-11.7124,0.0226107,0.9106,0.9999979,441.606,0.8737573,3.6096,1.0,1.0,1.0,1.0,1.0,1.0,1.0,1.0,60,-14.888159,-3.6743617
35.1895,47.0221,-11.3122,0.5579675,COc1cc(C2=C3C=CC(Cl)=[N+]3[B-](F)(F)n3cc4ccccc4c32)cc([Si](F)(F)F)c1OC,1,[BH2-]1n2cc3ccccc3c2C(c2ccccc2)=C2C=CC=[N+]12,0.7919691,-0.3228,0.0304398,1.2422,1.0,496.704,0.7982007,4.1563,1.0,1.0,1.0,1.0,1.0,1.0,1.0,1.0,300,11.732692,-13.816014
18.4115,25.3448,-9.604,0.2459503,Brc1ccc(-c2c3c4ccccc4cccc-3c3ccccc23)cc1,1,c1ccc(-c2c3c4ccccc4cccc-3c3ccccc23)cc1,0.1060277,-5.9721,0.0147079,0.435,0.9995341,383.288,0.9769057,1.8407,1.0,1.0,1.0,1.0,1.0,1.0,1.0,1.0,220,-22.743711,-1.6838204
29.3466,29.512,-27.6766,0.028678,COC(=O)C1Cc2c(oc3ccccc3c2=O)N1C(=O)c1ccccc1,1,O=C(c1ccccc1)N1CCc2c1oc1ccccc1c2=O,0.0004953,-14.8933,0.0124245,0.2493,0.9894869,349.342,0.9366634,2.8677,1.0,1.0,1.0,1.0,1.0,1.0,1.0,1.0,60,-7.8619103,22.196655
25.4044,24.7656,-24.7656,0.0,CC(C)(NC(=O)OCC(=O)OCc1ccccc1)C(=O)OCc1ccccc1,1,O=C(CNC(=O)OCC(=O)OCc1ccccc1)OCc1ccccc1,0.0,0.0,0.0,0.0,0.0,0.0,0.0,0.0,1.0,1.0,0.0,0.0,0.0,0.0,0.0,0.0,20,-14.347563,24.902634
25.4851,25.3624,-25.3624,0.0,O=C(COC(=O)c1cccnc1Cl)c1ccc(-c2ccccc2)cc1,1,O=C(COC(=O)c1cccnc1)c1ccc(-c2ccccc2)cc1,0.0,0.0,0.0,0.0,0.0,0.0,0.0,0.0,1.0,1.0,0.0,0.0,0.0,0.0,0.0,0.0,20,-20.704107,3.9698846
35.3142,40.6786,-11.7463,0.4520662,Cc1ccc(CC2=C3C4=[N+](C(=O)c5ccccc54)[B-](F)(F)N3Cc3ccccc32)cc1,1,O=C1c2ccccc2C2=[N+]1[BH2-]N1Cc3ccccc3C(Cc3ccccc3)=C21,0.4374716,-2.9095,0.0270054,1.1083,0.9999676,412.248,0.9043995,3.3042,1.0,1.0,1.0,1.0,1.0,1.0,1.0,1.0,160,6.805217,-7.628262
29.8602,41.9676,-19.8256,0.3459688,F[B-]1(F)c2ncccc2N=C(c2ccc(C(=C3c4ccccc4C=[N+]3c3ccccc3)c3ccccc3)cc2)N1c1ccccc1,1,[BH2-]1c2ncccc2N=C(c2ccc(C(=C3c4ccccc4C=[N+]3c3ccccc3)c3ccccc3)cc2)N1c1ccccc1,0.2492691,-4.2956,0.0202716,0.7895,1.0,600.481,0.871762,3.6271,1.0,1.0,1.0,1.0,1.0,1.0,1.0,1.0,220,19.575539,6.606256
35.6408,40.9671,-6.7496,0.5346483,COc1ccc(C2=C(C(=C3C=C(Cl)C(=O)C(Cl)=C3Cl)c3ccc(F)cc3)C(F)(F)C(c3ccc(OC)cc3)=C2c2ccc(OC)cc2)cc1,1,O=C1C=CC(=C(C2=C(c3ccccc3)C(c3ccccc3)=C(c3ccccc3)C2)c2ccccc2)C=C1,0.6995283,-1.1237,0.0233341,0.9456,0.999243,721.986,0.9065228,3.28,1.0,1.0,1.0,1.0,1.0,1.0,1.0,1.0,360,10.325589,-11.139444
23.6273,23.9975,-20.212,0.059149,O=c1c2ccccc2n(S(=O)(=O)Cc2ccccc2)c2ccccc12,1,O=c1c2ccccc2n(S(=O)(=O)Cc2ccccc2)c2ccccc12,0.0030701,-11.9182,0.0118817,0.2002,0.9895529,349.411,0.970333,2.092,1.0,1.0,1.0,1.0,1.0,1.0,1.0,1.0,20,-22.008682,-13.342571
42.1482,49.6064,-42.3876,0.112794,COC1=Cc2cc(-c3ccccc3)c(C3CCCC3c3ccccc3)c(-c3ccccc3)c2CC1=Cc1ccccc1,1,C1=Cc2cc(-c3ccccc3)c(C3CCCC3c3ccccc3)c(-c3ccccc3)c2CC1=Cc1ccccc1,0.0140524,-9.4229,0.0219879,0.8796,1.0,544.738,0.8782047,3.5696,1.0,1.0,1.0,1.0,1.0,1.0,1.0,1.0,260,6.8183,15.747734
14.3847,29.4376,5.9669,0.5531948,FC1=c2ccccc2=C2C1=C(c1cccs1)c1cccn1[B-]2(F)F,1,[BH2-]1C2=c3ccccc3=CC2=C(c2cccs2)c2cccn21,0.8005615,-0.2366,0.0241952,0.9859,0.9758421,340.158,0.8510689,3.7968,1.0,1.0,1.0,1.0,1.0,1.0,1.0,1.0,260,29.373398,-16.126919
8.6578,28.9139,-28.9139,0.0,F[B-]1(F)n2cccc2C(c2ccncc2)=C2C(Cl)=CC=[N+]21,1,[BH2-]1n2cccc2C(c2ccncc2)=C2C=CC=[N+]12,0.8697492,0.5923,0.0401935,1.5549,0.5800791,303.508,0.822211,4.0036,1.0,1.0,1.0,1.0,1.0,1.0,1.0,1.0,300,25.848642,-20.393135
26.4779,28.9853,-21.5902,0.1155482,NC(=O)NN=Cc1cc2c(cc1O)oc(=O)c1ccccc12,1,O=c1oc2ccccc2c2ccccc12,0.0206231,-8.7872,0.0214129,0.8502,0.4374683,297.27,0.9585632,2.4305,1.0,1.0,1.0,1.0,1.0,1.0,1.0,1.0,160,-19.810719,-4.696323
22.622,43.1963,-15.6855,0.4298556,[O-][N+]1=C(c2ccccc2)C(c2ccccn2)=C2C=CC(c3cc(F)cc(F)c3)=C21,1,C1=CC(c2ccccc2)=C2[NH+]=C(c3ccccc3)C(c3ccccn3)=C12,0.418754,-3.034,0.0194293,0.7424,0.9995789,384.385,0.9250072,3.045,1.0,1.0,1.0,1.0,1.0,1.0,1.0,1.0,380,10.085332,-6.2314754
27.8145,39.2578,-8.6532,0.4781961,O=c1c2c(n(-c3ccccc3)c3cc4ccccc4cc13)=C(c1ccccc1)C=C(c1ccccc1)OC=2c1ccccc1,1,O=c1c2c(n(-c3ccccc3)c3cc4ccccc4cc13)=C(c1ccccc1)C=C(c1ccccc1)OC=2c1ccccc1,0.5400602,-2.2385,0.0199763,0.7732,1.0,565.672,0.9339398,2.9116,1.0,1.0,1.0,1.0,1.0,1.0,1.0,1.0,160,0.2715858,2.3606884
22.1029,29.761,2.3514,0.501756,O=C1C(=Cc2c3ccccc3cc3ccccc23)c2cc(Br)ccc2C1O,1,O=C1Cc2ccccc2C1=Cc1c2ccccc2cc2ccccc12,0.575518,-2.0043,0.0244423,0.9972,0.9999756,415.286,0.9296044,2.9783,1.0,1.0,1.0,1.0,1.0,1.0,1.0,1.0,300,-29.875954,-1.9992161
22.6312,28.8034,-3.5104,0.3952031,C1=C(Nc2ccccc2)C(N=C(c2ccccc2)c2ccccc2)=NC1=Nc1ccccc1,1,C1=C(Nc2ccccc2)C(N=C(c2ccccc2)c2ccccc2)=NC1=Nc1ccccc1,0.354333,-3.4772,0.0159032,0.5211,0.9999913,426.523,0.9433681,2.7514,1.0,1.0,1.0,1.0,1.0,1.0,1.0,1.0,180,-0.22675681,24.078953
13.1441,22.0092,-22.0092,0.0,C1=C(c2ccccc2)C(c2ccccc2)=C(c2ccccc2)C1=C1C(c2ccccc2)=C(c2ccccc2)C(c2ccccc2)=C1c1ccccc1,1,C1=C(c2ccccc2)C(c2ccccc2)=C(c2ccccc2)C1=C1C(c2ccccc2)=C(c2ccccc2)C(c2ccccc2)=C1c1ccccc1,0.2982056,-3.8939,0.0150825,0.4627,0.9999973,660.86,0.9646154,2.27,1.0,1.0,1.0,1.0,1.0,1.0,1.0,1.0,240,6.8391604,13.35214
18.2084,23.0651,9.4818,0.508546,O=C1C(=Cc2ccccc2)N=C(c2ccccc2)N1N=Cc1ccccc1,1,O=C1C(=Cc2ccccc2)N=C(c2ccccc2)N1N=Cc1ccccc1,0.6229578,-1.6822,0.0194711,0.7448,0.9912935,351.409,0.9651971,2.2532,1.0,1.0,1.0,1.0,1.0,1.0,1.0,1.0,240,-1.3107489,3.9310353
22.7835,32.4935,-8.3117,0.3778414,CC1=C2C(=C(c3ccccc3)C(=O)C2C)C(=O)C(=C(c2ccccc2)c2ccccc2)C1=O,1,O=C1C=C2CC(=O)C(c3ccccc3)=C2C(=O)C1=C(c1ccccc1)c1ccccc1,0.3254204,-3.6872,0.0157911,0.5133,0.999994,430.503,0.9111295,3.2256,1.0,1.0,1.0,1.0,1.0,1.0,1.0,1.0,220,2.2207596,18.993353
20.8631,32.8229,-7.7897,0.3911433,Cc1ccc(C2=NC(c3ccc4ccccc4c3)=C(c3ccccc3)C2=Cc2ccccc2)cc1,1,C(=C1C(c2ccccc2)=NC(c2ccc3ccccc3c2)=C1c1ccccc1)c1ccccc1,0.3308975,-3.6467,0.0174635,0.6245,0.9999987,447.581,0.9599633,2.3955,1.0,1.0,1.0,1.0,1.0,1.0,1.0,1.0,280,-14.634459,-1.6433043
21.1622,34.7146,-4.2789,0.4755585,O=C1c2ccccc2C(=Cc2c3ccccc3cc3cc4ccccc4cc23)c2cc3cccccc-3c21,1,O=C1c2ccccc2C(=Cc2c3ccccc3cc3cc4ccccc4cc23)c2cc3cccccc-3c21,0.5487297,-2.1815,0.0171251,0.6028,0.9999999,482.582,0.9553311,2.5072,1.0,1.0,1.0,1.0,1.0,1.0,1.0,1.0,240,-26.942776,-2.2663834
26.1449,32.4279,-32.1178,0.0048453,C[Si](c1ccccc1)(c1ccccc1)[Si]12Cc3ccccc3[Si]1(c1ccccc1)c1ccccc1[Si]2(C)c1ccccc1,1,c1ccc([SiH](c2ccccc2)[Si]23Cc4ccccc4[Si]2(c2ccccc2)c2ccccc2[SiH]3c2ccccc2)cc1,6.8e-06,-21.8716,0.0100865,0.0204,0.9999999,617.061,0.750856,4.422,1.0,1.0,1.0,1.0,1.0,1.0,1.0,1.0,160,7.533578,16.381533
20.9542,27.3462,-23.0694,0.0668237,F[B-]1(F)n2cccc2C(=[NH+]Cc2ccncc2)C(F)(F)C1(F)F,1,[BH2-]1CCC(=[NH+]Cc2ccncc2)c2cccn21,0.0042329,-11.3932,0.0240718,0.9802,0.9544995,333.044,0.7364985,4.4956,1.0,1.0,1.0,1.0,1.0,1.0,1.0,1.0,340,35.42743,-8.084477
25.8649,41.1763,-4.4266,0.5742138,Cc1c(C)c2n(c1C)[B-](F)(F)[N+]1=C[B-](F)(F)n3cccc3C(c3ccc[nH]3)=C1C(c1ccccc1)=C2,1,[BH2-]1C=[N+]2[BH2-]n3cccc3C=C(c3ccccc3)C2=C(c2ccc[nH]2)c2cccn21,0.8485913,0.3071,0.0346181,1.3865,1.0,489.114,0.7619274,4.3633,1.0,1.0,1.0,1.0,1.0,1.0,1.0,1.0,240,22.882767,-6.0034513
22.6851,27.481,4.962,0.5069224,FC1(F)C(Cl)=C(c2ccccc2)C(c2ccccc2)=C1c1ccncc1,1,C1=C(c2ccccc2)C(c2ccccc2)=C(c2ccncc2)C1,0.5028777,-2.4813,0.0387236,1.5128,0.9976741,365.81,0.9546023,2.5237,1.0,1.0,1.0,1.0,1.0,1.0,1.0,1.0,300,8.246323,9.697229
27.4737,31.2079,-28.0188,0.04983,O=C(Oc1ccccc1)c1c(-c2ccc3ccccc3c2)n[nH]c1-c1ccccc1,1,O=C(Oc1ccccc1)c1c(-c2ccc3ccccc3c2)n[nH]c1-c1ccccc1,0.0018243,-12.7679,0.0154883,0.492,0.9997589,390.442,0.969057,2.1345,1.0,1.0,1.0,1.0,1.0,1.0,1.0,1.0,160,-15.055473,-1.534677
22.2131,37.4843,-7.2128,0.4729927,FC1=C(c2ccccc2)c2ccccc2NC1=C1C=C(c2ccccc2)c2ccccc21,1,C1=C(c2ccccc2)c2ccccc2NC1=C1C=C(c2ccccc2)c2ccccc21,0.4934343,-2.5428,0.0232825,0.9432,0.9999712,413.495,0.9528341,2.5629,1.0,1.0,1.0,1.0,1.0,1.0,1.0,1.0,340,1.848199,12.459211
17.9432,24.2293,-8.5834,0.2444669,c1ccc(-c2c(-c3ccccc3)c(-c3ccccc3)n3c(cc4ccccc43)c2-c2ccccc2)cc1,1,c1ccc(-c2c(-c3ccccc3)c(-c3ccccc3)n3c(cc4ccccc43)c2-c2ccccc2)cc1,0.0948094,-6.1746,0.0204478,0.799,0.9999999,471.603,0.9704226,2.089,1.0,1.0,1.0,1.0,1.0,1.0,1.0,1.0,120,9.624558,6.0328674
26.1147,36.0058,-20.7022,0.2391188,C1=Cc2ccccc2-c2c(-c3ccccc3)c(c3ccccc3c2=Cc2ccccc2)=C1,1,C1=Cc2ccccc2-c2c(-c3ccccc3)c(c3ccccc3c2=Cc2ccccc2)=C1,0.1004405,-6.0705,0.0168626,0.5858,0.9999452,406.528,0.9040412,3.3083,1.0,1.0,1.0,1.0,1.0,1.0,1.0,1.0,360,-14.585189,-6.0701523
26.3928,26.1352,-26.1352,0.0,OC(C(F)COCc1ccccc1)C(F)C(F)COCc1ccccc1,1,c1ccc(COCCCCCCOCc2ccccc2)cc1,0.0,0.0,0.0,0.0,0.0,0.0,0.0,0.0,1.0,1.0,0.0,0.0,0.0,0.0,0.0,0.0,20,-13.410581,23.798475
20.2765,25.7508,2.5977,0.4429445,O=S1(=O)C=C(c2ccc(Br)cc2)C(c2ccccc2)=C1c1ccc(Br)cc1,1,O=S1(=O)C=C(c2ccccc2)C(c2ccccc2)=C1c1ccccc1,0.3857692,-3.2575,0.0300914,1.2293,1.0,502.227,0.9535635,2.5469,1.0,1.0,1.0,1.0,1.0,1.0,1.0,1.0,280,0.14223963,-9.173257
21.4949,21.2526,-21.2526,0.0,Clc1ccc(C=Cc2nnn(-c3ccccc3)n2)cc1,1,C(=Cc1nnn(-c2ccccc2)n1)c1ccccc1,0.0,0.0,0.0,0.0,0.0,0.0,0.0,0.0,1.0,1.0,0.0,0.0,0.0,0.0,0.0,0.0,20,1.9268509,-0.46387056
43.4319,46.2685,-39.6652,0.1031765,CC1=C(C(=O)c2ccccc2)C(O)(c2ccccc2)N2C(=N1)Oc1c(c(-c3ccccc3)nc3ccccc13)-c1ccccc12,1,O=C(C1=CN=C2Oc3c(c(-c4ccccc4)nc4ccccc34)-c3ccccc3N2C1c1ccccc1)c1ccccc1,0.0123469,-9.6364,0.0157701,0.5118,1.0,585.663,0.8844184,3.5115,1.0,1.0,1.0,1.0,1.0,1.0,1.0,1.0,60,-1.0179188,18.134884
25.056,30.0636,-4.2376,0.4035301,c1ccc(C(=C2C(=C3C(c4ccccc4)=c4ccccc4=C3c3ccccc3)C2=C(c2ccccc2)c2ccccc2)c2ccccc2)cc1,1,c1ccc(C(=C2C(=C3C(c4ccccc4)=c4ccccc4=C3c3ccccc3)C2=C(c2ccccc2)c2ccccc2)c2ccccc2)cc1,0.3779073,-3.3118,0.0146841,0.4332,0.9999998,634.822,0.959512,2.4069,1.0,1.0,1.0,1.0,1.0,1.0,1.0,1.0,320,2.3316884,18.156525
14.8812,17.886,-3.8753,0.2189163,F[B-]1(F)OC(c2ccccc2)=Cc2ccc3ccccc3[n+]21,1,[BH2-]1OC(c2ccccc2)=Cc2ccc3ccccc3[n+]21,0.1200402,-5.7443,0.0187494,0.703,0.3889841,295.097,0.9049798,3.2976,1.0,1.0,1.0,1.0,1.0,1.0,1.0,1.0,80,11.093937,1.2661488
10.6898,21.3881,3.5103,0.3890388,F[B-]1(F)n2cccc2C=C(c2ccccc2)c2cccn21,1,[BH2-]1n2cccc2C=C(c2ccccc2)c2cccn21,0.6928427,-1.1752,0.0330977,1.336,0.1491469,281.094,0.8751122,3.5975,1.0,1.0,1.0,1.0,1.0,1.0,1.0,1.0,240,21.559477,-14.041435
23.4464,35.7185,-1.0366,0.5419042,O=[N+]([O-])c1ccc(C2=C3C=C(c4ccco4)C=C3[B-](F)(F)n3cc(-c4ccco4)cc32)cc1,1,[BH2-]1C2=CC(c3ccco3)=CC2=C(c2ccccc2)c2cc(-c3ccco3)cn21,0.7212175,-0.952,0.0264286,1.0843,0.9999982,443.194,0.8662224,3.6747,1.0,1.0,1.0,1.0,1.0,1.0,1.0,1.0,280,27.629602,-18.755848
34.4592,37.786,-19.5435,0.2850399,[O-]C1=C(N2CCN(c3ccccc3)CC2)C(=C2C=CC=[S+]2)NC(=S)N1Cc1ccccc1,1,S=C1NC(=C2C=CC=[S+]2)C(N2CCN(c3ccccc3)CC2)=CN1Cc1ccccc1,0.1500441,-5.3244,0.0200462,0.7771,0.9999996,460.628,0.8939059,3.4174,1.0,1.0,1.0,1.0,1.0,1.0,1.0,1.0,180,-10.590187,21.361837
30.9895,28.277,-21.1991,0.1105913,O=C(c1ccccc1)c1ccc2ccccc2c1-n1c(=O)oc2ccccc21,1,O=C(c1ccccc1)c1ccc2ccccc2c1-n1c(=O)oc2ccccc21,0.0140959,-9.4178,0.0146393,0.4298,0.9975821,365.388,0.9657821,2.2361,1.0,1.0,1.0,1.0,1.0,1.0,1.0,1.0,260,-22.092886,7.386149
14.3808,33.4094,1.34,0.5429595,Cc1ccc(C2=c3c(c(-c4ccccc4)c4cccn34)[B-](F)(F)n3cc(-c4ccccc4)cc32)cc1,1,[BH2-]1c2c(-c3ccccc3)c3cccn3c2=C(c2ccccc2)c2cc(-c3ccccc3)cn21,0.683689,-1.2447,0.0278941,1.1445,0.9999999,471.339,0.9145588,3.1835,1.0,1.0,1.0,1.0,1.0,1.0,1.0,1.0,380,17.69426,5.6295676
28.915,37.1791,-3.2375,0.5303379,O=[N+]([O-])c1cccc2c([N+](=O)Nc3ccccc3)c3ccccc3cc12,1,O=[N+](Nc1ccccc1)c1c2ccccc2cc2ccccc12,0.6144952,-1.7407,0.0297985,1.2183,0.9834517,344.35,0.9563577,2.4834,1.0,1.0,1.0,1.0,1.0,1.0,1.0,1.0,220,-18.672537,-8.89327
36.8644,43.5238,-18.9461,0.3840272,[O-]C1=C2C(=CC=C(c3ccccc3)c3[s+]c4c(-c5ccccc5)c5ccccc5cc4cc32)C=CN1c1ccccc1,1,C1=CN(c2ccccc2)C=C2C1=CC=C(c1ccccc1)c1[s+]c3c(-c4ccccc4)c4ccccc4cc3cc12,0.3161038,-3.7569,0.0214089,0.85,1.0,555.702,0.8838489,3.517,1.0,1.0,1.0,1.0,1.0,1.0,1.0,1.0,120,-24.827003,-9.5363455
36.0215,43.0499,-22.4863,0.3213077,CN1C(=O)C(=C2c3ccccc3S(=O)(=O)C23OC2c4cccc5cccc(c45)C23)c2ccccc21,1,O=C1Nc2ccccc2C1=C1c2ccccc2S(=O)(=O)C12OC1c3cccc4cccc(c34)C12,0.2371157,-4.4031,0.0199304,0.7707,0.9999999,477.541,0.7338114,4.5091,1.0,1.0,1.0,1.0,1.0,1.0,1.0,1.0,140,-9.663909,10.726618
19.326,40.3845,-4.2176,0.5651071,CC1=C2C(c3ccc[se]3)=CC(c3ccccc3)=[N+]2[B-](F)(F)n2cc(Br)cc21,1,[BH2-]1n2cccc2C=C2C(c3ccc[se]3)=CC(c3ccccc3)=[N+]12,0.8315933,0.1008,0.0292466,1.1974,1.0,490.018,0.7938112,4.1827,1.0,1.0,1.0,1.0,1.0,1.0,1.0,1.0,360,19.271307,-4.5821323
22.8087,31.8051,-11.4706,0.3177269,Cc1cc2ccc3ccccc3c2c(N=NNc2ccccc2)c1C,1,c1ccc(NN=Nc2cccc3ccc4ccccc4c23)cc1,0.2054676,-4.7026,0.0171159,0.6022,0.9122009,325.415,0.9567491,2.4742,1.0,1.0,1.0,1.0,1.0,1.0,1.0,1.0,220,-23.049885,-3.012944
24.4922,37.7531,-13.5415,0.3783063,F[B-]1(F)C2=C(c3ccccc3Cl)C(=[N+]1c1ccc(Cl)cc1)C(Br)=C2,1,[BH2-]1C2=C(c3ccccc3)C(=[N+]1c1ccccc1)C=C2,0.3338353,-3.6252,0.0205906,0.8068,0.9999916,426.884,0.7958421,4.1706,1.0,1.0,1.0,1.0,1.0,1.0,1.0,1.0,220,22.56528,-3.4039197
17.105,20.363,-14.9588,0.0844393,c1ccc2c3c(ccc2c1)-c1cccc2cccc-3c12,1,c1ccc2c3c(ccc2c1)-c1cccc2cccc-3c12,0.054925,-7.1339,0.0135936,0.3482,0.0122264,252.316,0.9776499,1.808,1.0,1.0,1.0,1.0,1.0,1.0,1.0,1.0,80,-19.678665,1.198203
17.3298,34.9956,-3.8989,0.4858848,F[B-]1(F)C2=C(c3ccccc3)c3ccccc3[N+]2=C(c2ccc(Cl)cc2)c2cc(Br)c(Br)n21,1,[BH2-]1C2=C(c3ccccc3)c3ccccc3[N+]2=C(c2ccccc2)c2cccn21,0.5332871,-2.2828,0.0268532,1.102,1.0,586.47,0.889021,3.4667,1.0,1.0,1.0,1.0,1.0,1.0,1.0,1.0,280,10.79583,-7.818043
20.6731,21.8403,-9.886,0.1867851,O=C1C(=Cc2ccccc2Cl)[S+]=C([S-])N1c1ccc(Cl)cc1,1,O=C1C(=Cc2ccccc2)[S+]=CN1c1ccccc1,0.0537524,-7.171,0.0163354,0.5507,0.9977753,366.294,0.9146177,3.1828,1.0,1.0,1.0,1.0,1.0,1.0,1.0,1.0,100,3.145076,-3.7550824
22.0398,23.8464,-8.6724,0.2370946,O=C1OC(=C2C=Cc3ccccc3N2)c2ccccc21,1,O=C1OC(=C2C=Cc3ccccc3N2)c2ccccc21,0.4127432,-3.0743,0.0308998,1.259,0.027485,261.28,0.9493302,2.6365,1.0,1.0,1.0,1.0,1.0,1.0,1.0,1.0,340,-15.373863,10.744078
17.8288,25.965,-2.5689,0.3655646,O=C1C(c2ccc(Cl)cc2)=C(c2ccc([N+](=O)[O-])cc2)C(=O)N1c1ccccc1,1,O=C1C(c2ccccc2)=C(c2ccccc2)C(=O)N1c1ccccc1,0.2532564,-4.261,0.0232957,0.9438,0.9999358,404.809,0.9688574,2.141,1.0,1.0,1.0,1.0,1.0,1.0,1.0,1.0,260,5.198118,-3.9347918
37.1835,46.4121,-21.5847,0.3879286,F[B-]12OC(c3ccccc3)=C(c3ccccc31)c1c(-c3ccccc3Cl)nc3ccccc3[n+]12,1,c1ccc(C2=C3c4ccccc4[BH-](O2)[n+]2c3c(-c3ccccc3)nc3ccccc32)cc1,0.3710865,-3.3592,0.0197099,0.7583,0.9999997,462.72,0.7668131,4.3368,1.0,1.0,1.0,1.0,1.0,1.0,1.0,1.0,160,9.5456,0.066292696
29.2488,34.1921,-13.832,0.3181253,O=C1C(=Cc2cc(-c3ccccn3)nc(-c3ccccn3)c2)C(=CNc2ccccc2)c2ccccc21,1,O=C1C(=Cc2cc(-c3ccccn3)nc(-c3ccccn3)c2)C(=CNc2ccccc2)c2ccccc21,0.197341,-4.7849,0.0176378,0.6354,0.9999999,478.555,0.9467034,2.6886,1.0,1.0,1.0,1.0,1.0,1.0,1.0,1.0,220,-5.3023825,-14.121125
25.3909,40.5435,-4.4743,0.5635803,F[B-]1(F)n2cccc2C(=C2c3c(Br)cccc3CCc3cccn32)c2c(Br)ccn21,1,[BH2-]1n2cccc2C(=C2c3ccccc3CCc3cccn32)c2cccn21,0.7702934,-0.5294,0.0340607,1.3683,1.0,529.999,0.8177103,4.0334,1.0,1.0,1.0,1.0,1.0,1.0,1.0,1.0,320,36.767776,-18.928045
23.1266,24.2175,-17.4947,0.1050434,O=[N+]([O-])c1cc2ccccc2n1Cc1ccc(Cl)cc1,1,c1ccc(Cn2ccc3ccccc32)cc1,0.0244427,-8.5041,0.0145354,0.422,0.227353,286.718,0.9703567,2.0912,1.0,1.0,1.0,1.0,1.0,1.0,1.0,1.0,220,0.5934654,-18.241573
15.0936,28.4163,6.9433,0.5524936,F[B-]1(F)C2=C(c3ccccc3)c3ccccc3C2=C(c2ccccc2)c2cc(Br)c(Br)n21,1,[BH2-]1C2=C(c3ccccc3)c3ccccc3C2=C(c2ccccc2)c2cccn21,0.7152447,-1.0001,0.0277537,1.1389,1.0,550.029,0.915294,3.1743,1.0,1.0,1.0,1.0,1.0,1.0,1.0,1.0,320,15.469124,0.23689385
30.0063,30.6872,-30.3467,0.0053199,c1ccc(CC2(C(c3ccccc3)c3ccccc3)CCCN(c3ccccc3)O2)cc1,1,c1ccc(CC2(C(c3ccccc3)c3ccccc3)CCCN(c3ccccc3)O2)cc1,7.2e-06,-21.7893,0.0109226,0.1077,0.9999835,419.568,0.9271004,3.0151,1.0,1.0,1.0,1.0,1.0,1.0,1.0,1.0,20,-12.337168,21.22718
28.6006,31.3158,-6.1002,0.393994,O=C1c2nc3ccccc3nc2C(=Cc2cc3ccccc3o2)N1c1ccccc1,1,O=C1c2nc3ccccc3nc2C(=Cc2cc3ccccc3o2)N1c1ccccc1,0.3231789,-3.7039,0.0203983,0.7964,0.9997349,389.414,0.9529535,2.5603,1.0,1.0,1.0,1.0,1.0,1.0,1.0,1.0,400,-23.885815,-4.3688426
25.7344,31.8186,-15.5859,0.2536369,c1ccc([N-]C2=C3Oc4ccccc4[S+]=C3Sc3ccccc32)cc1,1,c1ccc([N-]C2=C3Oc4ccccc4[S+]=C3Sc3ccccc32)cc1,0.1272918,-5.6353,0.0153315,0.4807,0.9958391,359.475,0.840451,3.8764,1.0,1.0,1.0,1.0,1.0,1.0,1.0,1.0,140,-13.389701,13.502995
15.3167,30.2649,6.6486,0.5767729,Cc1ccc2c(C)n3c(c2c1)C(c1ccccc1)=C1C=CC(c2ccccc2)=[N+]1[B-]3(F)F,1,[BH2-]1n2cc3ccccc3c2C(c2ccccc2)=C2C=CC(c3ccccc3)=[N+]12,0.7329779,-0.8555,0.0375244,1.4773,0.9999872,422.287,0.9056822,3.2896,1.0,1.0,1.0,1.0,1.0,1.0,1.0,1.0,380,16.62744,-2.9766247
33.7236,45.0234,-19.4932,0.3989096,F[B-]1(F)N2C(=NNc3ccccc3)C(=[NH+]c3ccc(Br)cc3)C(c3ccccc3)=C2N=C(c2ccccc2)N1c1ccccc1,1,[BH2-]1N2C(=NNc3ccccc3)C(=[NH+]c3ccccc3)C(c3ccccc3)=C2N=C(c2ccccc2)N1c1ccccc1,0.3475321,-3.5259,0.0232439,0.9413,0.9999976,659.347,0.8571741,3.7489,1.0,1.0,1.0,1.0,1.0,1.0,1.0,1.0,240,12.601634,7.4583545
33.6326,40.3396,-14.5004,0.4037378,COC1=CC=CC(=NNc2ccnc3ccccc3c2=O)C1=C(OC)c1ccccc1,1,O=c1c(NN=C2C=CC=CC2=Cc2ccccc2)ccnc2ccccc12,0.3615925,-3.4258,0.0182946,0.6759,0.9999652,411.461,0.9322293,2.9384,1.0,1.0,1.0,1.0,1.0,1.0,1.0,1.0,260,-7.386515,24.876179
30.3316,29.4503,-29.3056,0.0022613,O=C1CC2CCCCC2C(O)C2Cc3ccccc3N12,1,O=C1CC2CCCCC2CC2Cc3ccccc3N12,2.6e-06,-23.4284,0.0163985,0.555,0.0667423,271.36,0.8790286,3.562,1.0,1.0,1.0,1.0,1.0,1.0,1.0,1.0,40,-18.993162,18.955505
21.0386,23.5431,-23.5431,0.0,O=[N+]([O-])c1ccc(C=Cc2ccc3oc4ccccc4c3c2)cc1,1,C(=Cc1ccc2oc3ccccc3c2c1)c1ccccc1,0.0,0.0,0.0,0.0,0.0,0.0,0.0,0.0,1.0,1.0,0.0,0.0,0.0,0.0,0.0,0.0,60,-12.781116,-12.113469
28.7428,41.559,-7.6867,0.5292552,Cc1ccc(C2=c3ccccc3=C(c3ccc(C)cc3)C2=Cc2c3ccccc3cc3cc(Cl)ccc23)cc1,1,C(=C1C(c2ccccc2)=c2ccccc2=C1c1ccccc1)c1c2ccccc2cc2ccccc12,0.7083146,-1.0551,0.0184641,0.6861,1.0,519.087,0.9468246,2.6862,1.0,1.0,1.0,1.0,1.0,1.0,1.0,1.0,320,-32.943985,-2.4763649
27.8371,41.6159,-8.2645,0.5211148,F[B-]1(F)c2cc3cccc(=C4C=C(Cl)C(Cl)=N4)c3cc2=Cc2cc(Br)cn21,1,[BH2-]1c2cc3cccc(=C4C=CC=N4)c3cc2=Cc2cccn21,0.7289967,-0.8884,0.0267144,1.0963,0.9999998,464.913,0.7475474,4.4392,1.0,1.0,1.0,1.0,1.0,1.0,1.0,1.0,240,33.30004,3.54285
20.1913,23.5307,-14.2285,0.1453478,ClB1c2cc3ccccc3cc2-c2cc3ccccc3cc21,1,B1c2cc3ccccc3cc2-c2cc3ccccc3cc21,0.0406168,-7.6498,0.0145682,0.4245,0.4673726,298.581,0.9494465,2.6341,1.0,1.0,1.0,1.0,1.0,1.0,1.0,1.0,120,-28.664995,3.7038965
22.8997,26.9553,0.0244,0.4215584,O=Cc1c2ccccc2cc2c(-c3ccc4ccccc4c3)cccc12,1,c1ccc2cc(-c3cccc4cc5ccccc5cc34)ccc2c1,0.3833807,-3.274,0.0209777,0.8274,0.9518614,332.402,0.9715477,2.05,1.0,1.0,1.0,1.0,1.0,1.0,1.0,1.0,240,-22.653913,-5.5683613
18.5209,18.2837,-17.4701,0.0127123,c1ccc(-c2cc(N3CCOCC3)n(-c3ccccc3)n2)cc1,1,c1ccc(-c2cc(N3CCOCC3)n(-c3ccccc3)n2)cc1,7.26e-05,-18.0204,0.0141373,0.3914,0.621427,305.381,0.9731736,1.9908,1.0,1.0,1.0,1.0,1.0,1.0,1.0,1.0,100,-0.436974,-1.4823633
19.171,20.4008,-18.8282,0.0245711,O=C1c2ccccc2C(=O)N1[P-](#[S+])(c1ccccc1)c1ccccc1,1,O=C1c2ccccc2C(=O)N1[PH-](c1ccccc1)c1ccccc1,0.0003486,-15.4659,0.0117616,0.189,0.9970918,363.378,0.9036838,3.3123,1.0,1.0,1.0,1.0,1.0,1.0,1.0,1.0,180,-9.2680025,5.963886
49.2659,54.7143,-38.1774,0.2583901,FC(F)(F)C1=CC(c2cccs2)=[S+]C1=C1Sc2[n-]c(=C3C=CC=[S+]3)c([n-][nH]c2C(F)(F)F)=[S+]1,1,C1=CC(=c2[n-]c3c[nH][n-]c2=[S+]C(=C2C=CC(c4cccs4)=[S+]2)S3)[S+]=C1,0.253713,-4.2571,0.0270329,1.1095,1.0,552.617,0.2898062,6.3759,1.0,1.0,1.0,1.0,1.0,1.0,1.0,1.0,100,24.889513,8.388652
48.8269,62.1025,-37.6142,0.3826301,O=C1C(=Cc2ccccc2)C2C(=O)N=C3C=C2C1=C3c1cc(-c2ccccc2)n2nccc2c1,1,O=C1C(=Cc2ccccc2)C2C(=O)N=C3C=C2C1=C3c1cc(-c2ccccc2)n2nccc2c1,0.4050665,-3.126,0.0138854,0.3716,0.9999974,439.474,0.7522539,4.4147,1.0,1.0,1.0,1.0,1.0,1.0,1.0,1.0,180,-2.2055924,3.7178419
19.987,27.6404,-5.622,0.3440374,ClC1=C(Cl)C(c2ccc(Cl)cc2)=C(Br)C1=C(c1ccccc1)c1ccccc1,1,C1=CC(=C(c2ccccc2)c2ccccc2)C=C1c1ccccc1,0.233147,-4.4391,0.0190043,0.718,1.0,488.639,0.957942,2.4456,1.0,1.0,1.0,1.0,1.0,1.0,1.0,1.0,220,1.7027451,20.199757
26.1248,28.2933,0.5641,0.4508976,c1ccc2c(-c3ccpc4ccc5ccccc5c34)c3ccccc3cc2c1,1,c1ccc2c(-c3ccpc4ccc5ccccc5c34)c3ccccc3cc2c1,0.4684255,-2.706,0.0190027,0.7179,0.9987319,372.407,0.9449942,2.7212,1.0,1.0,1.0,1.0,1.0,1.0,1.0,1.0,120,-27.16686,-5.617025
36.496,42.4244,-42.4244,0.0,CC(C)(C)[c-]1c2cc[n+]1c(-c1ccc(Br)cc1)cccc1ccccc12,1,[c-]1c2cc[n+]1c(-c1ccccc1)cccc1ccccc21,0.0,0.0,0.0,0.0,0.0,0.0,0.0,0.0,1.0,1.0,0.0,0.0,0.0,0.0,0.0,0.0,200,0.9885592,-13.682596
24.2358,30.6902,-19.4305,0.1759336,COc1ccc2cc3c(c(-c4ccc(C)s4)c2c1)C(=O)c1ccccc1C3=O,1,O=C1c2ccccc2C(=O)c2c1cc1ccccc1c2-c1cccs1,0.046832,-7.4074,0.0137111,0.3577,0.9995816,384.456,0.9621135,2.3393,1.0,1.0,1.0,1.0,1.0,1.0,1.0,1.0,140,-12.607016,5.731091
74.2138,75.748,-75.748,0.0,CCC12CCCC3=C1C(CC3)N1C3=C(C2=O)c2cccc(O)c2C32NC(=O)C(c3ccccc3C2=O)C1C,1,O=C1C2=C3N(CC4C(=O)NC3(C(=O)c3ccccc34)c3ccccc32)C2CCC3=C2C1CCC3,0.0,0.0,0.0,0.0,0.0,0.0,0.0,0.0,1.0,1.0,0.0,0.0,0.0,0.0,0.0,0.0,40,-20.316757,18.148016
24.5001,25.2026,-25.2026,0.0,CC(C)[N+]1=[P-]2(Cl)=[P-]1(Cl)=[P-]2(Cl)=[NH+]c1ccccc1,1,c1ccc([NH+]=[PH-]2=[PH-]3=[PH-]2=[NH+]3)cc1,0.0,0.0,0.0,0.0,0.0,0.0,0.0,0.0,1.0,1.0,0.0,0.0,0.0,0.0,0.0,0.0,60,-10.712006,28.130013
16.735,29.4704,7.4663,0.577136,F[B-]1(F)C=c2cc(Cl)ccc2=C(c2ccc(Cl)cc2)c2ccc(Cl)n21,1,[BH2-]1C=c2ccccc2=C(c2ccccc2)c2cccn21,0.7615506,-0.6089,0.0345872,1.3855,0.999848,395.452,0.8922425,3.4344,1.0,1.0,1.0,1.0,1.0,1.0,1.0,1.0,300,28.615915,2.4573982
32.0756,45.9372,-18.1352,0.4344071,CC1=C([N+](=O)[O-])C(=[N+]([O-])[O-])C(=NN=C2C=CC(=C3C(=O)N(C)c4ccccc43)C2=O)O1,1,[N+]=C1C=COC1=NN=C1C=CC(=C2C(=O)Nc3ccccc32)C1=O,0.4707399,-2.6908,0.0181329,0.666,0.9999872,422.333,0.8453974,3.8399,1.0,1.0,1.0,1.0,1.0,1.0,1.0,1.0,140,-10.765238,9.453323
25.2806,33.8542,-15.8564,0.2812156,NC([N-]c1ccc(Cl)cc1)=C1C=C(c2ccc(Cl)cc2)S[N+]1=O,1,O=[N+]1SC(c2ccccc2)=CC1=C[N-]c1ccccc1,0.1447189,-5.3934,0.0237169,0.9637,0.9973174,364.257,0.83912,3.886,1.0,1.0,1.0,1.0,1.0,1.0,1.0,1.0,400,4.5612273,-3.1894464
15.2591,23.4744,2.7332,0.4094939,C1=C(c2ccccc2)C(c2ccccc2)=C(c2ccccc2)c2ccccc2C1=Cc1ccccc1,1,C1=C(c2ccccc2)C(c2ccccc2)=C(c2ccccc2)c2ccccc2C1=Cc1ccccc1,0.3506714,-3.5034,0.0207235,0.8139,0.9999995,458.604,0.9670759,2.1971,1.0,1.0,1.0,1.0,1.0,1.0,1.0,1.0,300,3.964126,11.824914
18.3338,39.2126,-4.7678,0.5381995,F[B-]1(F)C2=CC(c3ccccc3)=CC2=C(c2ccc(Br)nc2)c2cc(Br)c(Br)n21,1,[BH2-]1C2=CC(c3ccccc3)=CC2=C(c2cccnc2)c2cccn21,0.6997025,-1.1224,0.0278101,1.1411,1.0,579.853,0.8630661,3.7011,1.0,1.0,1.0,1.0,1.0,1.0,1.0,1.0,320,31.725471,-2.4198763
28.0581,31.4351,-4.5397,0.4202412,O=Cc1cccc2c3ccccc3c3cc4ccccc4c(-c4c5ccccc5cc5ccccc45)c3c12,1,c1ccc2c(-c3c4ccccc4cc4c5ccccc5c5ccccc5c34)c3ccccc3cc2c1,0.394632,-3.1969,0.0177777,0.6442,0.9999999,482.582,0.9606059,2.379,1.0,1.0,1.0,1.0,1.0,1.0,1.0,1.0,100,-27.441797,-7.5292726
27.356,27.2138,-26.9631,0.0039172,O=S(=O)(c1ccccc1)c1oc(Cc2ccccc2)cc1Cc1ccccc1,1,O=S(=O)(c1ccccc1)c1oc(Cc2ccccc2)cc1Cc1ccccc1,3e-06,-23.2274,0.0139582,0.3773,0.9997113,388.488,0.9649205,2.2613,1.0,1.0,1.0,1.0,1.0,1.0,1.0,1.0,20,-22.434423,9.246474
26.982,44.4366,-12.3019,0.5021046,O=C1c2ccccc2C(Br)=C2[N+]1=C(c1cccnc1-c1ccc[nH]1)c1cc(Br)c(Br)n1[B-]2(F)F,1,O=C1c2ccccc2C=C2[BH2-]n3cccc3C(c3cccnc3-c3ccc[nH]3)=[N+]12,0.6375665,-1.5801,0.0243591,0.9934,0.9999991,648.896,0.816721,4.0398,1.0,1.0,1.0,1.0,1.0,1.0,1.0,1.0,280,22.46561,-1.0374275
54.1558,56.8089,-56.8089,0.0,COC(=O)c1nc2ccc3n2c(c1-c1c2ccccc2cc2ccccc12)-c1cc(C(C)C)ccc1C(C1CC1)=C3,1,C1=C(C2CC2)c2ccccc2-c2c(-c3c4ccccc4cc4ccccc34)cnc3ccc1n23,0.0,0.0,0.0,0.0,0.0,0.0,0.0,0.0,1.0,1.0,0.0,0.0,0.0,0.0,0.0,0.0,60,-29.28527,-8.402187
39.7515,54.3664,-40.1296,0.2224507,O=C1OC2=C1CN(c1ccccc1)C1=C2c2ccsc2C1=Nc1cccs1,1,O=C1OC2=C1CN(c1ccccc1)C1=C2c2ccsc2C1=Nc1cccs1,0.0816846,-6.4407,0.019262,0.7329,0.999711,388.473,0.8836576,3.5188,1.0,1.0,1.0,1.0,1.0,1.0,1.0,1.0,180,-1.9996326,-0.4350538
17.6012,32.7984,1.7294,0.539496,Fc1cccc(F)c1C1=C(c2cccnc2)c2cccn2[B-](F)(F)n2cccc21,1,[BH2-]1n2cccc2C(c2ccccc2)=C(c2cccnc2)c2cccn21,0.6409438,-1.5563,0.0358433,1.4257,0.9998288,394.16,0.8810014,3.5438,1.0,1.0,1.0,1.0,1.0,1.0,1.0,1.0,260,34.499325,-16.407978
14.5261,24.7058,13.6062,0.5986242,F[B-]1(F)n2cccc2C(c2ccccc2)=C2N=C(c3ccccc3)C(c3ccccc3)=[N+]21,1,[BH2-]1n2cccc2C(c2ccccc2)=C2N=C(c3ccccc3)C(c3ccccc3)=[N+]12,0.8493924,0.3172,0.031159,1.2683,0.9999859,421.259,0.9106228,3.2317,1.0,1.0,1.0,1.0,1.0,1.0,1.0,1.0,360,18.381485,-7.449159
26.826,35.5995,-17.08,0.2893683,O=C1OC(=C2C=C(c3ccccc3)C(=S)C2=C(c2ccccc2)c2ccccc2)c2ccccc21,1,O=C1OC(=C2C=C(c3ccccc3)C(=S)C2=C(c2ccccc2)c2ccccc2)c2ccccc21,0.1622028,-5.1741,0.015405,0.486,0.9999998,468.577,0.9432954,2.7527,1.0,1.0,1.0,1.0,1.0,1.0,1.0,1.0,240,0.46844256,19.138596
33.689,34.9998,-3.2074,0.4967555,COc1cccc(C2=[SH][SH]=C(c3ccccc3)[N+]2=O)c1Cl,1,O=[N+]1C(c2ccccc2)=[SH][SH]=C1c1ccccc1,0.507951,-2.4482,0.0401167,1.5528,0.97286,338.861,0.882149,3.533,1.0,1.0,1.0,1.0,1.0,1.0,1.0,1.0,140,-2.922641,6.6996794
31.9952,38.8462,-8.7901,0.4696264,O=C1C=C(c2ccccc2)C(=O)OC1=C1C=CN(c2ccccc2)CN1c1ccccc1,1,O=C1C=C(c2ccccc2)C(=O)OC1=C1C=CN(c2ccccc2)CN1c1ccccc1,0.4607996,-2.7559,0.0285944,1.1722,0.9999848,420.468,0.9369342,2.8632,1.0,1.0,1.0,1.0,1.0,1.0,1.0,1.0,200,-0.8893951,0.6795684
10.0415,25.7653,-25.7653,0.0,F[B-]1(F)n2c(Cl)ccc2C(c2cccnc2)=C2C=CC(Cl)=[N+]21,1,[BH2-]1n2cccc2C(c2cccnc2)=C2C=CC=[N+]12,0.8704152,0.6019,0.0423881,1.6151,0.9705623,337.953,0.8353381,3.9131,1.0,1.0,1.0,1.0,1.0,1.0,1.0,1.0,380,29.305424,-4.161658
23.6102,24.9447,-19.4526,0.0858144,O=c1oc2ccc(F)cc2c(Cc2ccc(Br)cc2)c1-c1ccccc1,1,O=c1oc2ccccc2c(Cc2ccccc2)c1-c1ccccc1,0.0063711,-10.7238,0.0235469,0.9557,0.9999574,409.254,0.9694173,2.1227,1.0,1.0,1.0,1.0,1.0,1.0,1.0,1.0,80,-1.117152,-8.5459585
40.0823,54.0406,-25.1926,0.4507498,O=C1C(=Cc2ccncc2)C(=Cc2cccc3cccnc23)C(F)C1=Cc1c2ccccc2cc2cccnc12,1,O=C1C(=Cc2c3ccccc3cc3cccnc23)CC(=Cc2cccc3cccnc23)C1=Cc1ccncc1,0.5244614,-2.3405,0.0163098,0.549,1.0,519.579,0.8657267,3.6789,1.0,1.0,1.0,1.0,1.0,1.0,1.0,1.0,160,-31.561424,2.958206
19.2436,23.4169,11.901,0.5518421,O=[N+]([O-])c1ccc(-c2c3ccccc3c(Cl)c3ccccc23)cc1,1,c1ccc(-c2c3ccccc3cc3ccccc23)cc1,0.6588423,-1.4282,0.0326915,1.3222,0.9573319,333.774,0.9753526,1.9059,1.0,1.0,1.0,1.0,1.0,1.0,1.0,1.0,180,-13.243962,-11.81293
44.3203,45.2469,-44.5549,0.0108116,C[O+]=[B-](C#[O+])c1c(C)c(C)cc(C)c1-c1ccccc1B(O)c1c(C)cc(C)cc1C,1,B(c1ccccc1)c1ccccc1-c1ccccc1,4.32e-05,-18.8656,0.0149822,0.4553,0.9999642,411.139,0.8223189,4.0029,1.0,1.0,1.0,1.0,1.0,1.0,1.0,1.0,40,28.273129,8.038996
9.5152,28.3509,-28.3509,0.0,F[B-]1(F)n2c(Br)ccc2C(c2ccc(Br)cc2)=C2C=CC(c3ccc(Br)cc3)=[N+]21,1,[BH2-]1n2cccc2C(c2ccccc2)=C2C=CC(c3ccccc3)=[N+]12,0.8639908,0.511,0.0381321,1.4954,1.0,580.861,0.8830164,3.5249,1.0,1.0,1.0,1.0,1.0,1.0,1.0,1.0,280,35.101784,-1.0340538
32.133,39.2732,-28.3852,0.1701242,O=[N+]=Cc1ccc2c(c1)nc(-c1ccccc1)c1ccc(Cl)cc12,1,c1ccc(-c2nc3ccccc3c3ccccc23)cc1,0.0411939,-7.6259,0.017502,0.6269,0.9491763,331.782,0.9519217,2.5825,1.0,1.0,1.0,1.0,1.0,1.0,1.0,1.0,100,-3.3962345,-6.949935
16.1197,28.3662,0.251,0.4471439,CN1C(=O)C(=c2ccc(=C3c4ccccc4C(=O)c4ccccc43)c3ccccc23)c2ccccc21,1,O=C1Nc2ccccc2C1=c1ccc(=C2c3ccccc3C(=O)c3ccccc32)c2ccccc12,0.4298545,-2.96,0.0229915,0.9292,0.9999997,463.536,0.9517681,2.5858,1.0,1.0,1.0,1.0,1.0,1.0,1.0,1.0,260,-8.550565,10.589071
23.7625,27.5536,-12.332,0.2378383,Nn1ccccc1=NN=[S+]c1ccc(N([O-])[O-])cc1,1,c1ccc([S+]=NN=c2cccc[nH]2)cc1,0.3286208,-3.6635,0.017544,0.6295,0.1013095,276.301,0.7395798,4.4801,1.0,1.0,1.0,1.0,1.0,1.0,1.0,1.0,160,9.595199,-20.643778
16.6429,20.3625,-13.89,0.1011339,CC1=Cc2ccccc2C1=NN=Cc1ccccc1,1,C1=Cc2ccccc2C1=NN=Cc1ccccc1,0.1166376,-5.7974,0.0123872,0.246,0.0070703,246.313,0.9603208,2.3863,1.0,1.0,1.0,1.0,1.0,1.0,1.0,1.0,220,-8.608388,12.89911
26.2773,27.6564,-25.6175,0.0318565,O=S(=O)(c1ccccc1)N1OC(c2ccccc2)=CC1c1ccc2ccccc2c1,1,O=S(=O)(c1ccccc1)N1OC(c2ccccc2)=CC1c1ccc2ccccc2c1,0.0006249,-14.5146,0.0139422,0.3761,0.9999712,413.498,0.9294876,2.98,1.0,1.0,1.0,1.0,1.0,1.0,1.0,1.0,40,-14.892182,-1.0639818
48.5387,61.0107,-38.5884,0.3503487,Cc1ccc(C2=CNC(=C3C(=O)c4ccccc4C(=O)C3=C3C(=O)c4sccc4C3(c3ccccc3)c3ccccc3)P2c2ccccc2)cc1,1,O=C1C(=C2NC=C(c3ccccc3)P2c2ccccc2)C(=C2C(=O)c3sccc3C2(c2ccccc2)c2ccccc2)C(=O)c2ccccc21,0.2878845,-3.975,0.0171154,0.6022,0.9999322,695.78,0.8063629,4.106,1.0,1.0,1.0,1.0,1.0,1.0,1.0,1.0,200,-7.522651,7.1245427
45.263,48.2416,-48.2416,0.0,Cc1cc(C)c[n+](-c2c3ccccc3c([O-])c3cc(Oc4ccc(Cl)cc4)c(C(C)(C)C)cc23)c1,1,c1ccc(Oc2ccc3c(-[n+]4ccccc4)c4ccccc4cc3c2)cc1,0.0,0.0,0.0,0.0,0.0,0.0,0.0,0.0,1.0,1.0,0.0,0.0,0.0,0.0,0.0,0.0,200,4.109389,-21.046385
24.8086,47.693,-18.2112,0.4606538,[O-][N+]1=C(c2ccccc2)c2ccccc2C1=c1c2ccccc2c(=C2C(c3cccc4ccccc34)=[O+][B-](F)(F)c3ccccc32)c2ccccc12,1,[BH2-]1[O+]=C(c2cccc3ccccc23)C(=c2c3ccccc3c(=C3[NH+]=C(c4ccccc4)c4ccccc43)c3ccccc23)c2ccccc21,0.5036077,-2.4765,0.0226622,0.9131,0.9999895,675.543,0.8596032,3.7294,1.0,1.0,1.0,1.0,1.0,1.0,1.0,1.0,320,-22.62145,0.10354913
29.329,29.5296,-28.5073,0.0159721,Cc1ccc(S(=O)(=O)N2C(C(=O)Oc3ccccc3)CC3C(=O)CCCC32)cc1,1,O=C1CCCC2C1CC(C(=O)Oc1ccccc1)N2S(=O)(=O)c1ccccc1,0.0001116,-17.3204,0.0138292,0.3671,0.9999712,413.495,0.8965866,3.3895,1.0,1.0,1.0,1.0,1.0,1.0,1.0,1.0,20,-11.067574,-2.871187
15.4968,34.0784,-0.3946,0.5263096,F[B-](F)(F)n1cccc1[N+]1=C(Cl)C(Cl)=CC1=C1c2cccn2[B-](F)(F)n2cccc21,1,[BH2-]1n2cccc2C(=C2C=CC=[N+]2c2ccc[nH]2)c2cccn21,0.8027639,-0.214,0.031757,1.2896,0.9999995,457.815,0.6359107,4.9551,1.0,1.0,1.0,1.0,1.0,1.0,1.0,1.0,260,34.963417,-18.768068
29.4439,32.1301,-12.2664,0.3103704,COc1cccc2cc3cccc(C(=O)NN=Cc4ccccn4)c3nc12,1,O=C(NN=Cc1ccccn1)c1cccc2cc3ccccc3nc12,0.1918255,-4.8422,0.0152832,0.4773,0.9944767,356.385,0.9620208,2.3418,1.0,1.0,1.0,1.0,1.0,1.0,1.0,1.0,100,-18.270243,8.3546915
21.4691,34.4524,-6.1025,0.442968,CNC1=C(Br)C(=O)c2cc3ccccc3cc2C1=C1c2ccccc2C(=O)c2ccccc21,1,O=C1C=CC(=C2c3ccccc3C(=O)c3ccccc32)c2cc3ccccc3cc21,0.4652457,-2.7268,0.0166255,0.5701,1.0,492.372,0.9478317,2.6665,1.0,1.0,1.0,1.0,1.0,1.0,1.0,1.0,240,-7.9211035,10.358412
25.6162,24.3645,-23.1499,0.0189778,O=C(NCc1ccccc1NC(=O)c1ccccn1)c1ccccc1,1,O=C(NCc1ccccc1NC(=O)c1ccccn1)c1ccccc1,0.0001761,-16.5777,0.01133,0.1479,0.9473372,331.375,0.9794927,1.722,1.0,1.0,1.0,1.0,1.0,1.0,1.0,1.0,180,-7.438143,27.44341
21.5458,21.909,-11.1778,0.1676738,Cc1cccc(C)c1N1C(=O)C(=O)N(c2c(C)cccc2C)C1=C1N(c2c(C)cccc2C)C(=O)C(C)(C)C(=O)N1c1c(C)cccc1C,1,O=C1CC(=O)N(c2ccccc2)C(=C2N(c3ccccc3)C(=O)C(=O)N2c2ccccc2)N1c1ccccc1,0.0362005,-7.8448,0.0231666,0.9376,0.9999985,654.811,0.9299539,2.9731,1.0,1.0,1.0,1.0,1.0,1.0,1.0,1.0,40,-18.624563,-0.40450642
41.2268,43.715,-28.0897,0.2441453,O=C(O)c1ccccc1Nc1c2ncccc2cc2c3ccccc3n(C(=O)c3ccccn3)c12,1,O=C(c1ccccn1)n1c2ccccc2c2cc3cccnc3c(Nc3ccccc3)c21,0.0953105,-6.1651,0.0210401,0.8307,0.9999995,458.477,0.9487182,2.6489,1.0,1.0,1.0,1.0,1.0,1.0,1.0,1.0,140,-25.812857,-13.535098
27.382,25.7244,-21.9456,0.059043,O=c1oc2ccccc2cc1-c1cncc2ccccc12,1,O=c1oc2ccccc2cc1-c1cncc2ccccc12,0.0091777,-10.1247,0.0148061,0.4423,0.078711,273.291,0.9716435,2.0466,1.0,1.0,1.0,1.0,1.0,1.0,1.0,1.0,400,-28.240604,8.6380825
22.7156,29.0782,1.1043,0.4716008,CC1(C)C2=C(c3ccccc3CC2=C2C=Cc3ccccc32)c2ccccc21,1,C1=Cc2ccccc2C1=C1Cc2ccccc2C2=C1Cc1ccccc12,0.5034408,-2.4776,0.0220426,0.8824,0.9954432,358.484,0.9422105,2.7723,1.0,1.0,1.0,1.0,1.0,1.0,1.0,1.0,340,-4.7611737,9.319603
20.5052,27.498,-22.5211,0.0777646,[O-][n+]1onc(-c2ccc3ccccc3c2)c1-c1ccccc1,1,c1ccc(-c2[nH+]onc2-c2ccc3ccccc3c2)cc1,0.0106088,-9.8864,0.0158825,0.5197,0.2540633,288.306,0.9613526,2.3595,1.0,1.0,1.0,1.0,1.0,1.0,1.0,1.0,260,-15.127473,-1.5803634
29.0733,29.0992,-28.9321,0.0026107,O=S(=O)(c1ccc(Br)cc1)N1CC2CCCC2(c2ccc(Cl)cc2)C1,1,O=S(=O)(c1ccccc1)N1CC2CCCC2(c2ccccc2)C1,1.2e-06,-24.7088,0.0106748,0.0825,0.9999977,440.79,0.9183028,3.1357,1.0,1.0,1.0,1.0,1.0,1.0,1.0,1.0,40,-11.222908,-2.2715862
38.258,46.6446,-13.8137,0.5129833,Cc1cc(C)c(C=NC2=C(c3ccccc3)OC(c3ccccc3)=[N+]3C(=O)C2=Cc2c(C)cc(C)n2[B-]3(F)F)c(C)c1,1,O=C1C2=Cc3cccn3[BH2-][N+]1=C(c1ccccc1)OC(c1ccccc1)=C2N=Cc1ccccc1,0.7262534,-0.911,0.0236061,0.9585,1.0,561.441,0.7494048,4.4296,1.0,1.0,1.0,1.0,1.0,1.0,1.0,1.0,120,12.630318,1.7664843
9.7364,29.6805,-29.6805,0.0,F[B-]1(F)n2cc(Cl)cc2C(c2ccccc2)=C2C(c3ccccc3)=CC(c3ccccc3)=[N+]21,1,[BH2-]1n2cccc2C(c2ccccc2)=C2C(c3ccccc3)=CC(c3ccccc3)=[N+]12,0.8341504,0.1307,0.0367099,1.4526,0.9999993,454.716,0.9063575,3.2819,1.0,1.0,1.0,1.0,1.0,1.0,1.0,1.0,380,17.965801,-4.1651053
22.7681,37.7577,-8.4211,0.4583844,O=[N+]([O-])c1ccc(C2=CC(=C3C=C(c4ccccc4)O[B-](F)(F)[N+]3=O)C(c3ccccc3)=N2)cc1,1,O=[N+]1[BH2-]OC(c2ccccc2)=CC1=C1C=C(c2ccccc2)N=C1c1ccccc1,0.5150879,-2.4017,0.0184451,0.6849,0.9999999,471.228,0.891785,3.4391,1.0,1.0,1.0,1.0,1.0,1.0,1.0,1.0,380,8.2672825,-4.1199737
23.8431,23.3575,-19.9299,0.053557,Brc1ccc2c(C3OC3c3ccccc3)cccc2c1,1,c1ccc(C2OC2c2cccc3ccccc23)cc1,0.0019704,-12.6422,0.0269218,1.1049,0.9106392,325.205,0.9430076,2.7579,1.0,1.0,1.0,1.0,1.0,1.0,1.0,1.0,180,-19.499561,7.78811
27.0998,25.0503,-24.949,0.0015828,CC1=C2COc3cccc(O)c3C2OC1=O,1,O=C1C=C2COc3ccccc3C2O1,1.07e-05,-21.1471,0.0122109,0.2302,0.0005347,218.208,0.8931019,3.4257,1.0,1.0,1.0,1.0,1.0,1.0,1.0,1.0,360,-26.845255,11.570151
17.0277,21.0762,-21.0762,0.0,C(=NN=C1c2ccccc2-c2ccccc21)c1cccc2ccccc12,1,C(=NN=C1c2ccccc2-c2ccccc21)c1cccc2ccccc12,0.0742548,-6.6091,0.0134245,0.3344,0.9518782,332.406,0.9672996,2.1902,1.0,1.0,1.0,1.0,1.0,1.0,1.0,1.0,340,-4.7841997,16.011099
44.7122,52.149,-37.8138,0.2239884,O=C1c2ccccc2C(=O)C2(c3ccccc3)C3=C(CCCc4cc5c(cc43)CCC5=Cc3ccccc3)c3ccccc3N12,1,O=C1c2ccccc2C(=O)C2(c3ccccc3)C3=C(CCCc4cc5c(cc43)CCC5=Cc3ccccc3)c3ccccc3N12,0.0859834,-6.3495,0.0173615,0.618,1.0,581.715,0.8813952,3.5401,1.0,1.0,1.0,1.0,1.0,1.0,1.0,1.0,120,-10.826206,8.500256
39.5146,43.4954,-36.1264,0.1151416,COc1ccc2c3c1C=C1OC(c4ccccc4)(c4ccccc4-3)c3ccccc3C2(OC)c2ccccc21,1,C1=C2OC3(c4ccccc4)c4ccccc4-c4c1cccc4C(c1ccccc12)c1ccccc13,0.0186923,-8.9505,0.0247088,1.0093,1.0,506.601,0.6191065,5.0253,1.0,1.0,1.0,1.0,1.0,1.0,1.0,1.0,120,7.9244113,19.504639
19.4372,31.985,1.116,0.5172039,O=C1c2ccccc2C(=Cc2ccc3ccccc3c2)[N+]1=C1c2cccn2[B-](F)(F)n2cccc21,1,O=C1c2ccccc2C(=Cc2ccc3ccccc3c2)[N+]1=C1c2cccn2[BH2-]n2cccc21,0.6840718,-1.2418,0.0217229,0.8661,0.9999996,461.28,0.8603696,3.7232,1.0,1.0,1.0,1.0,1.0,1.0,1.0,1.0,320,36.831738,-16.668648
33.8731,32.0498,-32.0498,0.0,COc1ccc(C(C(=O)Nc2ccc(Cl)cc2)(C(=O)N2CCOCC2)c2ccc(OC)cc2)cc1,1,O=C(Nc1ccccc1)C(C(=O)N1CCOCC1)(c1ccccc1)c1ccccc1,0.0,0.0,0.0,0.0,0.0,0.0,0.0,0.0,1.0,1.0,0.0,0.0,0.0,0.0,0.0,0.0,40,-2.2911263,-24.793272
24.5324,33.588,-5.4007,0.4404272,O=C1Nc2ccc3ccccc3c2C1=c1c2ccncc2c(=O)n2cccc12,1,O=C1Nc2ccc3ccccc3c2C1=c1c2ccncc2c(=O)n2cccc12,0.4440965,-2.8657,0.018738,0.7023,0.9970914,363.376,0.9434824,2.7493,1.0,1.0,1.0,1.0,1.0,1.0,1.0,1.0,400,-15.98566,-22.059217
32.356,55.3378,-33.8969,0.3350146,COc1ccc(C2=CC(=C3C(=O)C(F)=C(c4ccc(C)cc4)C3=[NH+]Nc3ccc(F)cc3)c3ccccc32)cc1,1,O=C1C=C(c2ccccc2)C(=[NH+]Nc2ccccc2)C1=C1C=C(c2ccccc2)c2ccccc21,0.2272277,-4.4935,0.0189016,0.712,1.0,531.582,0.9093089,3.2474,1.0,1.0,1.0,1.0,1.0,1.0,1.0,1.0,380,4.5410585,-10.747341
10.2786,22.2978,14.6538,0.5773695,F[B-]1(F)n2cccc2C(c2ccccn2)=C2c3ccccc3C=[N+]21,1,[BH2-]1n2cccc2C(c2ccccn2)=C2c3ccccc3C=[N+]12,0.8263482,0.0406,0.0352874,1.4081,0.8533714,319.123,0.8765063,3.585,1.0,1.0,1.0,1.0,1.0,1.0,1.0,1.0,260,18.91071,-17.167484
10.2616,29.2831,-29.2831,0.0,F[B-]1(F)n2c(Br)ccc2C(c2ccncc2)=C2c3ccccc3C(c3ccccc3)=[N+]21,1,[BH2-]1n2cccc2C(c2ccncc2)=C2c3ccccc3C(c3ccccc3)=[N+]12,0.8086505,-0.1527,0.0372978,1.4705,0.9999999,474.117,0.902532,3.3251,1.0,1.0,1.0,1.0,1.0,1.0,1.0,1.0,280,12.127908,-4.4537163
35.083,42.2767,-15.6488,0.4160616,O=C(c1ccccc1)c1cc2c(-c3cccs3)c3cc(Cl)ccc3c-2cc2ccccc12,1,O=C(c1ccccc1)c1cc2c(-c3cccs3)c3ccccc3c-2cc2ccccc12,0.3892294,-3.2338,0.0169961,0.5945,0.9999989,448.974,0.9634137,2.3039,1.0,1.0,1.0,1.0,1.0,1.0,1.0,1.0,360,-27.308352,-0.21540554
29.486,35.0103,-25.7278,0.1450383,O=[P-](=C1C=[N+]=C=C(c2ccccc2Cl)N=N1)(c1ccccc1)c1ccccc1,1,O=[P-](=C1C=[N+]=C=C(c2ccccc2)N=N1)(c1ccccc1)c1ccccc1,0.0323961,-8.032,0.0152508,0.4749,0.9999296,403.809,0.7869608,4.2231,1.0,1.0,1.0,1.0,1.0,1.0,1.0,1.0,180,-9.153147,5.888485
27.7529,39.4185,-25.5887,0.2160893,F[B-](F)(C1=NC2=C(c3ccccc3)C=[S+]C2=C1c1ccccc1)c1ccccc1,1,[BH2-](C1=NC2=C(c3ccccc3)C=[S+]C2=C1c1ccccc1)c1ccccc1,0.0762777,-6.5618,0.0189209,0.7131,0.9998931,399.274,0.883943,3.5161,1.0,1.0,1.0,1.0,1.0,1.0,1.0,1.0,260,10.824619,8.693917
29.5685,46.1151,-18.9705,0.424134,F[B-]1(F)c2ccnc(-c3ccc(-c4ccc[nH]4)c4cccn34)c2C(c2ccccc2)=C(c2cccs2)c2cccn21,1,[BH2-]1c2ccnc(-c3ccc(-c4ccc[nH]4)c4cccn34)c2C(c2ccccc2)=C(c2cccs2)c2cccn21,0.4037186,-3.1351,0.0242191,0.987,1.0,555.442,0.8495614,3.8084,1.0,1.0,1.0,1.0,1.0,1.0,1.0,1.0,260,31.546724,-15.919306
27.6634,28.8235,0.4649,0.4576306,COc1ccc2c(c1)C1=C(c3ccccc3)C(c3ccccc3)=C(c3ccccc3)C1(c1ccccc1)S2,1,c1ccc(C2=C(c3ccccc3)C3(c4ccccc4)Sc4ccccc4C3=C2c2ccccc2)cc1,0.4293622,-2.9633,0.0302994,1.237,1.0,506.67,0.9214138,3.0945,1.0,1.0,1.0,1.0,1.0,1.0,1.0,1.0,260,4.7645173,10.500421
42.8626,42.1233,-36.1612,0.0931579,C1=CN2C=CC=C3CCC[B-]32O[N+](=P(Cc2ccccc2)(c2ccccc2)c2ccccc2)C=C1,1,C1=CN2C=CC=C3CCC[B-]32O[N+](=P(Cc2ccccc2)(c2ccccc2)c2ccccc2)C=C1,0.010687,-9.8743,0.0257344,1.0546,0.9999999,476.369,0.6261925,4.9959,1.0,1.0,1.0,1.0,1.0,1.0,1.0,1.0,100,-26.880323,7.193745
25.083,33.0958,-3.9961,0.4546832,c1ccc(-c2ccc(-c3c4ccccc4c(-c4cccc(-c5ccc(-c6c7ccccc7cc7ccccc67)cc5)c4)c4c5ccccc5c5ccccc5c34)cc2)cc1,1,c1ccc(-c2ccc(-c3c4ccccc4c(-c4cccc(-c5ccc(-c6c7ccccc7cc7ccccc67)cc5)c4)c4c5ccccc5c5ccccc5c34)cc2)cc1,0.4567277,-2.7826,0.0221215,0.8863,0.9776769,758.964,0.9568455,2.4719,1.0,1.0,1.0,1.0,1.0,1.0,1.0,1.0,280,-25.115536,-7.148788
29.7191,33.8614,-27.1762,0.1044562,Cc1c(-c2ccccc2)c(C)n(S(=O)(=O)c2ccccc2[N+](=O)[O-])c(=O)c1-c1ccccc1,1,O=c1c(-c2ccccc2)cc(-c2ccccc2)cn1S(=O)(=O)c1ccccc1,0.0125398,-9.6109,0.0136443,0.3523,0.9999996,460.511,0.9565864,2.478,1.0,1.0,1.0,1.0,1.0,1.0,1.0,1.0,80,-11.707053,-6.451274
21.6524,23.5913,-13.5623,0.1567025,COc1cc(N=Nc2ccccc2)cc(C#N)c1C#N,1,c1ccc(N=Nc2ccccc2)cc1,0.1626474,-5.1687,0.0182826,0.6751,0.0300356,262.272,0.9500196,2.6224,1.0,1.0,1.0,1.0,1.0,1.0,1.0,1.0,120,7.70172,25.490387
18.4429,23.3346,4.745,0.4387426,O=C1c2ccccc2C(=O)[N+]1=C1c2ccccc2-c2ccccc21,1,O=C1c2ccccc2C(=O)[N+]1=C1c2ccccc2-c2ccccc21,0.5238379,-2.3446,0.0166081,0.569,0.7214393,310.332,0.9578312,2.4483,1.0,1.0,1.0,1.0,1.0,1.0,1.0,1.0,200,15.629098,5.187462
17.8754,35.9621,1.9608,0.5925456,F[B-]1(F)n2c(Cl)ccc2C(c2ccc(Br)cc2)=C2C(c3ccc(Br)cc3)=C(c3ccccc3)C(Cl)=[N+]21,1,[BH2-]1n2cccc2C(c2ccccc2)=C2C(c3ccccc3)=C(c3ccccc3)C=[N+]12,0.8123782,-0.1132,0.0343572,1.378,0.9999992,646.953,0.8971995,3.383,1.0,1.0,1.0,1.0,1.0,1.0,1.0,1.0,240,19.938196,-1.3389382
22.923,23.617,-20.6869,0.0457826,O=C(Nc1ccc([N+](=O)[O-])c(Cl)c1)c1c(Cl)cccc1Cl,1,O=C(Nc1ccccc1)c1ccccc1,0.0016261,-12.9556,0.0112882,0.1439,0.9851831,345.569,0.9742412,1.9501,1.0,1.0,1.0,1.0,1.0,1.0,1.0,1.0,120,-6.28483,-16.950922
19.6893,20.0443,-18.8426,0.0187763,c1ccc(-c2nn(-c3ncccn3)c(-c3ccccc3)c2-c2ccccc2)cc1,1,c1ccc(-c2nn(-c3ncccn3)c(-c3ccccc3)c2-c2ccccc2)cc1,0.000163,-16.7038,0.0126228,0.2667,0.9989489,374.447,0.9700942,2.1001,1.0,1.0,1.0,1.0,1.0,1.0,1.0,1.0,60,7.605945,5.679302
26.6851,33.65,-10.4957,0.3617865,Brc1ccc(C2=CC(=c3c4ccccc4c4c5cccc(c35)C=CC=4)c3ccccc32)cc1,1,C1=Cc2cccc3c(c4ccccc4c(=C4C=C(c5ccccc5)c5ccccc54)c23)=C1,0.2946668,-3.9215,0.0189236,0.7133,0.9999999,483.408,0.8355262,3.9118,1.0,1.0,1.0,1.0,1.0,1.0,1.0,1.0,360,3.6257544,-8.33282
16.2315,32.3066,5.2547,0.5868939,F[B-]1(F)n2cccc2C(c2ccccn2)=C2c3ccccc3C(c3c4ccccc4cc4ccccc34)=[N+]21,1,[BH2-]1n2cccc2C(c2ccccn2)=C2c3ccccc3C(c3c4ccccc4cc4ccccc34)=[N+]12,0.8410656,0.2135,0.0281044,1.1529,1.0,495.341,0.9004468,3.3481,1.0,1.0,1.0,1.0,1.0,1.0,1.0,1.0,320,17.834307,0.47086874
13.8454,32.1154,-6.9214,0.3936565,F[B-]1(F)n2c(cc(Cl)c2Cl)C(Cl)=C2C(c3ccccc3)=C(Cl)C(Cl)=[N+]2[B-]1(F)F,1,[BH2-]1[BH2-][N+]2=CC=C(c3ccccc3)C2=Cc2cccn21,0.3235765,-3.7009,0.031323,1.2742,1.0,489.108,0.7990465,4.1512,1.0,1.0,1.0,1.0,1.0,1.0,1.0,1.0,400,23.567968,3.3667984
12.5069,27.9481,9.2365,0.5810099,FC1=C(F)C(F)=[N+]2C1=C(c1cccs1)c1cccn1[B-]2(F)F,1,[BH2-]1n2cccc2C(c2cccs2)=C2C=CC=[N+]12,0.8437842,0.2469,0.0387317,1.5131,0.9299363,328.074,0.796904,4.1642,1.0,1.0,1.0,1.0,1.0,1.0,1.0,1.0,260,25.241049,-12.151483
25.5857,31.4073,2.6185,0.5316532,Fc1ccc(F)c(-c2cccc3cc4cc(Cl)ccc4cc23)c1,1,c1ccc(-c2cccc3cc4ccccc4cc23)cc1,0.6016953,-1.8281,0.0352112,1.4056,0.9072241,324.757,0.9729334,1.9998,1.0,1.0,1.0,1.0,1.0,1.0,1.0,1.0,160,-27.536293,-10.727232
22.0543,21.7401,-21.7401,0.0,CC1(C)OCC(C=CC#N)O1,1,C1COCO1,0.0,0.0,0.0,0.0,0.0,0.0,0.0,0.0,1.0,1.0,0.0,0.0,0.0,0.0,0.0,0.0,20,-23.815334,25.329842
22.549,24.3103,-15.1078,0.1437901,Cc1ccc(-c2c(-c3ccccc3)c(=O)oc3cc(Cl)ccc23)cc1,1,O=c1oc2ccccc2c(-c2ccccc2)c1-c1ccccc1,0.022988,-8.6065,0.0259061,1.062,0.9867659,346.813,0.9742342,1.9504,1.0,1.0,1.0,1.0,1.0,1.0,1.0,1.0,240,-2.9322624,-7.367469
13.2887,17.8879,5.5595,0.3663659,c1ccc(C2=C3C(=C(c4ccccc4)c4ccccc43)c3ccccc32)cc1,1,c1ccc(C2=C3C(=C(c4ccccc4)c4ccccc43)c3ccccc32)cc1,0.2647717,-4.1633,0.020161,0.7834,0.9934075,354.452,0.9797285,1.7105,1.0,1.0,1.0,1.0,1.0,1.0,1.0,1.0,80,4.1004224,12.905217
13.684,24.1365,15.2468,0.6153635,F[B-]1(F)n2cccc2C(c2ccc(Cl)cc2)=C2C(c3ccccc3)=CC(c3ccccc3)=[N+]21,1,[BH2-]1n2cccc2C(c2ccccc2)=C2C(c3ccccc3)=CC(c3ccccc3)=[N+]12,0.8672408,0.5565,0.0367854,1.4549,0.9999993,454.716,0.9084132,3.258,1.0,1.0,1.0,1.0,1.0,1.0,1.0,1.0,380,18.734066,-5.224099
18.0944,18.5681,-17.6107,0.0149587,c1cncc(-c2cc(-c3ccncc3)cc(-c3ccncc3)c2)c1,1,c1cncc(-c2cc(-c3ccncc3)cc(-c3ccncc3)c2)c1,0.000106,-17.405,0.013204,0.3162,0.7033275,309.372,0.9720553,2.0319,1.0,1.0,1.0,1.0,1.0,1.0,1.0,1.0,20,32.919975,-7.1439776
62.1644,63.7623,-63.3975,0.0057005,C1=CC2C(CC3COCC4(CCC5c6ccccc6CC54)C32)C2CC=C1C1(CO1)C2,1,C1=CC2C(CC3COCC4(CCC5c6ccccc6CC54)C32)C2CC=C1C1(CO1)C2,1.84e-05,-20.2576,0.0248074,1.0137,0.999905,400.562,0.2469981,6.5892,1.0,1.0,1.0,1.0,1.0,1.0,1.0,1.0,40,-19.624521,19.641405
47.6218,49.1911,-34.7798,0.2251772,COc1ccc(CC2Cc3ccccc3N3C(=O)C(=[N+]([O-])[O-])C4=[S+]C(=Cc5ccccc5)N=C4C23)cc1,1,[N+]=C1C(=O)N2c3ccccc3CC(Cc3ccccc3)C2C2=NC(=Cc3ccccc3)[S+]=C12,0.0913667,-6.241,0.019356,0.7383,1.0,509.587,0.7935585,4.1842,1.0,1.0,1.0,1.0,1.0,1.0,1.0,1.0,180,-8.534302,-9.1519165
38.924,44.1179,-29.4707,0.2288624,CC1=CC2=C3C4=CC=C1C(=CC(c1ccccc1)=C2C3C)C(c1ccccc1)=C4,1,C1=CC2=C3CC2=C(c2ccccc2)C=C2C1=CC=C3C=C2c1ccccc1,0.1072001,-5.9521,0.0162258,0.5433,0.998488,370.495,0.7305564,4.5253,1.0,1.0,1.0,1.0,1.0,1.0,1.0,1.0,80,7.3963065,3.66471
41.6195,55.1451,-47.903,0.1131573,C1=C(c2ccccc2-c2ccccc2)C(c2ccccc2-c2ccc3ccccc3c2-c2cccc3c(-c4c5ccccc5cc5ccccc45)cccc23)=NC1=C1c2ccccc2-c2ccccc21,1,C1=C(c2ccccc2-c2ccccc2)C(c2ccccc2-c2ccc3ccccc3c2-c2cccc3c(-c4c5ccccc5cc5ccccc45)cccc23)=NC1=C1c2ccccc2-c2ccccc21,0.5893276,-1.9118,0.0163552,0.552,0.0003593,886.11,0.905638,3.2901,1.0,1.0,1.0,1.0,1.0,1.0,1.0,1.0,180,-28.889233,-6.017509
32.4597,38.7443,-8.9956,0.4648238,CN1Cc2ccccc2C23OC2=C(c2ccccc2)C2=C(c4ccccc4)c4ccccc4C2=C13,1,c1ccc(C2=C3OC34C(=C3C2=C(c2ccccc2)c2ccccc23)NCc2ccccc24)cc1,0.5310867,-2.2972,0.0213477,0.8468,0.999999,449.553,0.8464398,3.832,1.0,1.0,1.0,1.0,1.0,1.0,1.0,1.0,260,3.4174576,13.1037035
30.5318,41.332,-15.0145,0.4112124,O=C1C(c2ccccc2)=C2C(=Cc3ccccc3F)C=CC2=C1c1cccc2ccccc12,1,O=C1C(c2ccccc2)=C2C(=Cc3ccccc3)C=CC2=C1c1cccc2ccccc12,0.3857463,-3.2577,0.0164994,0.5617,0.9999913,426.49,0.9489464,2.6443,1.0,1.0,1.0,1.0,1.0,1.0,1.0,1.0,300,-2.6555622,5.2873797
19.8741,22.2849,-11.4301,0.1696066,O=C1C(O)=C(Cl)C(=O)c2cc([N+](=O)[O-])ccc21,1,O=C1C=CC(=O)c2ccccc21,0.2957832,-3.9127,0.0158771,0.5193,0.0137364,253.597,0.9591005,2.4172,1.0,1.0,1.0,1.0,1.0,1.0,1.0,1.0,220,-9.721576,-16.903564
18.725,17.8646,-17.8646,0.0,CC[N+]1=C(C)c2ccccc2[B-]1(c1ccccc1)c1ccccc1,1,C1=[NH+][B-](c2ccccc2)(c2ccccc2)c2ccccc21,0.0,0.0,0.0,0.0,0.0,0.0,0.0,0.0,1.0,1.0,0.0,0.0,0.0,0.0,0.0,0.0,80,14.6505165,7.438135
42.8588,52.3375,-28.9388,0.3656036,F[B-]1(F)C2=CC=C(c3cccc(Br)c3)C1=N[N+](c1ccccn1)=C2c1ccc(Br)cc1,1,[BH2-]1C2=CC=C(c3ccccc3)C1=N[N+](c1ccccn1)=C2c1ccccc1,0.3328737,-3.6322,0.0177119,0.6401,1.0,541.002,0.7579933,4.3844,1.0,1.0,1.0,1.0,1.0,1.0,1.0,1.0,280,23.46114,-1.0882857
38.3926,50.7997,-31.6312,0.2995078,O=C(c1ccccc1)c1c(Br)cc2c([n+]1-c1ccccc1)N([O-])[B-](F)(F)C(Cl)=C2,1,O=C(c1ccccc1)c1ccc2c([n+]1-c1ccccc1)N[BH2-]C=C2,0.166508,-5.123,0.0235585,0.9563,0.9999999,476.493,0.8618304,3.7112,1.0,1.0,1.0,1.0,1.0,1.0,1.0,1.0,320,13.809399,0.6532228
24.4233,36.7873,-0.8223,0.5619538,F[B-](F)(F)[N+]1=C(c2ccccc2)C(c2c3ccccc3cc3ccccc23)=C1c1cccn1-c1ccccc1,1,c1ccc(C2=[NH+]C(c3cccn3-c3ccccc3)=C2c2c3ccccc3cc3ccccc23)cc1,0.7666746,-0.5626,0.0250399,1.0241,1.0,514.359,0.9216468,3.0914,1.0,1.0,1.0,1.0,1.0,1.0,1.0,1.0,380,-25.343788,-8.130318
15.9536,15.4692,-15.3806,0.0013852,[NH3+]c1ccc(S(=O)(=O)[O-])cc1,1,c1ccccc1,5.4e-05,-18.5039,0.012766,0.2791,8.5e-06,173.193,0.8241792,3.9904,1.0,1.0,1.0,1.0,1.0,1.0,1.0,1.0,40,-9.67605,-19.291744
39.7876,40.8858,-40.8858,0.0,COC(=O)C(F)(C(=O)NC(=Cc1ccccc1)C(=O)Nc1ccccc1)c1cccs1,1,O=C(Cc1cccs1)NC(=Cc1ccccc1)C(=O)Nc1ccccc1,0.0,0.0,0.0,0.0,0.0,0.0,0.0,0.0,1.0,1.0,0.0,0.0,0.0,0.0,0.0,0.0,60,-5.0565844,28.960506
32.8566,41.3092,-9.6119,0.495271,F[B-]1(F)C2=Cc3ccnn3C(c3ccc(Br)cc3)=[N+]1C(=Cc1ccccc1)C=C2,1,[BH2-]1C2=Cc3ccnn3C(c3ccccc3)=[N+]1C(=Cc1ccccc1)C=C2,0.6467285,-1.5152,0.025547,1.0464,0.999999,450.095,0.7518077,4.417,1.0,1.0,1.0,1.0,1.0,1.0,1.0,1.0,240,9.758973,-5.0716686
32.8602,40.9576,-28.1495,0.2001275,Brc1cccc(C=c2ccc(-c3ncccc3Br)c3c2=[S+]C=C3)c1,1,C1=Cc2c(-c3ccccn3)ccc(=Cc3ccccc3)c2=[S+]1,0.0620706,-6.9223,0.0199601,0.7723,0.9999995,458.198,0.8780002,3.5714,1.0,1.0,1.0,1.0,1.0,1.0,1.0,1.0,340,23.955814,0.07860616
32.548,42.2976,-20.7801,0.3362106,Clc1ccc2c(c1)C(=C1N=C(c3ccccc3)c3cc(Br)ccc3N1)C(=Nc1ccccc1)N2c1ccccc1,1,c1ccc(N=C2C(=C3N=C(c4ccccc4)c4ccccc4N3)c3ccccc3N2c2ccccc2)cc1,0.2186858,-4.5738,0.0205505,0.8046,1.0,601.935,0.9352382,2.8909,1.0,1.0,1.0,1.0,1.0,1.0,1.0,1.0,260,4.2404294,0.7582427
21.2168,26.3194,9.5722,0.5608069,O=C1C(NCc2ccccn2)=CC=CC1=NNc1ccc([N+](=O)[O-])cc1,1,O=C1C(NCc2ccccn2)=CC=CC1=NNc1ccccc1,0.7402807,-0.7942,0.0262892,1.0784,0.9894946,349.35,0.945605,2.7097,1.0,1.0,1.0,1.0,1.0,1.0,1.0,1.0,360,-9.39365,-14.278349
36.8691,37.2,-37.1928,0.0001118,C=C1C2OOC(C)(C)C(C=CC2O)C1(C)O,1,C=C1CC2C=CCC1OOC2,0.0,-31.7411,0.0120128,0.2122,0.001123,226.272,0.4317042,5.7686,1.0,1.0,1.0,1.0,1.0,1.0,1.0,1.0,40,-22.337637,25.141352
20.1264,23.3145,-18.0464,0.0823129,O=C1CCN(c2ccccc2)CC1=C(c1ccccc1)c1ccccc1,1,O=C1CCN(c2ccccc2)CC1=C(c1ccccc1)c1ccccc1,0.0070326,-10.5618,0.0126369,0.2679,0.9742284,339.438,0.9681525,2.1635,1.0,1.0,1.0,1.0,1.0,1.0,1.0,1.0,200,0.574133,21.706459
18.6716,22.1094,-2.735,0.3027247,COc1ccc(-c2c(C)c(=O)c(=NNc3ccccc3)c2=O)cc1,1,O=c1cc(-c2ccccc2)c(=O)c1=NNc1ccccc1,0.1805007,-4.964,0.0186411,0.6966,0.8669342,320.348,0.9617339,2.3495,1.0,1.0,1.0,1.0,1.0,1.0,1.0,1.0,160,-5.5306764,-7.430428
18.1488,29.7308,-8.0009,0.3395293,Cc1ccc(C=C2c3ccccc3C3=[N+](c4ccccc43)[B-]2(F)F)cc1,1,[BH2-]1C(=Cc2ccccc2)c2ccccc2C2=[N+]1c1ccccc12,0.23211,-4.4485,0.0200164,0.7754,0.9816118,343.185,0.9136392,3.195,1.0,1.0,1.0,1.0,1.0,1.0,1.0,1.0,380,6.5907106,-7.837119
23.6332,42.5477,-11.5716,0.4840018,C[O+]=C1C=CC(Br)=C2C1=C(c1cccnc1)c1cc(-c3ccccc3)c(-c3ccc(Br)cc3)n1[B-]2(F)F,1,[O+]=C1C=CC=C2[BH2-]n3c(cc(-c4ccccc4)c3-c3ccccc3)C(c3cccnc3)=C12,0.5892319,-1.9124,0.0207672,0.8162,0.9999999,620.1,0.8544204,3.7707,1.0,1.0,1.0,1.0,1.0,1.0,1.0,1.0,400,21.503508,-1.0449595
19.7508,35.9438,0.2026,0.5647876,F[B-]1(F)C2=C(c3ccccc3)c3cc(Cl)cc(Cl)[n+]3[B-](F)(F)C2=C(c2ccc(Cl)cc2)c2cccn21,1,[BH2-]1C2=C(c3ccccc3)c3cccc[n+]3[BH2-]C2=C(c2ccccc2)c2cccn21,0.7838686,-0.4018,0.0320226,1.299,1.0,546.376,0.8251301,3.9839,1.0,1.0,1.0,1.0,1.0,1.0,1.0,1.0,280,21.198032,-4.097204
37.11,37.7031,-22.0087,0.2452254,OC1CCC(c2ccccc2)=[N+]=C1C1=CC=CC23N=S2(=N1)[N-]3,1,C1=CC23N=S2(=NC(C2=[N+]=C(c4ccccc4)CCC2)=C1)[N-]3,0.1783448,-4.9879,0.0247581,1.0115,0.7223637,310.382,0.4854976,5.5567,1.0,1.0,1.0,1.0,1.0,1.0,1.0,1.0,100,-1.3390887,-3.7394269
24.7392,28.0159,0.8675,0.4513037,C1=C(c2ccc(-c3ccccc3)cc2)SC(Oc2ccccc2)C(c2ccccc2)=C1,1,C1=C(c2ccc(-c3ccccc3)cc2)SC(Oc2ccccc2)C(c2ccccc2)=C1,0.4077353,-3.108,0.0306923,1.2514,0.9999819,418.561,0.9363721,2.8724,1.0,1.0,1.0,1.0,1.0,1.0,1.0,1.0,80,8.4242,3.9106498
20.1332,27.7049,3.7396,0.4913197,O=C1C2=C(Cc3ccccc31)C(=C1c3ccccc3-c3ccccc31)c1ccccc12,1,O=C1C2=C(Cc3ccccc31)C(=C1c3ccccc3-c3ccccc31)c1ccccc12,0.5804912,-1.971,0.018359,0.6797,0.9998336,394.473,0.9617689,2.3485,1.0,1.0,1.0,1.0,1.0,1.0,1.0,1.0,380,-3.820274,13.270728
31.2737,41.1274,-14.9301,0.4093332,O=C1C=C(c2ccccc2)C(=C2N=C(c3ccccc3)C2c2ccc(Br)cc2)c2ccc(Br)cc21,1,O=C1C=C(c2ccccc2)C(=C2N=C(c3ccccc3)C2c2ccccc2)c2ccccc21,0.3827158,-3.2785,0.0178793,0.6505,1.0,581.307,0.914481,3.1845,1.0,1.0,1.0,1.0,1.0,1.0,1.0,1.0,220,7.3353577,-0.816481
26.9227,28.7417,-17.6687,0.1730164,N=C1c2ccccc2C(=O)c2c1n(Cc1ccccc1)c1ccccc21,1,N=C1c2ccccc2C(=O)c2c1n(Cc1ccccc1)c1ccccc21,0.0451951,-7.4681,0.0139662,0.378,0.9661707,336.394,0.9660626,2.2278,1.0,1.0,1.0,1.0,1.0,1.0,1.0,1.0,60,-12.937495,3.5766928
14.5729,28.4614,10.0359,0.6015207,Cc1ccc(C2=C3C=C(c4ccccc4)C(c4ccccc4)=[N+]3[B-](F)(F)n3cc(C)cc32)cc1,1,[BH2-]1n2cccc2C(c2ccccc2)=C2C=C(c3ccccc3)C(c3ccccc3)=[N+]12,0.8227466,0.0,0.0361666,1.4358,0.9999988,448.325,0.9085692,3.2562,1.0,1.0,1.0,1.0,1.0,1.0,1.0,1.0,300,16.738152,-4.032443
19.5039,25.5818,2.9979,0.4465578,Fc1ccc2c(c1)C(=C1c3cc(Cl)ccc3-c3ccc(Cl)cc31)c1ccccc1-2,1,c1ccc2c(c1)C(=C1c3ccccc3-c3ccccc31)c1ccccc1-2,0.4832284,-2.6093,0.0150437,0.4598,0.9999756,415.294,0.9644124,2.2758,1.0,1.0,1.0,1.0,1.0,1.0,1.0,1.0,380,-5.170022,12.169492
17.8842,17.7639,-17.6522,0.0017441,Cn1c(=O)[nH]c2cc(F)ccc2c1=O,1,O=c1[nH]c(=O)c2ccccc2[nH]1,3.42e-05,-19.2463,0.0137146,0.358,5.84e-05,194.165,0.9722238,2.0258,1.0,1.0,1.0,1.0,1.0,1.0,1.0,1.0,100,-12.914076,1.7387403
26.1432,30.2213,-18.8476,0.1777134,Cc1ccc(C=C2C(=O)Nc3ccccc3-c3cc(Br)ccc32)cc1,1,O=C1Nc2ccccc2-c2ccccc2C1=Cc1ccccc1,0.0419851,-7.5935,0.020834,0.8198,0.9997553,390.28,0.9696332,2.1155,1.0,1.0,1.0,1.0,1.0,1.0,1.0,1.0,100,-10.519261,2.0516086
11.0763,27.2603,3.1513,0.4751819,F[B-]1(F)n2cccc2C(c2ccc[nH]2)=C2C=C(Cl)C=[N+]21,1,[BH2-]1n2cccc2C(c2ccc[nH]2)=C2C=CC=[N+]12,0.8395441,0.1951,0.0424827,1.6177,0.3136404,291.497,0.7642531,4.3507,1.0,1.0,1.0,1.0,1.0,1.0,1.0,1.0,240,25.430393,-15.781749
11.0089,31.4395,3.5159,0.5461788,F[B-]1(F)C2=CC(Br)=CC2=C(c2cccnc2)c2ccc(Cl)n21,1,[BH2-]1C2=CC=CC2=C(c2cccnc2)c2cccn21,0.7140232,-1.0098,0.0309428,1.2605,0.9993927,380.408,0.8458899,3.8362,1.0,1.0,1.0,1.0,1.0,1.0,1.0,1.0,340,30.614378,-2.9731965
19.9039,43.8066,-8.2357,0.5557954,O=[N+]([O-])c1ccc(C2=c3c(c(-c4cccnc4)c4cccn34)[B-](F)(F)n3c(Br)cc(Cl)c32)cc1,1,[BH2-]1c2c(-c3cccnc3)c3cccn3c2=C(c2ccccc2)c2cccn21,0.7385353,-0.8089,0.0296301,1.212,1.0,540.54,0.8722556,3.6228,1.0,1.0,1.0,1.0,1.0,1.0,1.0,1.0,380,28.58457,-7.816274
30.7176,34.9602,-34.9602,0.0,N#CC(C=Nc1c2ccccc2c(Br)c2ccccc12)=CNc1ccccc1,1,C(=CNc1ccccc1)C=Nc1c2ccccc2cc2ccccc12,0.0,0.0,0.0,0.0,0.0,0.0,0.0,0.0,1.0,1.0,0.0,0.0,0.0,0.0,0.0,0.0,240,-15.739666,-11.703214
26.9957,26.2281,-26.1196,0.0016948,CN1CC2CSC(c3ccc(Cl)cc3)CC2C1,1,c1ccc(C2CC3CNCC3CS2)cc1,1.4e-06,-24.4183,0.0177181,0.6405,0.0491058,267.825,0.8718428,3.6264,1.0,1.0,1.0,1.0,1.0,1.0,1.0,1.0,40,0.07911745,-20.733253
21.6538,34.2286,3.5087,0.589646,CC1=CC=[N+]2C1=C(c1cccc(-c3ccc(C)cc3)c1)c1cccn1[B-]2(F)F,1,[BH2-]1n2cccc2C(c2cccc(-c3ccccc3)c2)=C2C=CC=[N+]12,0.8384743,0.1822,0.0304154,1.2413,0.9987107,372.227,0.890253,3.4545,1.0,1.0,1.0,1.0,1.0,1.0,1.0,1.0,380,25.480862,-20.543785
27.4112,29.4836,-25.7104,0.0589565,O=C1OC(O)(c2ccc3ccc4ccccc4c3c2)c2cccc3cccc1c23,1,O=C1OC(c2ccc3ccc4ccccc4c3c2)c2cccc3cccc1c23,0.0029295,-11.9947,0.0145742,0.4249,0.9991226,376.411,0.934783,2.8982,1.0,1.0,1.0,1.0,1.0,1.0,1.0,1.0,60,-21.21536,-1.5727028
17.9921,24.6611,-6.9921,0.2760769,F[B-]1(F)C2=CC=CC(c3ccccc3)=[N+]1C=Cc1ccccc12,1,[BH2-]1C2=CC=CC(c3ccccc3)=[N+]1C=Cc1ccccc12,0.1851926,-4.9129,0.0223729,0.8989,0.6161035,305.136,0.7830822,4.2456,1.0,1.0,1.0,1.0,1.0,1.0,1.0,1.0,340,0.032876246,-4.6846848
17.1759,18.992,-16.4954,0.0390105,O=C1C=CC=CC1=[S+]c1ccccc1,1,O=C1C=CC=CC1=[S+]c1ccccc1,0.0644491,-6.8569,0.019581,0.7511,0.0001124,201.27,0.8948093,3.4081,1.0,1.0,1.0,1.0,1.0,1.0,1.0,1.0,160,-12.388012,1.8183595
20.1888,37.4727,0.0468,0.5862424,CC1=CC(c2ccc(Cl)cc2)=[N+]2C1=C(c1ccc(Br)o1)c1ccc(Cl)n1[B-](F)(F)[B-]2(F)F,1,[BH2-]1[BH2-][N+]2=C(c3ccccc3)C=CC2=C(c2ccco2)c2cccn21,0.855998,0.4029,0.0344444,1.3809,1.0,544.755,0.8083375,4.0936,1.0,1.0,1.0,1.0,1.0,1.0,1.0,1.0,380,29.361664,2.5382168
15.5167,20.8739,-11.3516,0.1487853,c1ccc(C2=C(c3ccccc3)C(c3ccccc3)=C3C2=C(c2ccccc2)c2c3c3ccccc3c3ccccc23)cc1,1,c1ccc(C2=C(c3ccccc3)C(c3ccccc3)=C3C2=C(c2ccccc2)c2c3c3ccccc3c3ccccc23)cc1,0.0286004,-8.2413,0.0167499,0.5784,1.0,556.708,0.9695254,2.1191,1.0,1.0,1.0,1.0,1.0,1.0,1.0,1.0,200,5.7966976,13.63312
45.7567,45.4466,-42.2673,0.0496764,Cc1cccc2c1-c1c(Br)c3c(c(C)c1C2(C)C)C1(c2c(C)c(C)c(C)c(C)c2C)C(C3=O)C1(C)C,1,O=C1c2cc3c(cc2C2(c4ccccc4)CC12)Cc1ccccc1-3,0.0022985,-12.3909,0.0123848,0.2458,1.0,541.573,0.7767235,4.2818,1.0,1.0,1.0,1.0,1.0,1.0,1.0,1.0,40,-6.302666,-4.865761
24.2067,35.5336,-2.218,0.5205569,CN1C(=O)C2=C(c3ccccc3)[B-](F)(F)c3ccc4ccccc4c3C2=C1c1ccccc1,1,O=C1NC(c2ccccc2)=C2C1=C(c1ccccc1)[BH2-]c1ccc3ccccc3c12,0.6155639,-1.7333,0.0270751,1.1112,0.9999958,434.274,0.9231312,3.0711,1.0,1.0,1.0,1.0,1.0,1.0,1.0,1.0,240,11.426551,2.9014235
44.2993,57.8717,-57.8717,0.0,CC1=NC(=NNc2ccc(F)cc2)c2c1c(=Cc1ccco1)cc(-c1ccco1)c2=C(C)O,1,C=c1c(-c2ccco2)cc(=Cc2ccco2)c2c1C(=NNc1ccccc1)N=C2,0.0,0.0,0.0,0.0,0.0,0.0,0.0,0.0,1.0,1.0,0.0,0.0,0.0,0.0,0.0,0.0,360,2.884977,-11.453266
95.6552,107.8624,-107.3837,0.0074808,CC1=CC2=CC(=[S+]C1)C(c1ccccc1)=CC1=C3C(C)=CC(C)=[N+]3C3=C1c1ccccc1[B-]1(O)C=C(O1)C(=C(c1ccccc1)C(=Cc1ccccc1)C1=C2OC1)[B-]3(c1ccc(F)c(F)c1F)c1c(F)c(F)c(F)c(F)c1F,1,C1=CC2=C3C=C(c4ccccc4)C4=[S+]CC=CC(=C4)C4=C(CO4)C(=Cc4ccccc4)C(c4ccccc4)=C4C5=C[BH-](O5)c5ccccc5C3=C([N+]2=C1)[B-]4(c1ccccc1)c1ccccc1,0.4794794,-2.6338,0.0192707,0.7334,0.0,1065.7,0.0767482,7.9306,1.0,1.0,1.0,1.0,1.0,1.0,1.0,1.0,200,11.273664,14.594126
20.7522,26.9095,-25.5262,0.0216139,N#Cc1ccc(-c2c(-c3ccccc3)cn3[n+]2[B-](F)(F)n2cccc2[B-]3(F)F)cc1,1,[BH2-]1c2cccn2[BH2-][n+]2c(-c3ccccc3)c(-c3ccccc3)cn21,0.0002592,-15.9483,0.0128666,0.2877,0.9999474,406.968,0.8376398,3.8967,1.0,1.0,1.0,1.0,1.0,1.0,1.0,1.0,240,21.314125,-11.970454
52.7797,75.7514,-61.7139,0.2193357,C[n+]1cc(-c2ccccc2)c([O-])c2c1C1(Cn3c([n+](C)c4cc5ccccc5n43)-c3cccn3[B-]1(F)F)N2c1ccccc1,1,[BH2-]1n2cccc2-c2[nH+]c3cc4ccccc4n3n2CC12c1[nH+]cc(-c3ccccc3)cc1N2c1ccccc1,0.10726,-5.9511,0.0195471,0.7491,1.0,584.439,0.5883808,5.1509,1.0,1.0,1.0,1.0,1.0,1.0,1.0,1.0,260,16.6253,-10.863866
19.9125,19.4739,-19.4739,0.0,O=C(NC(=S)NCCc1ccc(Cl)cc1)c1ccccc1,1,O=C(NC(=S)NCCc1ccccc1)c1ccccc1,0.0,0.0,0.0,0.0,0.0,0.0,0.0,0.0,1.0,1.0,0.0,0.0,0.0,0.0,0.0,0.0,40,-7.4557896,27.880184
31.829,38.945,-10.7984,0.4397907,Cc1ccc(S(=O)(=O)n2ccc3c4c(ccc32)C(=C2c3ccccc3-c3ccccc32)C=C4)cc1,1,O=S(=O)(c1ccccc1)n1ccc2c3c(ccc21)C(=C1c2ccccc2-c2ccccc21)C=C3,0.4637975,-2.7363,0.0158973,0.5207,0.9999999,471.581,0.9461408,2.6994,1.0,1.0,1.0,1.0,1.0,1.0,1.0,1.0,400,-2.8802478,10.598206
9.9221,24.4223,10.7165,0.549044,F[B-]1(F)C2=c3ccccc3=C(c3ccccc3)C2=C(c2ccccc2)c2cccn21,1,[BH2-]1C2=c3ccccc3=C(c3ccccc3)C2=C(c2ccccc2)c2cccn21,0.7356647,-0.833,0.0240829,0.9807,0.9997956,392.237,0.9149336,3.1788,1.0,1.0,1.0,1.0,1.0,1.0,1.0,1.0,200,16.312172,-13.254228
32.279,38.4323,-6.9724,0.4915619,COc1ccc2nc3cc(C4=Cc5ccccc5C4=O)[nH]c(=O)c3cc2c1,1,O=C1C(c2cc3nc4ccccc4cc3c(=O)[nH]2)=Cc2ccccc21,0.5611135,-2.0999,0.0213659,0.8478,0.9933549,354.365,0.9512427,2.5969,1.0,1.0,1.0,1.0,1.0,1.0,1.0,1.0,360,-16.553074,5.4077682
24.6571,34.6451,-15.9764,0.2916998,C[Si]1(c2ccccc2)CC=c2c1cc1ccccc1c2=Cc1ccccc1,1,C1=c2c(cc3ccccc3c2=Cc2ccccc2)[SiH](c2ccccc2)C1,0.1478399,-5.3527,0.0264401,1.0848,0.9968616,362.548,0.8820098,3.5343,1.0,1.0,1.0,1.0,1.0,1.0,1.0,1.0,300,-13.796369,-2.509671
10.2867,29.4474,6.4704,0.5612155,F[B-]1(F)C2=C(c3ccccc3)c3cccn3[B-](F)(F)[N+]2=C(Cl)c2ccc(Cl)n21,1,[BH2-]1C2=C(c3ccccc3)c3cccn3[BH2-][N+]2=Cc2cccn21,0.7873106,-0.3685,0.0334833,1.349,0.9999898,424.81,0.7892411,4.2098,1.0,1.0,1.0,1.0,1.0,1.0,1.0,1.0,320,19.880194,-11.123582
27.5203,38.6907,-18.2175,0.3198934,COc1ccc(C2C=C(c3ccccc3)C3(c4ccccc4)C(=O)C(=Cc4ccccc4)C(c4ccc(C)cc4)=C23)cc1,1,O=C1C(=Cc2ccccc2)C(c2ccccc2)=C2C(c3ccccc3)C=C(c3ccccc3)C12c1ccccc1,0.2053487,-4.7038,0.019482,0.7454,1.0,556.705,0.8798822,3.5542,1.0,1.0,1.0,1.0,1.0,1.0,1.0,1.0,360,7.8038793,-10.718895
31.3014,29.5311,-28.1502,0.0215765,O=C1CCC2C(c3ccc(Br)cc3)c3[nH]c4ccccc4c3CCC12c1ccccc1,1,O=C1CCC2C(c3ccccc3)c3[nH]c4ccccc4c3CCC12c1ccccc1,0.0002444,-16.0441,0.0135636,0.3458,0.9999998,470.41,0.8802697,3.5506,1.0,1.0,1.0,1.0,1.0,1.0,1.0,1.0,60,-22.735397,16.132654
7.064,20.8357,-20.8357,0.0,F[B-]1(F)n2cccc2C(=C2c3cccn3[B-](F)(F)n3cccc32)c2cccn21,1,[BH2-]1n2cccc2C(=C2c3cccn3[BH2-]n3cccc32)c2cccn21,0.8923802,0.945,0.0363772,1.4423,0.9994724,381.938,0.7635814,4.3544,1.0,1.0,1.0,1.0,1.0,1.0,1.0,1.0,240,33.29356,-17.897058
24.9944,30.1857,-27.632,0.0399016,ClC1=NC2=C(Cl)N=N[N+]3=NC1C23Cl,1,C1=NC2=CN=N[N+]3=NC1C23,0.0254562,-8.4363,0.0299608,1.2244,0.0031399,237.457,0.3689484,6.0245,1.0,1.0,1.0,1.0,1.0,1.0,1.0,1.0,140,1.7144809,-15.0307865
24.6177,43.3365,-7.4431,0.5608349,F[B-]1(F)C2=C(Cl)C(c3ccccn3)=CC2=C(c2ccc(-c3ccccc3Cl)cc2)c2cccn21,1,[BH2-]1C2=CC(c3ccccn3)=CC2=C(c2ccc(-c3ccccc3)cc2)c2cccn21,0.772051,-0.5132,0.0255799,1.0479,1.0,488.153,0.899614,3.3571,1.0,1.0,1.0,1.0,1.0,1.0,1.0,1.0,280,27.094202,-12.521643
31.0655,38.7812,-34.0847,0.0733829,C=C1C(=C(c2ccccc2)c2ccc(Br)cc2)C2c3ccccc3C1(c1ccc(Br)cc1)C2C,1,C=C1C(=C(c2ccccc2)c2ccccc2)C2CC1(c1ccccc1)c1ccccc12,0.0050666,-11.099,0.0243516,0.9931,1.0,568.352,0.7686316,4.3268,1.0,1.0,1.0,1.0,1.0,1.0,1.0,1.0,280,3.663085,22.255365
17.7428,19.0363,-12.1455,0.1076681,Clc1cccc(C=NN=Cc2cccc(Br)c2)c1,1,C(=NN=Cc1ccccc1)c1ccccc1,0.0146257,-9.3568,0.0125717,0.2622,0.879732,321.605,0.965758,2.2368,1.0,1.0,1.0,1.0,1.0,1.0,1.0,1.0,100,-3.3337843,-17.430649
40.2665,43.8691,-40.236,0.0567674,CN1CCN(c2ccsc2C(=O)NC(c2cccc(F)c2)c2cccc3ccccc23)CC1,1,O=C(NC(c1ccccc1)c1cccc2ccccc12)c1sccc1N1CCNCC1,0.0026088,-12.1841,0.0154267,0.4876,0.9999996,459.59,0.937238,2.8582,1.0,1.0,1.0,1.0,1.0,1.0,1.0,1.0,100,-20.365992,-1.4432297
22.5183,26.3863,-10.4362,0.2492211,Nc1ccc2ccccc2c1N=Cc1cc(F)ccc1F,1,C(=Nc1cccc2ccccc12)c1ccccc1,0.2348682,-4.4234,0.019347,0.7377,0.1637105,282.293,0.9628679,2.3189,1.0,1.0,1.0,1.0,1.0,1.0,1.0,1.0,400,-20.344679,-3.187504
13.031,37.8775,1.0875,0.6088286,F[B-]1(F)n2cccc2C(c2ccccc2)=C2C(Cl)=CC(c3ccccn3)=[N+]21,1,[BH2-]1n2cccc2C(c2ccccc2)=C2C=CC(c3ccccn3)=[N+]12,0.8617716,0.4805,0.0375236,1.4773,0.9993461,379.606,0.8775513,3.5755,1.0,1.0,1.0,1.0,1.0,1.0,1.0,1.0,320,20.427216,-9.152295
27.3658,34.7717,-19.2597,0.2423742,O=C1C=C(c2ccc(Br)cc2)N=C(c2ccc(Cl)cc2)N(Cc2ccccc2)c2ccccc21,1,O=C1C=C(c2ccccc2)N=C(c2ccccc2)N(Cc2ccccc2)c2ccccc21,0.0987874,-6.1005,0.0172332,0.6098,1.0,527.849,0.9575176,2.4559,1.0,1.0,1.0,1.0,1.0,1.0,1.0,1.0,240,6.037688,-1.7825389
16.1884,18.7255,-18.2261,0.0078035,COc1cccc(-c2ccc(-c3ccccc3)cc2)c1,1,c1ccc(-c2ccc(-c3ccccc3)cc2)cc1,8.95e-05,-17.6808,0.0151438,0.4672,0.0252541,260.336,0.9858457,1.3534,1.0,1.0,1.0,1.0,1.0,1.0,1.0,1.0,140,8.534871,3.8937128
26.313,27.1177,-27.1177,0.0,Cc1ccc([S+]=C(C=C([O-])c2ccc(C)cc2)S(=O)(=O)c2ccccc2)cc1,1,O=S(=O)(C(C=Cc1ccccc1)=[S+]c1ccccc1)c1ccccc1,0.0,0.0,0.0,0.0,0.0,0.0,0.0,0.0,1.0,1.0,0.0,0.0,0.0,0.0,0.0,0.0,20,-8.4905615,-3.6917503
35.7133,41.7614,-7.5618,0.5343689,F[B-]1(F)C2=c3sc4ccccc4c3=C(c3cccc4ccccc34)[N+]2=C(c2ccccc2)c2cccn21,1,[BH2-]1C2=c3sc4ccccc4c3=C(c3cccc4ccccc34)[N+]2=C(c2ccccc2)c2cccn21,0.7476713,-0.731,0.019958,0.7722,1.0,500.382,0.8830913,3.5241,1.0,1.0,1.0,1.0,1.0,1.0,1.0,1.0,280,15.210633,-11.945397
17.2993,25.6593,2.7699,0.4442047,CN1C(=O)N=C(c2ccccc2)C1=C1C(=O)C=Cc2ccccc21,1,O=C1N=C(c2ccccc2)C(=C2C(=O)C=Cc3ccccc32)N1,0.5131212,-2.4145,0.0177046,0.6396,0.7893698,314.344,0.9465333,2.6919,1.0,1.0,1.0,1.0,1.0,1.0,1.0,1.0,360,-3.7932475,8.227373
25.8475,26.5363,-24.7826,0.0274009,Cc1ccc([N+](=O)[O-])cc1S(=O)(=O)NC(=O)Nc1ccccc1,1,O=C(Nc1ccccc1)NS(=O)(=O)c1ccccc1,0.0004498,-15.0504,0.0110017,0.1157,0.9628533,335.341,0.9749349,1.9227,1.0,1.0,1.0,1.0,1.0,1.0,1.0,1.0,40,-7.0404944,-16.387932
33.5786,33.7989,-33.7989,0.0,COc1c2nc3ccccc3nc2cc2cc(C(C)=O)c(=O)oc12,1,O=c1ccc2cc3nc4ccccc4nc3cc2o1,0.0,0.0,0.0,0.0,0.0,0.0,0.0,0.0,1.0,1.0,0.0,0.0,0.0,0.0,0.0,0.0,140,-17.615284,-13.981702
29.2001,35.2568,-33.2054,0.032054,C1=CC(=[NH+]c2ccccc2)C(=[O+]c2c(-c3ccccc3)cc(-c3ccccc3)n2-c2ccccc2)C=C1,1,C1=CC(=[NH+]c2ccccc2)C(=[O+]c2c(-c3ccccc3)cc(-c3ccccc3)n2-c2ccccc2)C=C1,0.0006695,-14.4024,0.0130155,0.3004,0.9999999,478.595,0.891583,3.4411,1.0,1.0,1.0,1.0,1.0,1.0,1.0,1.0,260,3.9167786,3.7986856
51.9826,53.1521,-50.1798,0.0464417,C=C1c2ccccc2C2(C)CC1C1C(c3ccc(Cl)cc3)OC2C12C(=O)N=NN2c1ccccc1,1,C=C1c2ccccc2C2CC1C1C(c3ccccc3)OC2C12C(=O)N=NN2c1ccccc1,0.0032938,-11.8033,0.0157948,0.5136,0.9999999,481.983,0.3535001,6.0899,1.0,1.0,1.0,1.0,1.0,1.0,1.0,1.0,20,-5.0670347,1.995235
42.1433,45.9568,-45.9568,0.0,CC(=O)C12CCC(C)(O)C3C(=O)C=C1C1(C)CCC=C1C3CCC2=O,1,O=C1CCC2C3=CCCC3C3=CC(=O)C2CCCC13,0.0,0.0,0.0,0.0,0.0,0.0,0.0,0.0,1.0,1.0,0.0,0.0,0.0,0.0,0.0,0.0,60,-23.94268,21.58363
25.7553,32.8607,-28.7896,0.0636111,[BH3-][Si](c1ccccc1)(c1ccccc1)c1ccccc1C1=NN=C2C=CC=[N+]21,1,C1=CC2=NN=C(c3ccccc3[SiH](c3ccccc3)c3ccccc3)[N+]2=C1,0.0037899,-11.5739,0.0144617,0.4164,0.9991939,377.332,0.8621004,3.709,1.0,1.0,1.0,1.0,1.0,1.0,1.0,1.0,220,10.055598,16.947222
14.2632,29.0396,8.0908,0.5801629,F[B-]1(F)c2nn(-c3ccccc3)c(=Cc3ccccc3)c2=C(c2ccccc2)c2cccn21,1,[BH2-]1c2nn(-c3ccccc3)c(=Cc3ccccc3)c2=C(c2ccccc2)c2cccn21,0.781751,-0.4221,0.0317813,1.2905,0.9999958,434.278,0.9075248,3.2684,1.0,1.0,1.0,1.0,1.0,1.0,1.0,1.0,320,17.47467,-13.328702
22.7961,27.3568,-15.3755,0.1872069,Clc1ccc(C(=NN=Cc2ccc3ccccc3c2)c2ccc(Br)cc2)cc1,1,C(=NN=C(c1ccccc1)c1ccccc1)c1ccc2ccccc2c1,0.0556141,-7.1124,0.0129189,0.2922,0.9999987,447.763,0.9670119,2.1991,1.0,1.0,1.0,1.0,1.0,1.0,1.0,1.0,160,-30.758724,5.59681
34.4681,41.7391,-13.0663,0.4480132,c1ccc2c(N=Nc3ccc4ccccc4c3-c3c4ccccc4c(-c4c(-c5c6ccccc6cc6ccccc56)ccc5ccccc45)c4ccccc34)cccc2c1,1,c1ccc2c(N=Nc3ccc4ccccc4c3-c3c4ccccc4c(-c4c(-c5c6ccccc6cc6ccccc56)ccc5ccccc45)c4ccccc34)cccc2c1,0.5140603,-2.4084,0.0140014,0.3807,0.9733397,760.94,0.9408363,2.7967,1.0,1.0,1.0,1.0,1.0,1.0,1.0,1.0,220,-28.942665,-6.889503
28.4326,44.2332,-15.0766,0.4555711,Brc1c2c(cc(-c3ccncc3)c1=C1c3ccccc3-c3ncccc31)=C(c1ccncc1)c1cccnc1-2,1,c1ccc2c(c1)C(=c1cc3c(cc1-c1ccncc1)=C(c1ccncc1)c1cccnc1-3)c1cccnc1-2,0.482161,-2.6163,0.0204951,0.8016,1.0,563.458,0.9129048,3.204,1.0,1.0,1.0,1.0,1.0,1.0,1.0,1.0,340,13.053649,20.38298
26.708,36.6395,-17.9801,0.2915543,O=[P-]12=[N+](c3ccccc3)C(=Nc3ccccc3)C(=Nc3ccccc3)N1N=CC=C2c1ccccc1,1,O=[P-]12=[N+](c3ccccc3)C(=Nc3ccccc3)C(=Nc3ccccc3)N1N=CC=C2c1ccccc1,0.1850149,-4.9148,0.0157856,0.5129,0.9999999,487.503,0.80705,4.1017,1.0,1.0,1.0,1.0,1.0,1.0,1.0,1.0,160,11.713635,10.500797
32.5852,44.2139,-27.6843,0.2582749,O=c1c2c3c(-c4ccccc4O)c4ccccc4c-3c(-c3ccccc3)c=2c(=S)c2ccccc12,1,O=c1c2c3c(-c4ccccc4)c4ccccc4c-3c(-c3ccccc3)c=2c(=S)c2ccccc12,0.120631,-5.7352,0.0158635,0.5184,0.9999998,466.561,0.9414882,2.7852,1.0,1.0,1.0,1.0,1.0,1.0,1.0,1.0,200,-15.644385,-10.422031
38.4788,48.418,-48.418,0.0,C=Cc1ccc2c(c1)c1cccc(=O)cc1n2C=C1c2ccccc2-c2ccccc21,1,O=c1cccc2c3ccccc3n(C=C3c4ccccc4-c4ccccc43)c2c1,0.0,0.0,0.0,0.0,0.0,0.0,0.0,0.0,1.0,1.0,0.0,0.0,0.0,0.0,0.0,0.0,220,-6.0518217,15.072743
23.3939,19.9744,-19.9744,0.0,CC1C(c2ccccc2)OC(=O)N1C(C#N)c1ccccc1,1,O=C1OC(c2ccccc2)CN1Cc1ccccc1,0.0,0.0,0.0,0.0,0.0,0.0,0.0,0.0,1.0,1.0,0.0,0.0,0.0,0.0,0.0,0.0,120,-14.770882,17.23163
57.1421,55.5339,-55.5339,0.0,COC(=O)C(C=CC(F)(F)F)=C1C2c3ccccc3C(c3cc(Cl)c(F)cc32)C2C3C=CC(C3)N12,1,C=C1C2c3ccccc3C(c3ccccc32)C2C3C=CC(C3)N12,0.0,0.0,0.0,0.0,0.0,0.0,0.0,0.0,1.0,1.0,0.0,0.0,0.0,0.0,0.0,0.0,100,-19.003939,17.669159
12.698,22.435,16.7602,0.6124247,COc1ccc(-c2c3ccccc3cc3cc4ccccc4cc23)cc1,1,c1ccc(-c2c3ccccc3cc3cc4ccccc4cc23)cc1,0.835607,0.1479,0.0354425,1.413,0.9596902,334.418,0.9762998,1.8666,1.0,1.0,1.0,1.0,1.0,1.0,1.0,1.0,280,-25.412615,-3.1932664
16.9211,27.1974,0.8766,0.4386575,c1ccc(-c2c(-c3c4ccccc4cc4ccccc34)c3c4ccccc4ccc3c3ccccc23)cc1,1,c1ccc(-c2c(-c3c4ccccc4cc4ccccc34)c3c4ccccc4ccc3c3ccccc23)cc1,0.4406291,-2.8886,0.0172687,0.6121,0.9999999,480.61,0.9700969,2.1,1.0,1.0,1.0,1.0,1.0,1.0,1.0,1.0,280,-27.136345,-6.819325
13.5369,25.1075,8.8846,0.5311258,Cc1c(Br)c(Br)c2n1[B-](F)(F)C(c1ccccc1)=c1ccccc1=C2c1ccccc1,1,[BH2-]1C(c2ccccc2)=c2ccccc2=C(c2ccccc2)c2cccn21,0.6121101,-1.757,0.0337794,1.3589,1.0,540.034,0.9095204,3.2449,1.0,1.0,1.0,1.0,1.0,1.0,1.0,1.0,260,16.531317,-1.3587505
40.5617,42.9329,-42.8471,0.0013406,CC1=CC2(C)[N+](C)=C([B-](c3c(F)c(F)c(F)c(F)c3F)(c3c(F)c(F)c(F)c(F)c3F)c3c(F)c(F)c(F)c(F)c3F)C(c3ccccc3)=[N+]2[B-](c2ccccc2)(c2c(F)c(F)c(F)c(F)c2F)O1,1,C1=CC2[NH+]=C([B-](c3ccccc3)(c3ccccc3)c3ccccc3)C(c3ccccc3)=[N+]2[B-](c2ccccc2)(c2ccccc2)O1,0.0014192,-13.1775,0.0189432,0.7144,0.0,994.241,0.514591,5.443,1.0,1.0,1.0,1.0,1.0,1.0,1.0,1.0,160,18.866102,17.456535
19.6199,30.3295,-17.9004,0.1942056,O=[N+]1C(=C([O-])O)c2ccccc2C1=C1C=CC=C1,1,C=C1c2ccccc2C(=C2C=CC=C2)[N+]1=O,0.7888543,-0.3534,0.0187003,0.7001,0.0036948,239.23,0.8627266,3.7039,1.0,1.0,1.0,1.0,1.0,1.0,1.0,1.0,240,-7.906839,-25.426586
34.0785,34.0833,-34.0833,0.0,C=C(C)CC1c2c(C)cc(C)cc2C(OC)N1S(=O)(=O)c1ccc(C)cc1,1,O=S(=O)(c1ccccc1)N1Cc2ccccc2C1,0.0,0.0,0.0,0.0,0.0,0.0,0.0,0.0,1.0,1.0,0.0,0.0,0.0,0.0,0.0,0.0,20,-10.243335,-2.5088603
24.913,35.7,-12.3441,0.364936,Cn1cc(C2=Cc3ccccc3C2=C2C=C(Br)C(Br)=CC2=O)c2ccccc21,1,O=C1C=CC=CC1=C1C(c2c[nH]c3ccccc23)=Cc2ccccc21,0.2834501,-4.0104,0.0176749,0.6378,1.0,493.198,0.9292925,2.983,1.0,1.0,1.0,1.0,1.0,1.0,1.0,1.0,220,-16.202337,5.5331817
30.9345,36.757,-13.3587,0.3655984,COC(=O)C1=C(C(=O)OC)N2C=Cc3ccccc3C2=CC1=C(c1ccccc1)c1ccc(OC)cc1,1,C1=CN2C=Cc3ccccc3C2=CC1=C(c1ccccc1)c1ccccc1,0.278149,-4.0531,0.0190435,0.7202,1.0,491.543,0.9299403,2.9733,1.0,1.0,1.0,1.0,1.0,1.0,1.0,1.0,100,-0.53961897,19.446335
23.0088,30.9779,-16.1617,0.2315027,Cc1ccc(C(=O)c2cc3ccccc3c3c2-c2ccccc2C3=Cc2ccccc2)cc1,1,O=C(c1ccccc1)c1cc2ccccc2c2c1-c1ccccc1C2=Cc1ccccc1,0.0938103,-6.1936,0.0137225,0.3586,0.9999874,422.527,0.9641361,2.2837,1.0,1.0,1.0,1.0,1.0,1.0,1.0,1.0,260,-12.068832,5.2466345
20.7077,20.3319,-15.1041,0.0816844,Nc1ncccc1[S+]=NS[O-],1,c1ccncc1,0.7592359,-0.6296,0.036478,1.4454,3.09e-05,187.249,0.702732,4.6593,1.0,1.0,1.0,1.0,1.0,1.0,1.0,1.0,80,-6.555418,-21.180649
37.0017,43.058,-20.1431,0.358046,COc1ccc([Si](C(=C2C=Cc3ccccc32)c2cc(OC)c(OC)c3ccccc23)(c2ccccc2)c2ccccc2)cc1,1,C1=Cc2ccccc2C1=C(c1cccc2ccccc12)[Si](c1ccccc1)(c1ccccc1)c1ccccc1,0.2742,-4.0853,0.0170697,0.5993,1.0,602.806,0.9238892,3.0606,1.0,1.0,1.0,1.0,1.0,1.0,1.0,1.0,100,-13.701775,-6.445789
17.3742,37.2863,0.9926,0.5981082,F[B-]1(F)n2c(Cl)ccc2C(c2ccc[nH]2)=C2C=C(c3ccco3)C(Br)=[N+]21,1,[BH2-]1n2cccc2C(c2ccc[nH]2)=C2C=C(c3ccco3)C=[N+]12,0.8647355,0.5214,0.0401566,1.5539,0.9999965,436.452,0.8015362,4.136,1.0,1.0,1.0,1.0,1.0,1.0,1.0,1.0,320,27.396727,-17.094837
15.9282,18.1169,-18.1169,0.0,Brc1c2ccccc2c(-c2ccccc2)c2ccccc12,1,c1ccc(-c2c3ccccc3cc3ccccc23)cc1,0.6979163,-1.1362,0.0442852,1.6648,0.9552299,333.228,0.9806012,1.6666,1.0,1.0,1.0,1.0,1.0,1.0,1.0,1.0,140,-15.858136,-10.983851
13.4125,24.2797,11.7853,0.5635151,F[B-]1(F)C2=C(Cl)c3cccn3[B-](F)(F)[N+]2=C(c2ccccc2)c2cccn21,1,[BH2-]1C2=Cc3cccn3[BH2-][N+]2=C(c2ccccc2)c2cccn21,0.7987431,-0.255,0.0327269,1.3234,0.9997572,390.365,0.7924291,4.191,1.0,1.0,1.0,1.0,1.0,1.0,1.0,1.0,300,18.96111,-11.072553
22.7516,28.0296,-23.4785,0.0711115,O=C1CC=CC(=C2C=Cc3ccccc32)O1,1,O=C1CC=CC(=C2C=Cc3ccccc32)O1,0.1867311,-4.8963,0.023509,0.9539,0.0002565,210.232,0.9221989,3.0839,1.0,1.0,1.0,1.0,1.0,1.0,1.0,1.0,400,-16.613722,10.108919
27.5567,45.9652,-12.6089,0.5211921,Cc1ccc(C2=C3C(c4c(F)c(F)c(C)c(F)c4F)=C(Br)C(Cl)=C3[B-](F)(F)n3c(C)c(Br)c(C)c32)cc1,1,[BH2-]1C2=CC=C(c3ccccc3)C2=C(c2ccccc2)c2cccn21,0.6681796,-1.36,0.0269035,1.1041,0.9999968,662.482,0.8352351,3.9139,1.0,1.0,1.0,1.0,1.0,1.0,1.0,1.0,380,27.563734,-0.36915213
41.997,43.0191,-37.9414,0.07934,CC1OC(=O)C2(C(=O)C=C(n3cccn3)N(c3ccccc3)C2c2ccccc2)C1=O,1,O=C1C=C(n2cccn2)N(c2ccccc2)C(c2ccccc2)C12C(=O)COC2=O,0.0072857,-10.5038,0.0151736,0.4693,0.999971,413.433,0.7493426,4.4299,1.0,1.0,1.0,1.0,1.0,1.0,1.0,1.0,20,-12.75633,20.466887
16.7134,16.2095,-16.1575,0.0008128,Cc1c(N)cccc1Br,1,c1ccccc1,7.4e-06,-21.7472,0.011347,0.1496,2.77e-05,186.052,0.9731619,1.9913,1.0,1.0,1.0,1.0,1.0,1.0,1.0,1.0,20,-7.0989637,-20.641865
21.7045,27.9327,-0.8052,0.4238669,CN(C)c1ccc2c(c1)C(=O)c1ccccc1C2=Cc1cccn1C,1,O=C1c2ccccc2C(=Cc2ccc[nH]2)c2ccccc21,0.4011457,-3.1526,0.0201936,0.7852,0.9319552,328.415,0.9590522,2.4184,1.0,1.0,1.0,1.0,1.0,1.0,1.0,1.0,300,-8.733182,2.384775
29.0031,36.3784,-9.8958,0.4137907,CC1(c2ccco2)C(=C2C=C(Cl)C(Cl)=C(Cl)C2=O)Nc2ccc(Cl)cc21,1,O=C1C=CC=CC1=C1Nc2ccccc2C1c1ccco1,0.3818176,-3.2847,0.023882,0.9714,0.9999918,427.114,0.846716,3.83,1.0,1.0,1.0,1.0,1.0,1.0,1.0,1.0,380,19.532257,12.18412
27.4992,28.8365,-26.183,0.0414608,O=C1c2ccccc2NC(c2ccc([N+](=O)[O-])c(O)c2)N1Cc1ccccc1,1,O=C1c2ccccc2NC(c2ccccc2)N1Cc1ccccc1,0.0012384,-13.3998,0.0127822,0.2805,0.9990357,375.384,0.9442909,2.7343,1.0,1.0,1.0,1.0,1.0,1.0,1.0,1.0,60,-19.939505,7.827079
28.8036,35.5177,-17.1849,0.2864489,O=C(Oc1ccccc1C=C1C(=O)c2ccccc2C1=O)C1=C(c2ccccc2)c2ccccc2C1=O,1,O=C(Oc1ccccc1C=C1C(=O)c2ccccc2C1=O)C1=C(c2ccccc2)c2ccccc2C1=O,0.158357,-5.2206,0.0148568,0.4461,0.9999999,482.491,0.9548981,2.517,1.0,1.0,1.0,1.0,1.0,1.0,1.0,1.0,380,-5.832405,10.077414
22.4046,23.2065,-23.2065,0.0,O=Cc1c2ccccc2c(C=Cc2ccc3ccccc3c2)c2ccccc12,1,C(=Cc1c2ccccc2cc2ccccc12)c1ccc2ccccc2c1,0.0,0.0,0.0,0.0,0.0,0.0,0.0,0.0,1.0,1.0,0.0,0.0,0.0,0.0,0.0,0.0,360,-22.829006,-5.4126267
37.748,37.0904,-34.4791,0.040801,O=C(Nc1cccc2c1ncn2C(=O)c1ccccc1[N+](=O)[O-])c1cccnc1,1,O=C(Nc1cccc2c1ncn2C(=O)c1ccccc1)c1cccnc1,0.0012181,-13.4268,0.0113201,0.147,0.9996796,387.355,0.9602652,2.3878,1.0,1.0,1.0,1.0,1.0,1.0,1.0,1.0,100,-25.77136,-13.863722
19.5362,32.8618,4.2473,0.5798295,COc1cc(C2=C3C=CC(c4ccc(N(C)C)cc4)=[N+]3[B-](F)(F)n3cccc32)cc(OC)c1O,1,[BH2-]1n2cccc2C(c2ccccc2)=C2C=CC(c3ccccc3)=[N+]12,0.789732,-0.3449,0.0333076,1.3431,0.9999997,463.293,0.8773044,3.5778,1.0,1.0,1.0,1.0,1.0,1.0,1.0,1.0,340,23.567127,-12.050002
12.7493,31.4026,1.4459,0.5132582,F[B-]1(F)N=c2cccc(Cl)c2=C(c2ccccn2)c2cccn21,1,[BH2-]1N=c2ccccc2=C(c2ccccn2)c2cccn21,0.6468425,-1.5144,0.026116,1.071,0.9326701,328.538,0.8739181,3.6082,1.0,1.0,1.0,1.0,1.0,1.0,1.0,1.0,300,20.820623,-16.299957
17.3648,34.4218,2.0098,0.5692426,Fc1cc(C2=C3[N+](=C(c4ccncc4)c4cccn4[B-]3(F)F)[B-](F)(F)n3cccc32)ccc1Cl,1,[BH2-]1C2=C(c3ccccc3)c3cccn3[BH2-][N+]2=C(c2ccncc2)c2cccn21,0.8014719,-0.2273,0.0339582,1.3649,0.9999999,485.441,0.8036159,4.1231,1.0,1.0,1.0,1.0,1.0,1.0,1.0,1.0,400,19.924244,-10.561517
33.0366,42.0025,-22.5508,0.3039328,C[c-]1c(=O)c(C2=C(O)c3ccccc3C(=O)C2=O)c(-c2ccc[nH]2)n1-c1ccccc1,1,O=C1C(=O)c2ccccc2C=C1c1c(-c2ccc[nH]2)n(-c2ccccc2)[c-]c1=O,0.1752614,-5.0224,0.0200424,0.7769,0.999958,409.421,0.9028276,3.3219,1.0,1.0,1.0,1.0,1.0,1.0,1.0,1.0,180,-7.3080072,5.592521
15.6265,20.3392,10.661,0.4843783,COc1ccccc1N=Cc1c2ccccc2cc2ccccc12,1,C(=Nc1ccccc1)c1c2ccccc2cc2ccccc12,0.5519128,-2.1606,0.0294537,1.2053,0.7404878,311.384,0.9712052,2.062,1.0,1.0,1.0,1.0,1.0,1.0,1.0,1.0,80,-30.17831,-3.1206262
15.8133,15.6945,-11.9747,0.0581214,O=C(NN=Cc1cc(Cl)ccc1O)c1ccccc1,1,O=C(NN=Cc1ccccc1)c1ccccc1,0.0073182,-10.4965,0.0223689,0.8987,0.0887033,274.707,0.9771544,1.8299,1.0,1.0,1.0,1.0,1.0,1.0,1.0,1.0,20,-19.56443,10.133747
23.0715,26.0658,-1.9699,0.3764997,N#CC1=C(O)c2ccccc2S(=O)(=O)C1=Cc1ccc(Br)cc1,1,O=S1(=O)C(=Cc2ccccc2)C=Cc2ccccc21,0.253247,-4.2611,0.0317801,1.2905,0.9997048,388.242,0.9432579,2.7534,1.0,1.0,1.0,1.0,1.0,1.0,1.0,1.0,300,-9.771866,0.7960252
21.2481,35.6304,-3.7875,0.497546,F[B-]1(F)OC(c2ccc(Cl)cc2)=CC2=C(c3ccc(Cl)cc3)c3cc(Cl)cn3[B-](F)(F)[N+]1=C2c1ccccc1,1,[BH2-]1OC(c2ccccc2)=CC2=C(c3ccccc3)c3cccn3[BH2-][N+]1=C2c1ccccc1,0.644722,-1.5295,0.0272437,1.1182,1.0,588.413,0.7468941,4.4426,1.0,1.0,1.0,1.0,1.0,1.0,1.0,1.0,320,20.086058,-3.4639685
20.9194,35.291,-4.3832,0.4829341,O=C1C(=C2c3cccn3[B-](F)(F)n3cccc32)[B-](F)(F)N2C(=[N+]1c1ccccc1)c1ccccc1-c1ccccc12,1,O=C1C(=C2c3cccn3[BH2-]n3cccc32)[BH2-]N2C(=[N+]1c1ccccc1)c1ccccc1-c1ccccc12,0.5937356,-1.8821,0.0237312,0.9644,1.0,549.125,0.7962171,4.1683,1.0,1.0,1.0,1.0,1.0,1.0,1.0,1.0,260,36.216732,-16.72992
20.4762,20.3358,-20.3251,0.0001675,CN1C(=O)C2C3CCC(O3)C2C1=O,1,O=C1NC(=O)C2C3CCC(O3)C12,2e-07,-27.6579,0.0121103,0.2211,1.77e-05,181.191,0.7567084,4.3912,1.0,1.0,1.0,1.0,1.0,1.0,1.0,1.0,20,-20.60281,25.508766
13.2111,29.4942,6.4966,0.5623566,F[B-]1(F)C2=CC=C(c3cccnc3)C2=C(c2ccc[nH]2)c2cccn21,1,[BH2-]1C2=CC=C(c3cccnc3)C2=C(c2ccc[nH]2)c2cccn21,0.8129278,-0.1073,0.0285881,1.172,0.9507521,332.142,0.8368676,3.9022,1.0,1.0,1.0,1.0,1.0,1.0,1.0,1.0,380,30.5618,-13.036195
28.8173,49.1346,-16.3684,0.5119717,Fc1ccc(C2=C3C(=C(c4ccc(Oc5ccc(C6OCCO6)cc5)cc4)c4cc(Cl)cn4[B-]3(F)F)c3cc(Cl)ccc32)cc1,1,[BH2-]1C2=C(c3ccccc3)c3ccccc3C2=C(c2ccc(Oc3ccc(C4OCCO4)cc3)cc2)c2cccn21,0.6220275,-1.6887,0.0253479,1.0377,0.9999995,643.277,0.8850804,3.5052,1.0,1.0,1.0,1.0,1.0,1.0,1.0,1.0,340,22.364986,-2.442608
25.6451,29.3207,-15.9692,0.2086165,c1ccc(C(c2ccccc2)=c2c3ccccc3c(=C3c4ccccc4-c4ccccc43)c3ncccc23)cc1,1,c1ccc(C(c2ccccc2)=c2c3ccccc3c(=C3c4ccccc4-c4ccccc43)c3ncccc23)cc1,0.069504,-6.7251,0.0159372,0.5235,1.0,507.636,0.9512026,2.5978,1.0,1.0,1.0,1.0,1.0,1.0,1.0,1.0,340,-0.19433042,17.161638
31.2631,33.4469,-9.6634,0.3716163,O=C1C(=C2c3ccccc3-c3c2ccc2ccccc32)C(C(F)(F)F)c2ccccc21,1,O=C1C(=C2c3ccccc3-c3c2ccc2ccccc32)Cc2ccccc21,0.311728,-3.7899,0.0152274,0.4732,0.9999681,412.41,0.9254698,3.0384,1.0,1.0,1.0,1.0,1.0,1.0,1.0,1.0,200,-14.644465,5.558843
15.6461,33.3923,3.2605,0.5727007,F[B-]1(F)C2=C(c3ccccc3)C(Cl)=[N+](c3ccccc3)C2=C(c2ccc(Cl)cc2)c2c3ccccc3cn21,1,[BH2-]1C2=C(c3ccccc3)C=[N+](c3ccccc3)C2=C(c2ccccc2)c2c3ccccc3cn21,0.7963892,-0.2788,0.028049,1.1507,1.0,539.221,0.8923423,3.4334,1.0,1.0,1.0,1.0,1.0,1.0,1.0,1.0,380,20.994637,-3.0856218
23.4261,31.0385,-3.4928,0.4304025,Cc1ccc2c(c1)C(=C1C=C(c3ccc(C(F)(F)F)cc3)c3ccccc31)C=C2,1,C1=Cc2ccccc2C1=C1C=C(c2ccccc2)c2ccccc21,0.4147893,-3.0606,0.0189777,0.7164,0.9996507,386.416,0.9493033,2.637,1.0,1.0,1.0,1.0,1.0,1.0,1.0,1.0,360,4.37047,-8.715202
15.2826,19.8316,-14.6225,0.0813932,O=C1c2ccccc2C(=O)c2c1ccc1ccccc21,1,O=C1c2ccccc2C(=O)c2c1ccc1ccccc21,0.0385593,-7.738,0.01407,0.3861,0.0209812,258.276,0.9784931,1.7695,1.0,1.0,1.0,1.0,1.0,1.0,1.0,1.0,100,-13.868528,5.4345183
32.9881,42.7971,-20.6417,0.346178,F[B-](F)(F)c1ccc2c(c1)[NH+]=CC2=C1c2ccccc2C(c2ccccc2)=C(c2ccccc2)N1c1ccccc1,1,C1=[NH+]c2ccccc2C1=C1c2ccccc2C(c2ccccc2)=C(c2ccccc2)N1c1ccccc1,0.2436562,-4.3448,0.0207912,0.8175,1.0,540.397,0.8906889,3.4501,1.0,1.0,1.0,1.0,1.0,1.0,1.0,1.0,160,11.997427,6.1321473
15.9693,41.0685,-4.9192,0.564833,F[B-]1(F)n2c(Cl)c(Cl)c(Br)c2C(c2cccnc2)=c2cc(Cl)c(Cl)cc2=[N+]1c1cccnc1,1,[BH2-]1n2cccc2C(c2cccnc2)=c2ccccc2=[N+]1c1cccnc1,0.7581559,-0.6392,0.0341333,1.3707,1.0,588.863,0.840192,3.8782,1.0,1.0,1.0,1.0,1.0,1.0,1.0,1.0,340,26.424982,-5.376292
25.4346,31.7102,-9.3381,0.3495636,COc1ccc(C=NN=c2c(=O)c(=NNc3ccccc3)c3cc[nH]c23)cc1,1,O=c1c(=NNc2ccccc2)c2cc[nH]c2c1=NN=Cc1ccccc1,0.2570418,-4.2286,0.0167923,0.5812,0.9986088,371.4,0.9352983,2.8899,1.0,1.0,1.0,1.0,1.0,1.0,1.0,1.0,220,-5.7149363,-7.6798005
21.5506,21.8416,-19.6843,0.0337077,O=C1c2nccnc2C(=O)N1c1ccc(Cl)cc1,1,O=C1c2nccnc2C(=O)N1c1ccccc1,0.0041233,-11.4361,0.0119395,0.2055,0.0237488,259.652,0.9671831,2.1938,1.0,1.0,1.0,1.0,1.0,1.0,1.0,1.0,80,3.040254,-4.116834
44.3987,54.297,-30.8307,0.366661,Cc1cc2c(c3[n+]1[B-](F)(F)n1cccc1-3)C1=Cc3cc4ccccc4cc3C1=C2c1ccccc1,1,[BH2-]1n2cccc2-c2c3c(cc[n+]21)C(c1ccccc1)=C1C3=Cc2cc3ccccc3cc21,0.3010497,-3.8718,0.0178653,0.6496,0.9999995,456.304,0.8690414,3.6507,1.0,1.0,1.0,1.0,1.0,1.0,1.0,1.0,140,16.440796,-11.481849
39.0933,42.3936,-16.7504,0.4006752,F[B-]1(F)C(=C2Nc3ccccc3S2)[S+]=C(c2cn[nH]c2)c2ccc(-c3ccc[nH]3)n21,1,[BH2-]1C(=C2Nc3ccccc3S2)[S+]=C(c2cn[nH]c2)c2ccc(-c3ccc[nH]3)n21,0.349616,-3.5109,0.0282448,1.1585,0.9999968,437.309,0.7983102,4.1557,1.0,1.0,1.0,1.0,1.0,1.0,1.0,1.0,220,30.063406,-14.898692
19.0658,18.6064,-18.2925,0.0049045,O=c1[nH]c2ccccc2cc1O,1,O=c1ccc2ccccc2[nH]1,0.0016449,-12.9368,0.0225638,0.9083,2.8e-06,161.16,0.9745498,1.938,1.0,1.0,1.0,1.0,1.0,1.0,1.0,1.0,100,-27.844313,11.226464
20.8837,20.8382,-20.8382,0.0,Fc1ccc(C(=C(c2ccccc2)c2ccccc2)c2ccc(Br)cc2)cc1,1,c1ccc(C(=C(c2ccccc2)c2ccccc2)c2ccccc2)cc1,0.0,0.0,0.0,0.0,0.0,0.0,0.0,0.0,1.0,1.0,0.0,0.0,0.0,0.0,0.0,0.0,220,-0.36998507,26.081055
53.6738,67.9795,-50.0709,0.279822,CC1=NN(c2ccc([N+](=O)[O-])cc2)C2(C=Nc3ccccc3[N+](=O)[O-])C(C(=O)c3ccc(Cl)cc3)=C1c1ccccc1C1=C2c2ccccc21,1,O=C(C1=C2C=NN(c3ccccc3)C1(C=Nc1ccccc1)C1=C(c3ccccc32)c2ccccc21)c1ccccc1,0.1823354,-4.9439,0.0158676,0.5186,0.9999867,678.104,0.7167644,4.5927,1.0,1.0,1.0,1.0,1.0,1.0,1.0,1.0,140,-1.5884118,9.316194
42.0577,42.3778,-42.3778,0.0,C=C(C)C1=CC(=O)C2(C)CCC3Oc4ccccc4OC(=O)C32C1,1,O=C1C=CCC23C(=O)Oc4ccccc4OC2CCC13,0.0,0.0,0.0,0.0,0.0,0.0,0.0,0.0,1.0,1.0,0.0,0.0,0.0,0.0,0.0,0.0,60,-21.463457,17.786272
48.275,48.606,-28.7216,0.310694,COc1ccccc1C=NC1=C(Cl)C(=O)C(=CNc2c(Cl)cccc2Cl)c2nc(C)nc(-c3ccc(C)cc3)c21,1,O=C1C=C(N=Cc2ccccc2)c2c(ncnc2-c2ccccc2)C1=CNc1ccccc1,0.1904207,-4.857,0.017601,0.6331,1.0,589.91,0.9180264,3.1393,1.0,1.0,1.0,1.0,1.0,1.0,1.0,1.0,20,6.4162807,-10.031805
16.9231,35.1186,-9.53,0.3998232,O=[N+]([O-])c1cc(Br)cc(C2=[N+]3C(=Cc4cccnc43)[B-](F)(F)n3cccc32)c1,1,[BH2-]1C2=Cc3cccnc3[N+]2=C(c2ccccc2)c2cccn21,0.3738329,-3.34,0.0212474,0.8416,0.9999981,443.016,0.8142571,4.0558,1.0,1.0,1.0,1.0,1.0,1.0,1.0,1.0,360,29.747465,-17.275969
21.8692,30.4889,3.0098,0.5234167,O=C1C(=C(c2ccccc2)c2ccccc2)C(c2ccccc2)=C(c2ccc(Br)cc2)N1c1ccc(Br)cc1,1,O=C1C(=C(c2ccccc2)c2ccccc2)C(c2ccccc2)=C(c2ccccc2)N1c1ccccc1,0.5719916,-2.0277,0.0329162,1.3299,0.9999998,633.383,0.9563722,2.4831,1.0,1.0,1.0,1.0,1.0,1.0,1.0,1.0,340,2.1366186,19.21109
21.8237,33.3152,-6.539,0.4183781,COc1ccc(C2=C(c3ccccc3)C(c3ccccc3)=[N+]([O-])C2=C2C=Cc3ccccc3C2=O)cc1,1,O=C1C(=C2[NH+]=C(c3ccccc3)C(c3ccccc3)=C2c2ccccc2)C=Cc2ccccc21,0.3731153,-3.345,0.0217628,0.8682,0.9999999,481.551,0.9390647,2.8274,1.0,1.0,1.0,1.0,1.0,1.0,1.0,1.0,320,2.3521419,10.11677
24.9094,33.5043,-1.6705,0.4974025,O=C1C(=C2C(c3ccc(Cl)cc3)=C(c3ccc(Cl)cc3)c3ccccc32)c2ccccc2N1c1ccc(Cl)cc1,1,O=C1C(=C2C(c3ccccc3)=C(c3ccccc3)c3ccccc32)c2ccccc2N1c1ccccc1,0.5466894,-2.195,0.0249012,1.0179,1.0,576.91,0.9584849,2.4324,1.0,1.0,1.0,1.0,1.0,1.0,1.0,1.0,320,5.290579,-2.4358943
11.996,26.6534,12.0487,0.6047199,COc1ccc(C2=C3C=C(c4ccccc4)C(c4ccccc4)=[N+]3[B-](F)(F)n3cccc32)cc1,1,[BH2-]1n2cccc2C(c2ccccc2)=C2C=C(c3ccccc3)C(c3ccccc3)=[N+]12,0.8296737,0.0786,0.0363434,1.4413,0.999999,450.297,0.9128081,3.2052,1.0,1.0,1.0,1.0,1.0,1.0,1.0,1.0,320,15.041433,-8.204147
43.9115,44.7138,-41.1485,0.0557079,CC12CCC3=Cc4ccc(o4)CCC(CCC1O)C1CCC(=O)C312,1,O=C1CCC2C3CCCC4CCC(=Cc5ccc(o5)CC3)C142,0.0074449,-10.4684,0.0234943,0.9532,0.9194462,326.436,0.2002662,6.853,1.0,1.0,1.0,1.0,1.0,1.0,1.0,1.0,60,-24.289757,21.985697
33.0002,43.1059,-10.8756,0.5035984,Cc1ccc(C2=C3[N+](=C2)C2=C(c4ccccc4)[B-](F)(Cl)C(c4ccccc4)=C2C3(c2ccccc2)c2ccccc2)cc1,1,[BH2-]1C(c2ccccc2)=C2C(=C1c1ccccc1)C(c1ccccc1)(c1ccccc1)C1=C(c3ccccc3)C=[N+]21,0.6474099,-1.5103,0.0217605,0.8681,1.0,575.923,0.8458186,3.8367,1.0,1.0,1.0,1.0,1.0,1.0,1.0,1.0,400,10.602143,11.506502
36.903,44.2195,-24.8888,0.3020422,F[B-]1(F)N(c2ccccc2)C(c2ccccc2)=C(c2cc3cccnc3cn2)N1c1ccccc1,1,[BH2-]1N(c2ccccc2)C(c2ccccc2)=C(c2cc3cccnc3cn2)N1c1ccccc1,0.1587334,-5.216,0.0247225,1.0099,0.9999996,461.304,0.9249488,3.0458,1.0,1.0,1.0,1.0,1.0,1.0,1.0,1.0,100,12.818531,6.0212536
25.6246,26.0416,-24.2067,0.0286709,Fc1c(F)c(F)c(B(c2ccc(-c3cccc(B(c4c(F)c(F)c(F)c(F)c4F)c4c(F)c(F)c(F)c(F)c4F)c3)cc2)c2c(F)c(F)c(F)c(F)c2F)c(F)c1F,1,c1ccc(B(c2ccccc2)c2ccc(-c3cccc(B(c4ccccc4)c4ccccc4)c3)cc2)cc1,0.0031768,-11.8623,0.0122723,0.2357,0.0203843,842.044,0.8626155,3.7048,1.0,1.0,1.0,1.0,1.0,1.0,1.0,1.0,40,17.692251,18.369822
22.7442,26.8294,-10.5912,0.2537229,c1ccc2c3c(ccc2c1)-c1cccc2cccc(c12)-c1c-3ccc2ccccc12,1,c1ccc2c3c(ccc2c1)-c1cccc2cccc(c12)-c1c-3ccc2ccccc12,0.1169901,-5.7918,0.0139289,0.375,0.9992744,378.474,0.973679,1.9717,1.0,1.0,1.0,1.0,1.0,1.0,1.0,1.0,120,-19.83846,1.1140689
13.104,26.7981,9.8607,0.5727929,Cc1ccc(C2=C3C(=C(c4cccs4)c4cccn4[B-]3(F)F)c3ccccc32)cc1,1,[BH2-]1C2=C(c3ccccc3)c3ccccc3C2=C(c2cccs2)c2cccn21,0.7890965,-0.3511,0.0277484,1.1386,0.9999678,412.293,0.9074789,3.2689,1.0,1.0,1.0,1.0,1.0,1.0,1.0,1.0,380,28.139532,-14.746271
24.4314,27.9854,-5.8868,0.3452902,c1cc(N=Nc2ccc[nH]2)nc(-n2c3ccccc3c3ccccc32)c1,1,c1cc(N=Nc2ccc[nH]2)nc(-n2c3ccccc3c3ccccc32)c1,0.2387149,-4.3888,0.0199953,0.7742,0.969033,337.386,0.9388376,2.8313,1.0,1.0,1.0,1.0,1.0,1.0,1.0,1.0,220,-22.924007,-14.722307
24.7612,36.1236,-36.1236,0.0,CCOc1ccccc1[N+]1=C2C(=C(c3ccccc3)c3cccn3[B-]2(F)F)C=C1Cl,1,[BH2-]1C2=[N+](c3ccccc3)C=CC2=C(c2ccccc2)c2cccn21,0.0,0.0,0.0,0.0,0.0,0.0,0.0,0.0,1.0,1.0,0.0,0.0,0.0,0.0,0.0,0.0,260,17.75512,-14.564827
21.8348,28.4743,-20.5351,0.124051,CC1(C)C(c2ccccc2)=C(c2ccccc2)n2c1cc(=O)c1ccccc12,1,O=c1cc2n(c3ccccc13)C(c1ccccc1)=C(c1ccccc1)C2,0.0186577,-8.9536,0.0155648,0.4974,0.9971137,363.46,0.9564475,2.4813,1.0,1.0,1.0,1.0,1.0,1.0,1.0,1.0,180,-3.2732396,-4.039809
19.9569,18.4947,-6.6501,0.1850715,COc1c(Cl)cccc1C=Nc1c(C)n(C)n(-c2ccccc2)c1=O,1,O=c1c(N=Cc2ccccc2)c[nH]n1-c1ccccc1,0.0469651,-7.4025,0.0209528,0.8261,0.9941861,355.825,0.9592564,2.4133,1.0,1.0,1.0,1.0,1.0,1.0,1.0,1.0,340,-3.61267,-2.4016843
29.1177,40.7612,-29.7917,0.171399,C[n+]1c(-c2ccccc2)c2c(n1-c1ccccc1Sc1ccccc1)-c1ccccc1C2=O,1,O=C1c2ccccc2-c2c1c(-c1ccccc1)[nH+]n2-c1ccccc1Sc1ccccc1,0.0456378,-7.4515,0.0126073,0.2653,0.9999985,445.567,0.9437483,2.7444,1.0,1.0,1.0,1.0,1.0,1.0,1.0,1.0,380,-6.5525665,5.3920155
23.0393,35.1166,-11.8319,0.3638238,COc1ccc(C2=C(c3ccc[nH]3)[n+]3c(C)c(=O)c4ccccc4n3[B-]2(F)F)cc1,1,O=c1c[n+]2n(c3ccccc13)[BH2-]C(c1ccccc1)=C2c1ccc[nH]1,0.2590297,-4.2117,0.026036,1.0676,0.9999381,405.213,0.8858761,3.4975,1.0,1.0,1.0,1.0,1.0,1.0,1.0,1.0,360,12.741384,-10.470032
38.63,38.433,-33.2426,0.0811002,COC(=O)C1=C(C(Cl)Cl)OC2(C(=O)c3ccccc3C2=O)P(c2ccccc2)C1c1ccccc1,1,O=C1c2ccccc2C(=O)C12OC=CC(c1ccccc1)P2c1ccccc1,0.0084019,-10.2698,0.0120675,0.2172,1.0,525.324,0.7335595,4.5104,1.0,1.0,1.0,1.0,1.0,1.0,1.0,1.0,20,-14.837585,19.771925
32.0281,45.7524,-16.8258,0.4519787,CN1C(=O)C(c2ccccc2Nc2ccc(Br)cc2)=[N+]2C1=C(c1ccncc1)c1cccnc1[B-]2(F)F,1,O=C1NC2=C(c3ccncc3)c3cccnc3[BH2-][N+]2=C1c1ccccc1Nc1ccccc1,0.4405065,-2.8894,0.0279918,1.1484,1.0,558.195,0.8829554,3.5254,1.0,1.0,1.0,1.0,1.0,1.0,1.0,1.0,340,11.06158,-5.186649
29.1703,29.8905,-29.8905,0.0,N#CN(C(=C=C(c1ccccc1)c1ccccc1)N=Nc1ccccc1)c1ccccc1,1,C(=C(N=Nc1ccccc1)Nc1ccccc1)=C(c1ccccc1)c1ccccc1,0.0,0.0,0.0,0.0,0.0,0.0,0.0,0.0,1.0,1.0,0.0,0.0,0.0,0.0,0.0,0.0,60,-0.18341482,27.174944
31.7778,38.9701,-34.4419,0.0707528,CC1c2c(c3ccccc3c3ccccc23)C(c2ccccc2)C2=Cc3ccccc3C21,1,C1=C2C(Cc3c(c4ccccc4c4ccccc34)C2c2ccccc2)c2ccccc21,0.0047301,-11.2115,0.0159169,0.5221,0.9999545,408.544,0.8832699,3.5225,1.0,1.0,1.0,1.0,1.0,1.0,1.0,1.0,160,-24.811886,5.7371306
42.1542,52.3839,-32.4105,0.3120839,O=C1C(Cl)=C2C(=c3c2c(-c2ccc(N(c4ccccc4)c4ccccc4)c(F)c2F)sc3=C2Sc3ccccc3S2)c2c(F)c(F)c(F)c(F)c21,1,O=C1C=C2C(=c3c2c(-c2ccc(N(c4ccccc4)c4ccccc4)cc2)sc3=C2Sc3ccccc3S2)c2ccccc21,0.2086671,-4.6709,0.0171881,0.6069,0.9750412,760.205,0.847813,3.8217,1.0,1.0,1.0,1.0,1.0,1.0,1.0,1.0,140,22.109875,6.5240016
25.468,23.2149,-23.2149,0.0,CC(C)c1cccc(C(C)C)c1NC(=O)C1CCCC1=O,1,O=C1CCCC1C(=O)Nc1ccccc1,0.0,0.0,0.0,0.0,0.0,0.0,0.0,0.0,1.0,1.0,0.0,0.0,0.0,0.0,0.0,0.0,80,-17.54411,20.815607
33.6215,47.6291,-17.4029,0.472284,CC1=C(c2ccccn2)C(F)(F)C2=C(c3ccccc3)C3(C(c4ccccc4)=C(c4ccccc4)c4ccccc43)C(c3c(F)c(F)c(C)c(F)c3F)=C12,1,C1=C(c2ccccn2)CC2=C(c3ccccc3)C3(C(c4ccccc4)=C12)C(c1ccccc1)=C(c1ccccc1)c1ccccc13,0.5881315,-1.9198,0.0241274,0.9828,0.9992597,721.744,0.7442909,4.456,1.0,1.0,1.0,1.0,1.0,1.0,1.0,1.0,380,12.088041,12.668382
11.9334,28.25,9.9123,0.5962865,F[B-]1(F)n2cccc2C(c2ccco2)=C2C=CC(c3cccnc3)=[N+]21,1,[BH2-]1n2cccc2C(c2ccco2)=C2C=CC(c3cccnc3)=[N+]12,0.8383803,0.1811,0.0397937,1.5436,0.9621251,335.122,0.8485233,3.8163,1.0,1.0,1.0,1.0,1.0,1.0,1.0,1.0,300,24.273935,-10.56109
49.4655,49.9025,-44.9155,0.0779225,COC(=O)C1=CC2(N=N1)C(=O)C=C(OCc1ccccc1)C1CCOC12C,1,O=C1C=C(OCc2ccccc2)C2CCOC2C12C=CN=N2,0.0078345,-10.3846,0.0140028,0.3809,0.998165,368.389,0.6641478,4.8337,1.0,1.0,1.0,1.0,1.0,1.0,1.0,1.0,40,-18.058184,22.6055
42.2494,47.4943,-34.267,0.2066772,O=C(OC1c2cc3c(O)cccc3c(O)c2C(=O)C=C2c3ccccc3C(=O)OC21)c1ccccc1,1,O=C(OC1c2cc3ccccc3cc2C(=O)C=C2c3ccccc3C(=O)OC21)c1ccccc1,0.0753244,-6.584,0.0140634,0.3856,0.9999999,478.456,0.8733996,3.6128,1.0,1.0,1.0,1.0,1.0,1.0,1.0,1.0,160,-16.174757,6.2010336
16.9339,33.3753,1.7706,0.549155,Cc1c(C)c2n(c1C)[B-](F)(F)[N+]1=C(c3ccccc3)C=C(c3ccc(Cl)cc3)C1=C2,1,[BH2-]1n2cccc2C=C2C(c3ccccc3)=CC(c3ccccc3)=[N+]12,0.6350183,-1.5981,0.0414963,1.591,0.9999852,420.699,0.8916029,3.4409,1.0,1.0,1.0,1.0,1.0,1.0,1.0,1.0,360,18.812468,-4.304918
24.2298,30.4129,-14.6147,0.2468475,F[B-]1(F)ON=Cc2cc3cc(Br)ccc3n21,1,[BH2-]1ON=Cc2cc3ccccc3n21,0.2248244,-4.5158,0.0215013,0.8548,0.2138332,285.864,0.806468,4.1054,1.0,1.0,1.0,1.0,1.0,1.0,1.0,1.0,240,35.14128,-3.925714
20.3709,26.1974,-11.7475,0.2257792,Cc1ccc(C=C2c3ccccc3C(c3ccc(C)cc3)=[O+][B-]2(F)F)cc1,1,[BH2-]1[O+]=C(c2ccccc2)c2ccccc2C1=Cc1ccccc1,0.0849894,-6.3702,0.0172808,0.6128,0.9961111,360.212,0.9225132,3.0796,1.0,1.0,1.0,1.0,1.0,1.0,1.0,1.0,200,6.3858805,-7.8863173
22.7151,28.9467,-4.0629,0.3888101,CC1=Nc2ccccc2C1=C1C(=O)N(c2ccccc2)C(=O)c2ccccc21,1,O=C1C(=C2C=Nc3ccccc32)c2ccccc2C(=O)N1c1ccccc1,0.295849,-3.9122,0.0238103,0.9681,0.9973534,364.404,0.9632245,2.3091,1.0,1.0,1.0,1.0,1.0,1.0,1.0,1.0,300,-4.9046397,3.663288
13.6743,33.6067,3.5288,0.5802417,F[B-]1(F)n2cccc2C(c2ccncc2)=C2C=C(c3ccc(Br)cc3)N=[N+]21,1,[BH2-]1n2cccc2C(c2ccncc2)=C2C=C(c3ccccc3)N=[N+]12,0.8178652,-0.0539,0.0308854,1.2584,0.99999,425.045,0.8660137,3.6765,1.0,1.0,1.0,1.0,1.0,1.0,1.0,1.0,280,34.97052,-7.249501
23.454,25.4017,-19.0643,0.099022,CC1=C(C)C[Si]2(C1)c1ccccc1-c1sc3ccccc3c12,1,C1=CC[Si]2(C1)c1ccccc1-c1sc3ccccc3c12,0.0103465,-9.9276,0.0282752,1.1597,0.8462489,318.517,0.8503962,3.802,1.0,1.0,1.0,1.0,1.0,1.0,1.0,1.0,60,-19.291664,-16.245329
16.8402,16.7844,-16.396,0.0060698,CN(c1ccc([N+](=O)[O-])cc1)[N+](=O)[O-],1,c1ccccc1,0.0007748,-14.1643,0.0111911,0.1344,7.69e-05,197.15,0.9493414,2.6363,1.0,1.0,1.0,1.0,1.0,1.0,1.0,1.0,180,-9.945802,-18.145313
21.5298,25.7651,-18.5792,0.112279,COc1cccc2ccc(-c3cc4ccccc4cc3C=O)cc12,1,c1ccc2cc(-c3ccc4ccccc4c3)ccc2c1,0.0172862,-9.0802,0.0127107,0.2743,0.757521,312.368,0.972014,2.0334,1.0,1.0,1.0,1.0,1.0,1.0,1.0,1.0,380,-18.212385,-2.5921876
12.2038,20.7472,-20.7472,0.0,F[B-]1(F)n2cccc2C(c2ccc[nH]2)=C2C=CC(Br)=[N+]21,1,[BH2-]1n2cccc2C(c2ccc[nH]2)=C2C=CC=[N+]12,0.8705608,0.604,0.0456136,1.6984,0.964802,335.948,0.7636232,4.3541,1.0,1.0,1.0,1.0,1.0,1.0,1.0,1.0,260,25.096085,-9.502515
27.1574,39.1711,-8.9585,0.4720721,c1ccc(NN=C2N=NC(=C(c3ccccc3)c3ccc4ccccc4c3)C2=NNc2ccccc2)cc1,1,c1ccc(NN=C2N=NC(=C(c3ccccc3)c3ccc4ccccc4c3)C2=NNc2ccccc2)cc1,0.5513985,-2.164,0.0164223,0.5566,1.0,492.586,0.9422125,2.7723,1.0,1.0,1.0,1.0,1.0,1.0,1.0,1.0,200,-0.938815,21.74697
11.3155,33.4037,4.0086,0.5845678,F[B-]1(F)C2=C(c3cccnc3)c3ccc(Br)n3[B-](F)(F)C2=C(c2ccc[nH]2)c2cccn21,1,[BH2-]1C2=C(c3ccc[nH]3)c3cccn3[BH2-]C2=C(c2cccnc2)c2cccn21,0.8635155,0.5045,0.0373657,1.4725,1.0,498.883,0.766328,4.3394,1.0,1.0,1.0,1.0,1.0,1.0,1.0,1.0,300,31.787779,-11.447189
27.7038,28.9991,-3.0338,0.405708,O=C1c2ccccc2C2=NC(=Cc3ccccc3)Cc3ccccc3N12,1,O=C1c2ccccc2C2=NC(=Cc3ccccc3)Cc3ccccc3N12,0.3108971,-3.7963,0.0308917,1.2587,0.9661707,336.394,0.9544083,2.5281,1.0,1.0,1.0,1.0,1.0,1.0,1.0,1.0,220,-10.755612,8.031978
33.7487,37.0357,-8.2393,0.4499437,Oc1cc(=c2c[s+]c(=C3C=CC=C[N-]3)nn2)ccc1=C(c1ccccc1)c1ccccc1,1,C1=C[N-]C(=c2nnc(=c3ccc(=C(c4ccccc4)c4ccccc4)cc3)c[s+]2)C=C1,0.5230291,-2.3499,0.0199525,0.7719,0.9999955,433.536,0.7967844,4.1649,1.0,1.0,1.0,1.0,1.0,1.0,1.0,1.0,160,2.212943,20.868517
34.3295,34.0992,-34.0992,0.0,COC(=O)Cc1c(C(=O)OC)c2ccccc2c2c1ccc1ccc(Br)cc12,1,c1ccc2c(c1)ccc1ccc3ccccc3c12,0.0,0.0,0.0,0.0,0.0,0.0,0.0,0.0,1.0,1.0,0.0,0.0,0.0,0.0,0.0,0.0,200,-10.837095,-23.711311
22.7807,30.324,-24.4867,0.0912082,Cc1cc(C)c2c(c1)C1=C(c3ccccc3)C3c4ccccc4C12c1ccccc13,1,c1ccc(C2=C3c4ccccc4C34c3ccccc3C2c2ccccc24)cc1,0.0079311,-10.3645,0.0268973,1.1039,0.9994993,382.506,0.8457235,3.8374,1.0,1.0,1.0,1.0,1.0,1.0,1.0,1.0,240,1.7477918,6.4482713
10.8557,32.9948,6.2762,0.6136097,F[B-]1(F)n2cc(Cl)cc2C(c2ccccc2Cl)=C2c3ccccc3C(Br)=[N+]21,1,[BH2-]1n2cccc2C(c2ccccc2)=C2c3ccccc3C=[N+]12,0.8673609,0.5582,0.0385729,1.5084,0.9999998,465.921,0.8828197,3.5267,1.0,1.0,1.0,1.0,1.0,1.0,1.0,1.0,380,17.458818,-0.14214315
31.214,42.9483,-6.3348,0.5720859,O=[N+]([O-])c1ccn2c([N+](=O)c3ccccc3)c(-c3c4ccccc4cc4ccccc34)nc2c1,1,O=[N+](c1ccccc1)c1c(-c2c3ccccc3cc3ccccc23)nc2ccccn12,0.821884,-0.0096,0.022143,0.8874,0.9999985,445.458,0.9381542,2.8428,1.0,1.0,1.0,1.0,1.0,1.0,1.0,1.0,280,-26.164051,-7.669598
16.7545,22.9911,-22.4174,0.008965,CC1=C(c2ccccc2)[B-](c2c(F)c(F)c(F)c(F)c2F)(c2c(F)c(F)c(F)c(F)c2F)[N+]1(C)C,1,C1=C(c2ccccc2)[B-](c2ccccc2)(c2ccccc2)[NH2+]1,2.73e-05,-19.6146,0.0124109,0.2481,1.0,505.164,0.8689022,3.6519,1.0,1.0,1.0,1.0,1.0,1.0,1.0,1.0,220,19.285715,16.611898
18.4054,28.3297,2.314,0.4788079,F[B-]1(F)c2ccccc2C(=C2C=C(c3ccccn3)N=[NH+]2)c2cccn21,1,[BH2-]1c2ccccc2C(=C2C=C(c3ccccn3)N=[NH+]2)c2cccn21,0.5524262,-2.1572,0.0288955,1.1839,0.985943,346.149,0.7923784,4.1913,1.0,1.0,1.0,1.0,1.0,1.0,1.0,1.0,280,20.939196,-17.633556
35.0295,35.0763,-32.7912,0.0357032,COC(=O)N(N=Cc1ccccc1-c1cc[nH]c1)S(=O)(=O)c1ccccc1,1,O=S(=O)(NN=Cc1ccccc1-c1cc[nH]c1)c1ccccc1,0.0007047,-14.3189,0.023691,0.9625,0.9995402,383.429,0.9372346,2.8582,1.0,1.0,1.0,1.0,1.0,1.0,1.0,1.0,120,-18.17051,6.970028
22.7018,21.8604,-21.8604,0.0,O=C1OC(OCC(F)(F)F)c2ccccc21,1,O=C1OCc2ccccc21,0.0,0.0,0.0,0.0,0.0,0.0,0.0,0.0,1.0,1.0,0.0,0.0,0.0,0.0,0.0,0.0,80,-15.063918,13.178338
16.2928,15.8567,-15.7128,0.002248,c1ccc([SiH](c2ccccc2)[SiH](c2ccccc2)c2ccccc2)cc1,1,c1ccc([SiH](c2ccccc2)[SiH](c2ccccc2)c2ccccc2)cc1,8e-07,-25.3435,0.0100678,0.0183,0.9978394,366.612,0.9536577,2.5448,1.0,1.0,1.0,1.0,1.0,1.0,1.0,1.0,60,10.043883,7.332371
22.7795,25.6661,-18.7204,0.1085263,CN(C)c1c(-c2ccccc2)c(-c2ccccc2)c(-c2ccccc2)c2c1ccc1ccccc12,1,c1ccc(-c2cc3ccc4ccccc4c3c(-c3ccccc3)c2-c2ccccc2)cc1,0.0127308,-9.5859,0.0172721,0.6123,0.999999,449.597,0.9683167,2.1583,1.0,1.0,1.0,1.0,1.0,1.0,1.0,1.0,80,-13.992628,-7.8887243
15.1082,28.4547,5.6746,0.5332702,F[B-]1(F)C(c2ccccc2)=C2C(=C3c4ccccc4C(c4ccccc4)=[N+]31)C(=Cc1ccccc1)c1ccccc12,1,[BH2-]1C(c2ccccc2)=C2C(=C3c4ccccc4C(c4ccccc4)=[N+]13)C(=Cc1ccccc1)c1ccccc12,0.7164456,-0.9904,0.0206142,0.808,1.0,531.414,0.9152115,3.1753,1.0,1.0,1.0,1.0,1.0,1.0,1.0,1.0,260,11.046273,-2.3151617
22.4862,46.0447,-12.2837,0.527516,F[B-]1(F)C2=C(c3ccc4ccccc4c3-c3ccccc3)C2=C(c2ccc(Cl)cc2)c2cc(Cl)cn21,1,[BH2-]1C2=C(c3ccc4ccccc4c3-c3ccccc3)C2=C(c2ccccc2)c2cccn21,0.6858539,-1.2284,0.0218971,0.875,1.0,511.187,0.9122666,3.2118,1.0,1.0,1.0,1.0,1.0,1.0,1.0,1.0,360,21.221241,-2.7427857
25.2596,24.7023,-24.7023,0.0,CCC1CC(c2ccc(Cl)cc2)Oc2ccc3ccccc3c21,1,c1ccc(C2CCc3c(ccc4ccccc34)O2)cc1,0.0,0.0,0.0,0.0,0.0,0.0,0.0,0.0,1.0,1.0,0.0,0.0,0.0,0.0,0.0,0.0,60,-23.352673,2.478242
18.4196,19.6702,-19.6702,0.0,c1ccc(C(=C(c2ccccc2)c2cc3ccc2CCc2ccc(cc2)CC3)c2ccccc2)cc1,1,c1ccc(C(=C(c2ccccc2)c2cc3ccc2CCc2ccc(cc2)CC3)c2ccccc2)cc1,0.0,0.0,0.0,0.0,0.0,0.0,0.0,0.0,1.0,1.0,0.0,0.0,0.0,0.0,0.0,0.0,80,3.0546894,25.328815
17.7323,17.3428,-15.8511,0.0233088,c1ccc(CN2c3ccccc3Oc3ccccc32)cc1,1,c1ccc(CN2c3ccccc3Oc3ccccc32)cc1,0.0008831,-13.951,0.0136086,0.3494,0.0790054,273.335,0.9792338,1.7346,1.0,1.0,1.0,1.0,1.0,1.0,1.0,1.0,200,-10.701466,19.822685
13.0504,22.6528,3.5667,0.409679,ClC1=C(c2ccccc2)C(c2ccccc2)=[N+](c2ccccc2)[B-]1(Cl)Cl,1,[BH2-]1C=C(c2ccccc2)C(c2ccccc2)=[N+]1c1ccccc1,0.3335888,-3.627,0.0269836,1.1075,0.9998855,398.529,0.9299917,2.9725,1.0,1.0,1.0,1.0,1.0,1.0,1.0,1.0,280,9.209051,10.164067
11.2793,33.4281,1.5259,0.5461558,F[B-]1(F)c2c(-c3ccccc3)c3cccn3c2=C(c2cccnc2)c2ccc(Br)n21,1,[BH2-]1c2c(-c3ccccc3)c3cccn3c2=C(c2cccnc2)c2cccn21,0.7152783,-0.9998,0.0271562,1.1146,0.9999996,461.098,0.8887506,3.4694,1.0,1.0,1.0,1.0,1.0,1.0,1.0,1.0,380,28.255384,-7.4778013
24.521,35.0202,-14.6598,0.3181315,Cc1cccc(C(=N[N-]C2=[S+]C(c3ccccc3)=C(c3ccccc3)C2=O)c2ccccc2)c1,1,O=C1C([N-]N=C(c2ccccc2)c2ccccc2)=[S+]C(c2ccccc2)=C1c1ccccc1,0.2215953,-4.5462,0.0130892,0.3066,0.9999995,458.586,0.9175034,3.1461,1.0,1.0,1.0,1.0,1.0,1.0,1.0,1.0,320,3.350618,16.740543
50.8441,59.9329,-59.9329,0.0,c1ccc(CCn2c3c4[nH]c(c5c(c2-c2ccccc2O3)N=C(c2ccccc2)C5)C4)cc1,1,c1ccc(CCn2c3c4[nH]c(c5c(c2-c2ccccc2O3)N=C(c2ccccc2)C5)C4)cc1,0.0,0.0,0.0,0.0,0.0,0.0,0.0,0.0,1.0,1.0,0.0,0.0,0.0,0.0,0.0,0.0,180,-0.19280298,5.2173758
12.9508,36.5916,-2.7549,0.5286991,Cn1cccc1[N+]1=C(Br)c2ccccc2C1=[N+]1C(=C2C=C[B-](F)(F)n3cccc32)c2cccn2[B-]1(F)F,1,[BH2-]1C=CC(=C2c3cccn3[BH2-][N+]2=C2c3ccccc3C=[N+]2c2ccc[nH]2)c2cccn21,0.7848098,-0.3927,0.0320831,1.3011,1.0,565.974,0.6620398,4.843,1.0,1.0,1.0,1.0,1.0,1.0,1.0,1.0,400,19.919237,-12.435299
26.2437,26.5073,-26.5073,0.0,N#CCCC(=NNc1ccc([N+](=O)[O-])cc1)c1ccco1,1,C(=NNc1ccccc1)c1ccco1,0.0,0.0,0.0,0.0,0.0,0.0,0.0,0.0,1.0,1.0,0.0,0.0,0.0,0.0,0.0,0.0,20,-9.437562,-15.253418
29.7446,31.0723,-23.0346,0.1255876,FC(F)(F)c1ccccc1-c1ccccc1NC(=S)c1ccc(Br)cc1,1,S=C(Nc1ccccc1-c1ccccc1)c1ccccc1,0.020433,-8.8026,0.0123692,0.2444,0.9999965,436.296,0.968629,2.1483,1.0,1.0,1.0,1.0,1.0,1.0,1.0,1.0,340,5.3342376,-7.625952
31.6007,43.7312,-27.5237,0.2532429,Cc1cc2ccccc2nc1N=C1C(=O)C(=C2C(=O)C(=O)N(c3ccccc3)C2=O)c2ccccc21,1,O=C1C(=O)N(c2ccccc2)C(=O)C1=C1C(=O)C(=Nc2ccc3ccccc3n2)c2ccccc21,0.1188159,-5.7632,0.0145384,0.4222,0.9999999,471.472,0.9318135,2.9448,1.0,1.0,1.0,1.0,1.0,1.0,1.0,1.0,180,-5.3091254,3.6128712
40.2819,59.2531,-32.9561,0.4108916,O=c1c2ccccc2c(-c2ccccc2)c2c1c1c(c3cc(-c4ccccc4)cc(-c4ccc(O)cc4)c3[n+]1[O-])n1cccc21,1,O=c1c2ccccc2c(-c2ccccc2)c2c1c1[nH+]c3c(-c4ccccc4)cc(-c4ccccc4)cc3c1n1cccc21,0.3612301,-3.4284,0.0219118,0.8758,1.0,580.643,0.9202575,3.11,1.0,1.0,1.0,1.0,1.0,1.0,1.0,1.0,320,-16.527046,-8.386013
22.0096,31.408,-4.1896,0.4252861,c1ccc(C2=C(c3ccccc3)C(c3ccccc3)=C(c3ccccc3)C2=C2CSCO2)cc1,1,c1ccc(C2=C(c3ccccc3)C(c3ccccc3)=C(c3ccccc3)C2=C2CSCO2)cc1,0.3810239,-3.2902,0.022271,0.8938,0.9999995,456.61,0.9556841,2.4991,1.0,1.0,1.0,1.0,1.0,1.0,1.0,1.0,200,6.5406075,13.204694
36.8034,46.1111,-22.6584,0.3664496,O=c1c2c3c4c5ccccc5c1=CC4(c1ccccc1)C3(c1ccccc1)C1c3ccccc3C=2c2ccccc21,1,O=c1c2c3c4c5ccccc5c1=CC4(c1ccccc1)C3(c1ccccc1)C1c3ccccc3C=2c2ccccc21,0.4165338,-3.0489,0.0180721,0.6623,1.0,520.631,0.5661065,5.2401,1.0,1.0,1.0,1.0,1.0,1.0,1.0,1.0,160,-8.870217,16.044527
21.5816,29.5317,-1.8396,0.4326886,C=C1C(=c2sc3cccc4cccc(c2=O)c43)C(=O)c2ccccc21,1,C=C1C(=c2sc3cccc4cccc(c2=O)c43)C(=O)c2ccccc21,0.4421133,-2.8788,0.0167874,0.5808,0.9763684,340.403,0.9471619,2.6797,1.0,1.0,1.0,1.0,1.0,1.0,1.0,1.0,280,-14.961952,2.9631557
36.4137,39.9013,-18.8181,0.3294254,Oc1cccc2cc(N=Cc3c(Br)cc(Cl)c4ccccc34)cnc12,1,C(=Nc1cnc2ccccc2c1)c1cccc2ccccc12,0.2255648,-4.5089,0.0152864,0.4775,0.9999659,411.686,0.945436,2.7129,1.0,1.0,1.0,1.0,1.0,1.0,1.0,1.0,340,-19.83896,-4.687495
20.0406,20.6143,-18.6143,0.0312498,Cc1cc([N+](=O)[O-])c(O)cc1[N+](=O)[O-],1,c1ccccc1,0.0424501,-7.5748,0.0156186,0.5012,8.42e-05,198.134,0.9640603,2.2858,1.0,1.0,1.0,1.0,1.0,1.0,1.0,1.0,360,-9.714039,-17.971895
26.3588,30.8176,-2.5272,0.4420379,O=c1c2c(Br)cnn1C=C(c1ccccc1Br)N=C2,1,O=c1c2ccnn1C=C(c1ccccc1)N=C2,0.4563648,-2.785,0.0258578,1.0599,0.9994263,381.027,0.8091404,4.0886,1.0,1.0,1.0,1.0,1.0,1.0,1.0,1.0,180,-5.0052385,6.4136147
14.8295,34.4526,4.1154,0.602625,CC1=CC(c2ccccc2)=[N+]2C1=C(c1cccnc1)c1c(Br)c(Cl)c(Cl)n1[B-]2(F)F,1,[BH2-]1n2cccc2C(c2cccnc2)=C2C=CC(c3ccccc3)=[N+]12,0.8239232,0.0132,0.0405524,1.565,1.0,506.974,0.8715583,3.6289,1.0,1.0,1.0,1.0,1.0,1.0,1.0,1.0,300,26.077253,-5.5530066
23.6944,34.0216,-4.517,0.4610085,ClC1=[N+]2C(=C3C(c4ccccc4)=C(c4ccccc4)C(c4ccccc4)=C3[B-]2(Cl)Cl)C=C1,1,[BH2-]1C2=C(c3ccccc3)C(c3ccccc3)=C(c3ccccc3)C2=C2C=CC=[N+]12,0.4988032,-2.5078,0.0207704,0.8164,0.9999999,472.611,0.9035529,3.3138,1.0,1.0,1.0,1.0,1.0,1.0,1.0,1.0,160,9.002551,10.378946
48.2904,64.9871,-39.8785,0.3923224,Cn1c(=Cc2cccc3ccccc23)c(N([O-])[O-])cc(=C2C(c3ccccc3)=NN(c3ccccc3)C2=[N+]2C(=O)C=C([N+](=O)[O-])C2=O)c1=O,1,O=C1C=CC(=O)[N+]1=C1C(=c2ccc(=Cc3cccc4ccccc34)[nH]c2=O)C(c2ccccc2)=NN1c1ccccc1,0.3638925,-3.4096,0.0188664,0.7099,0.9999989,651.615,0.8307711,3.9452,1.0,1.0,1.0,1.0,1.0,1.0,1.0,1.0,220,-5.2026277,-2.2026348
15.6944,20.5896,-16.1743,0.0689893,c1ccc2cc(-c3cc4ccccc4c4ccccc34)ccc2c1,1,c1ccc2cc(-c3cc4ccccc4c4ccccc34)ccc2c1,0.0055301,-10.9557,0.0129184,0.2921,0.5997727,304.392,0.9798405,1.705,1.0,1.0,1.0,1.0,1.0,1.0,1.0,1.0,160,-22.302116,-5.876099
23.2843,28.573,-13.2754,0.2390249,C(=C1CC12N=C(c1ccccc1)C(c1ccccc1)=C2c1ccccc1)c1ccccc1,1,C(=C1CC12N=C(c1ccccc1)C(c1ccccc1)=C2c1ccccc1)c1ccccc1,0.1048,-5.9933,0.0151093,0.4646,0.9999585,409.532,0.8927014,3.4297,1.0,1.0,1.0,1.0,1.0,1.0,1.0,1.0,220,4.3380356,11.066403
29.4676,29.4082,-23.6107,0.0905852,CC1=C(OS(=O)(=O)c2ccccc2)C2=CC=CC(=N1)CCc1cccc(c1)CC2,1,O=S(=O)(OC1=CN=C2C=CC=C1CCc1cccc(c1)CC2)c1ccccc1,0.009832,-10.0115,0.0213759,0.8483,0.9999399,405.519,0.6853281,4.7394,1.0,1.0,1.0,1.0,1.0,1.0,1.0,1.0,100,-11.171207,-0.8061754
29.1726,40.6348,-9.5677,0.4854231,O=C(c1ccccc1Cl)c1c(-c2ccccc2)n2c(c1=Cc1ccccc1)=NNc1ccccc1-2,1,O=C(c1ccccc1)c1c(-c2ccccc2)n2c(c1=Cc1ccccc1)=NNc1ccccc1-2,0.5215493,-2.3595,0.024792,1.013,0.9999999,473.963,0.9418654,2.7785,1.0,1.0,1.0,1.0,1.0,1.0,1.0,1.0,200,0.8311675,3.8098516
32.4719,47.8515,-21.5539,0.4109,F[B-]1(F)n2c(cc(Cl)c2Cl)C(c2c[nH]c3ccc(Cl)cc23)=C2C=C(Cl)C(F)(F)C(F)(F)C(F)(F)C(F)(F)C(F)(F)C(F)(F)C21Cl,1,[BH2-]1C2CCCCCCC=CC2=C(c2c[nH]c3ccccc23)c2cccn21,0.5191336,-2.3753,0.0286935,1.1761,0.9604318,765.372,0.528291,5.3893,1.0,1.0,1.0,1.0,1.0,1.0,1.0,1.0,340,26.081755,0.35134563
32.4779,31.8383,-31.8383,0.0,COc1ccccc1C(C)N1C=NN(C(=O)c2ccccc2)C(C)C1=O,1,O=C1CN(C(=O)c2ccccc2)N=CN1Cc1ccccc1,0.0,0.0,0.0,0.0,0.0,0.0,0.0,0.0,1.0,1.0,0.0,0.0,0.0,0.0,0.0,0.0,60,-7.601449,22.227545
15.4321,21.9836,-8.3111,0.213634,F[B-]1(F)n2c(cc3ccccc32)-c2ccc3ccccc3[n+]21,1,[BH2-]1n2c(cc3ccccc32)-c2ccc3ccccc3[n+]21,0.1237826,-5.6873,0.0177168,0.6404,0.3256569,292.097,0.9129456,3.2035,1.0,1.0,1.0,1.0,1.0,1.0,1.0,1.0,240,9.167252,-15.973143
14.7081,39.493,-4.1768,0.5518169,F[B-]1(F)C2=CC(c3ccc(Br)cc3)=CC2=C(c2cccc(Cl)c2)c2ccc(Br)n21,1,[BH2-]1C2=CC(c3ccccc3)=CC2=C(c2ccccc2)c2cccn21,0.7278491,-0.8979,0.0280736,1.1517,1.0,534.414,0.8870552,3.4861,1.0,1.0,1.0,1.0,1.0,1.0,1.0,1.0,320,31.815557,-1.6621531
46.2098,46.2735,-46.2735,0.0,C=CC1=CC2Cc3oc(=O)c4ccccc4c3OC([P-](#[O+])(c3ccccc3)c3ccccc3)C2C1,1,O=c1oc2c(c3ccccc13)OC([PH-](c1ccccc1)c1ccccc1)C1CC=CC1C2,0.0,0.0,0.0,0.0,0.0,0.0,0.0,0.0,1.0,1.0,0.0,0.0,0.0,0.0,0.0,0.0,100,-18.05911,-4.993778
21.664,26.5457,-10.9099,0.2443089,COC1=C(c2ccccc2)C(=O)c2cc(C)c(O)cc2C1=O,1,O=C1C=C(c2ccccc2)C(=O)c2ccccc21,0.1640679,-5.1518,0.0153676,0.4833,0.3718154,294.306,0.9634532,2.3028,1.0,1.0,1.0,1.0,1.0,1.0,1.0,1.0,280,-3.166269,7.051668
30.9728,33.8915,-22.7033,0.174816,c1ccc(C2=Nc3cccc4c5c(ccc34)-c3ccccc3C2C5)cc1,1,c1ccc(C2=Nc3cccc4c5c(ccc34)-c3ccccc3C2C5)cc1,0.0503617,-7.283,0.0166314,0.5705,0.9475344,331.418,0.8193296,4.0227,1.0,1.0,1.0,1.0,1.0,1.0,1.0,1.0,100,-7.9192696,14.687766
15.7121,39.3079,-3.9566,0.5523643,F[B-]1(F)C(c2ccccc2)=[N+]2C(=C(c3c4ccccc4cc4ccccc34)c3ccc(Cl)n31)c1cccn1[B-]2(F)F,1,[BH2-]1C(c2ccccc2)=[N+]2[BH2-]n3cccc3C2=C(c2c3ccccc3cc3ccccc23)c2cccn21,0.7699724,-0.5324,0.0270654,1.1108,1.0,566.583,0.839385,3.8841,1.0,1.0,1.0,1.0,1.0,1.0,1.0,1.0,340,18.167627,0.27289844
13.1876,33.2933,1.5552,0.544507,F[B-]1(F)C2=CC(c3ccc[nH]3)=CC2=C(c2ccc(Br)cc2)c2ccc(Cl)n21,1,[BH2-]1C2=CC(c3ccc[nH]3)=CC2=C(c2ccccc2)c2cccn21,0.7234146,-0.9342,0.0285977,1.1723,0.9999983,444.495,0.8493291,3.8101,1.0,1.0,1.0,1.0,1.0,1.0,1.0,1.0,340,31.33832,-2.0476646
30.6657,48.8337,-18.1488,0.4794517,O=C1C(c2ccccc2)=[N+]=CC1=c1c2c(c(-c3cccnc3)c3ccccc13)[B-](F)(F)n1c(Br)ccc1C=2c1cccs1,1,O=C1C(c2ccccc2)=[N+]=CC1=c1c2c(c(-c3cccnc3)c3ccccc13)[BH2-]n1cccc1C=2c1cccs1,0.5804726,-1.9712,0.0228186,0.9208,0.9999993,646.325,0.8132537,4.0623,1.0,1.0,1.0,1.0,1.0,1.0,1.0,1.0,260,27.602154,-6.9376493
20.5337,26.2675,8.0067,0.5355346,Cc1ccc(C2=[N+]3C(c4ccccc4)=[N+](C=C(c4ccccc4)O[B-]3(F)F)[B-](F)(F)n3c(C)cc(C)c32)cc1,1,[BH2-]1n2cccc2C(c2ccccc2)=[N+]2[BH2-]OC(c3ccccc3)=C[N+]1=C2c1ccccc1,0.7465463,-0.7407,0.0328579,1.3279,1.0,529.155,0.7300776,4.5277,1.0,1.0,1.0,1.0,1.0,1.0,1.0,1.0,320,16.469341,-3.9263642
37.5111,44.9514,-29.4788,0.24176,C1=[N+]2C(=NN(c3ccccc3)[B-]23Oc2ccccc2[O+]=C3c2ccc(-c3ccccc3)cc2)[B-]2(c3ccccc31)c1ccccc1-c1ccccc12,1,C1=[N+]2C(=NN(c3ccccc3)[B-]23Oc2ccccc2[O+]=C3c2ccc(-c3ccccc3)cc2)[B-]2(c3ccccc31)c1ccccc1-c1ccccc12,0.1419545,-5.4301,0.0198495,0.7661,0.9999951,667.386,0.5601133,5.2639,1.0,1.0,1.0,1.0,1.0,1.0,1.0,1.0,140,11.417713,-1.054288
25.4957,34.5055,-3.0866,0.490919,COc1cccc(C2=CC=C(c3ccc(OC)c(OC)c3)C(=O)C2=NNc2ccccc2)c1,1,O=C1C(c2ccccc2)=CC=C(c2ccccc2)C1=NNc1ccccc1,0.5580497,-2.1201,0.0212224,0.8403,0.9999976,440.499,0.9526651,2.5665,1.0,1.0,1.0,1.0,1.0,1.0,1.0,1.0,320,-7.671468,-7.032715
13.2709,34.0905,4.305,0.5999293,F[B-]1(F)n2cccc2C(c2ccc[nH]2)=C2C(Cl)=C(Br)C(c3ccccc3)=[N+]21,1,[BH2-]1n2cccc2C(c2ccc[nH]2)=C2C=CC(c3ccccc3)=[N+]12,0.845703,0.2707,0.0385,1.5063,0.9999986,446.491,0.8475454,3.8237,1.0,1.0,1.0,1.0,1.0,1.0,1.0,1.0,340,23.082037,-7.0898
24.2017,32.662,-9.6367,0.3597705,O=C(c1ccccc1)c1cc2ccccc2c(-c2c3ccccc3cc3ccccc23)c1-c1cccc2ccccc12,1,O=C(c1ccccc1)c1cc2ccccc2c(-c2c3ccccc3cc3ccccc23)c1-c1cccc2ccccc12,0.2842099,-4.0043,0.0142371,0.3991,1.0,534.658,0.96335,2.3057,1.0,1.0,1.0,1.0,1.0,1.0,1.0,1.0,140,-28.09154,-7.1966906
10.2094,27.3938,8.1696,0.5556793,F[B-]1(F)C2=CC(c3ccccc3)=CC2=C(c2ccncc2)c2cccn21,1,[BH2-]1C2=CC(c3ccccc3)=CC2=C(c2ccncc2)c2cccn21,0.7575336,-0.6447,0.0264304,1.0843,0.9815785,343.165,0.8926901,3.4299,1.0,1.0,1.0,1.0,1.0,1.0,1.0,1.0,300,15.357562,-16.325853
23.3295,24.8747,-20.0476,0.0754239,CN1C2=C(c3ccccc3C2c2ccccc2)c2ccccc2S1(=O)=O,1,O=S1(=O)NC2=C(c3ccccc3C2c2ccccc2)c2ccccc21,0.0044888,-11.2972,0.0284324,1.1658,0.9958295,359.45,0.9280487,3.0013,1.0,1.0,1.0,1.0,1.0,1.0,1.0,1.0,40,-15.171327,14.562874
27.0531,26.801,-26.2796,0.0081466,O=C1c2cc(Cl)cc(Cl)c2C(c2ccccc2)N2C(=O)CCN12,1,O=C1c2ccccc2C(c2ccccc2)N2C(=O)CCN12,2.08e-05,-20.0558,0.0122668,0.2352,0.9872245,347.201,0.9122023,3.2126,1.0,1.0,1.0,1.0,1.0,1.0,1.0,1.0,140,-17.032333,18.622414
37.355,38.6245,-25.5931,0.2036144,CN(C1=CC(=O)c2nn(-c3ccccc3)nc2C1=N)c1ccccc1,1,N=C1C(Nc2ccccc2)=CC(=O)c2nn(-c3ccccc3)nc21,0.0675365,-6.7753,0.0164472,0.5582,0.9372877,329.363,0.9356375,2.8844,1.0,1.0,1.0,1.0,1.0,1.0,1.0,1.0,100,-0.14452904,0.8643762
13.1363,28.6064,5.5828,0.5342059,F[B-]1(F)c2c(-c3ccc(Br)cc3)c3ccc(Br)n3c2=C(c2ccc(Br)cc2)c2cccn21,1,[BH2-]1c2c(-c3ccccc3)c3cccn3c2=C(c2ccccc2)c2cccn21,0.6718354,-1.3331,0.0286292,1.1736,0.9999999,617.902,0.877553,3.5755,1.0,1.0,1.0,1.0,1.0,1.0,1.0,1.0,360,27.727955,-9.678009
19.88,33.8273,1.2271,0.5477261,COc1ccc(C2=c3ccc4ccccc4c3=[N+](c3cccc4ccccc34)[B-](F)(F)n3cccc32)cc1,1,[BH2-]1n2cccc2C(c2ccccc2)=c2ccc3ccccc3c2=[N+]1c1cccc2ccccc12,0.7254268,-0.9177,0.0252058,1.0315,1.0,500.357,0.9075856,3.2677,1.0,1.0,1.0,1.0,1.0,1.0,1.0,1.0,340,14.315873,-10.748719
19.3691,29.883,4.1571,0.5318773,Cc1cc(C)n2c1C(=C1C=CC(c3ccccc3)=C1)n1cccc1[B-]2(F)F,1,[BH2-]1c2cccn2C(=C2C=CC(c3ccccc3)=C2)c2cccn21,0.6821284,-1.2564,0.027418,1.1253,0.9957359,359.208,0.86507,3.6844,1.0,1.0,1.0,1.0,1.0,1.0,1.0,1.0,380,26.695377,-8.14728
18.7834,44.1167,-8.1896,0.5613614,F[B-]1(F)C(c2ccncc2)=c2cc(Br)ccc2=C(c2ccc(Br)nc2)c2cc(Br)c(Cl)n21,1,[BH2-]1C(c2ccncc2)=c2ccccc2=C(c2cccnc2)c2cccn21,0.7364146,-0.8267,0.0336435,1.3544,0.9999995,641.324,0.8599653,3.7264,1.0,1.0,1.0,1.0,1.0,1.0,1.0,1.0,340,34.196606,-5.5322046
11.5906,26.0922,11.6065,0.5890419,CN(C)c1ccc(C2=CC3=C(c4ccccc4)c4cccn4[B-](F)(F)[N+]3=C2)cc1,1,[BH2-]1n2cccc2C(c2ccccc2)=C2C=C(c3ccccc3)C=[N+]12,0.8113251,-0.1244,0.0335355,1.3508,0.9996763,387.242,0.8900439,3.4566,1.0,1.0,1.0,1.0,1.0,1.0,1.0,1.0,320,24.043056,-15.709396
17.3388,18.3195,-8.5094,0.1532836,O=C(NC(=S)c1ccc(Br)cc1)c1ccccc1,1,O=C(NC(=S)c1ccccc1)c1ccccc1,0.0351719,-7.8935,0.0133272,0.3264,0.8654719,320.211,0.9768622,1.8426,1.0,1.0,1.0,1.0,1.0,1.0,1.0,1.0,120,-7.2189503,28.034168
21.9624,25.6291,-11.915,0.2142832,C(=Nc1[n-]cc[s+]1)c1ccc2oc(-c3ccccc3)cc2c1,1,C(=Nc1[n-]cc[s+]1)c1ccc2oc(-c3ccccc3)cc2c1,0.095327,-6.1648,0.0183489,0.6791,0.5993745,304.374,0.8855574,3.5006,1.0,1.0,1.0,1.0,1.0,1.0,1.0,1.0,120,-2.9634476,-7.6216145
23.5029,22.5607,-22.3812,0.0028049,Cc1ccc(S(=O)(=O)N2C(=O)N(C)C(c3ccccc3)C2c2ccc(Cl)cc2)cc1,1,O=C1NC(c2ccccc2)C(c2ccccc2)N1S(=O)(=O)c1ccccc1,1.4e-06,-24.414,0.010504,0.0649,0.9999977,440.952,0.9255879,3.0368,1.0,1.0,1.0,1.0,1.0,1.0,1.0,1.0,60,-9.758934,-3.409597
11.7243,33.6997,0.9299,0.5410887,F[B-]1(F)C2=C(Br)C(Cl)=CC2=C(c2cccnc2)c2ccc(Br)n21,1,[BH2-]1C2=CC=CC2=C(c2cccnc2)c2cccn21,0.7183161,-0.9754,0.0291433,1.1935,0.9999996,459.304,0.8332217,3.9281,1.0,1.0,1.0,1.0,1.0,1.0,1.0,1.0,380,30.534184,-3.8133264
7.382,21.6092,-21.6092,0.0,F[B-]1(F)n2cccc2C(c2ccccc2)=C2c3ccccc3C(c3ccccc3)=[N+]21,1,[BH2-]1n2cccc2C(c2ccccc2)=C2c3ccccc3C(c3ccccc3)=[N+]12,0.8406149,0.2081,0.0363215,1.4406,0.9998299,394.233,0.9183469,3.1352,1.0,1.0,1.0,1.0,1.0,1.0,1.0,1.0,320,17.562752,-7.717086
53.4662,68.7497,-65.2657,0.0544372,C=C1C(C)=[N+]2[B-](F)(F)n3c(Br)ccc3P2(n2c(=O)ccc3ccccc32)=NP(C)(c2ccccc2)=[N+]1c1ccccc1,1,C=C1C=[N+]2[BH2-]n3cccc3P2(n2c(=O)ccc3ccccc32)=N[PH](c2ccccc2)=[N+]1c1ccccc1,0.003458,-11.7238,0.013137,0.3106,0.9999966,663.232,0.6033756,5.09,1.0,1.0,1.0,1.0,1.0,1.0,1.0,1.0,200,16.780714,-18.063622
13.5389,25.637,2.1888,0.4347778,FC1=C(F)C(c2ccccc2)=C2C1=C(c1ccccc1)c1ccccc12,1,C1=CC(c2ccccc2)=C2C1=C(c1ccccc1)c1ccccc12,0.4258306,-2.9868,0.0189142,0.7127,0.9763024,340.372,0.9634035,2.3042,1.0,1.0,1.0,1.0,1.0,1.0,1.0,1.0,280,4.042734,12.688258
21.2405,38.2612,-4.1983,0.5322332,F[B-]1(F)C2=Cc3ccc(-c4cccnc4)cc3C2=C(Cl)c2ccc(Cl)n21,1,[BH2-]1C2=Cc3ccc(-c4cccnc4)cc3C2=Cc2cccn21,0.7171253,-0.985,0.0225324,0.9068,0.9996376,386.017,0.8766659,3.5836,1.0,1.0,1.0,1.0,1.0,1.0,1.0,1.0,320,29.99549,-2.6403863
37.4552,40.993,-24.6932,0.2546849,C[N+]1=CC(c2ccccc2)=NC1=C1[N-]c2ccccc2C12C=CC(c1ccccc1)=NN2c1ccccc1,1,C1=CC2(C(=C3N=C(c4ccccc4)C=[NH+]3)[N-]c3ccccc32)N(c2ccccc2)N=C1c1ccccc1,0.133672,-5.5437,0.0198871,0.7682,1.0,491.598,0.7186699,4.5835,1.0,1.0,1.0,1.0,1.0,1.0,1.0,1.0,120,4.590167,3.9421837
27.4794,27.2282,-27.2282,0.0,CCC1C(C2(c3ccccc3)c3ccccc3-c3ccccc32)=Cc2ccccc21,1,C1=C(C2(c3ccccc3)c3ccccc3-c3ccccc32)Cc2ccccc21,0.0,0.0,0.0,0.0,0.0,0.0,0.0,0.0,1.0,1.0,0.0,0.0,0.0,0.0,0.0,0.0,200,-10.151095,15.768476
22.6456,34.9214,-3.2623,0.4946735,F[B-]1(F)n2ccnc2C(c2ccco2)=C2C(Cl)=CC=[N+]21,1,[BH2-]1n2ccnc2C(c2ccco2)=C2C=CC=[N+]12,0.8656596,0.5343,0.0412818,1.5852,0.3539942,293.469,0.7888585,4.212,1.0,1.0,1.0,1.0,1.0,1.0,1.0,1.0,240,26.329197,-19.99713
19.218,26.8773,-2.8233,0.3758428,c1ccc(-c2cc(-c3cccc4ccccc34)c(-c3c4ccccc4cc4ccccc34)c3ccccc23)cc1,1,c1ccc(-c2cc(-c3cccc4ccccc34)c(-c3c4ccccc4cc4ccccc34)c3ccccc23)cc1,0.3192145,-3.7335,0.0137671,0.3622,1.0,506.648,0.9697874,2.1104,1.0,1.0,1.0,1.0,1.0,1.0,1.0,1.0,260,-28.02177,-7.0824733
25.3523,24.0273,-19.6013,0.069157,COc1cc(C=O)c(O)c2oc(C)cc(=O)c12,1,O=c1ccoc2ccccc12,0.0700313,-6.7119,0.0155167,0.494,0.0023295,234.207,0.9460167,2.7018,1.0,1.0,1.0,1.0,1.0,1.0,1.0,1.0,100,-8.463043,-17.831959
21.3177,24.4828,-17.699,0.1059955,CC1=C(C)SC(=c2sc(=C3SC4=C(SCCS4)S3)s2)S1,1,C1=CSC(=c2sc(=C3SC4=C(SCCS4)S3)s2)S1,0.0154875,-9.2622,0.0139451,0.3763,0.9999629,410.748,0.7563348,4.3932,1.0,1.0,1.0,1.0,1.0,1.0,1.0,1.0,100,-8.779848,19.130556
27.7628,37.1812,0.3622,0.5866158,[O-][N+]1=C(c2ccccc2)c2ccccc2C1=c1cc(-c2ccccc2)c2cccn12,1,c1ccc(C2=[NH+]C(=c3cc(-c4ccccc4)c4cccn34)c3ccccc32)cc1,0.8331504,0.119,0.0259497,1.0639,0.9996519,386.454,0.9398635,2.8137,1.0,1.0,1.0,1.0,1.0,1.0,1.0,1.0,360,10.153933,-1.4490436
48.0776,46.2578,-44.7336,0.0238151,COC1=CC2(C)OC3(OC)C(=O)N(C)C(C)(Cl)C3C1C2=O,1,O=C1C2C=CC1C1CNC(=O)C1O2,0.0005972,-14.5887,0.0173029,0.6142,0.8101375,315.753,0.392927,5.9251,1.0,1.0,1.0,1.0,1.0,1.0,1.0,1.0,60,-22.819115,19.997648
21.0964,21.3843,-19.7846,0.0249961,[O-][N+]1=Cc2ccccc21,1,C1=[NH+]c2ccccc21,0.4810211,-2.6237,0.0605024,2.0222,1e-07,119.123,0.900538,3.3471,1.0,1.0,1.0,1.0,1.0,1.0,1.0,1.0,100,-10.630644,-7.3012524
12.615,27.5809,8.9336,0.5705404,F[B-]1(F)C2=Cc3ccccc3C2=C(c2ccc(Br)o2)c2cccn21,1,[BH2-]1C2=Cc3ccccc3C2=C(c2ccco2)c2cccn21,0.8004886,-0.2373,0.0289611,1.1864,0.9996019,384.996,0.8644924,3.6892,1.0,1.0,1.0,1.0,1.0,1.0,1.0,1.0,320,27.398966,-13.578012
11.7943,31.7794,3.8512,0.5567276,F[B-]1(F)C=[N+]2C(=C(c3ccc(Cl)cc3)c3cc(Cl)cn31)c1cccn1[B-]2(F)F,1,[BH2-]1C=[N+]2[BH2-]n3cccc3C2=C(c2ccccc2)c2cccn21,0.7615514,-0.6089,0.0356486,1.4195,0.9999898,424.81,0.7827042,4.2478,1.0,1.0,1.0,1.0,1.0,1.0,1.0,1.0,340,23.699703,-3.9937236
26.1286,32.1783,0.4485,0.5097944,Cc1ccc(C(=C2COC(c3ccccc3)=C2c2c3ccccc3cc3ccccc23)c2ccc(C)cc2)cc1,1,c1ccc(C2=C(c3c4ccccc4cc4ccccc34)C(=C(c3ccccc3)c3ccccc3)CO2)cc1,0.5994611,-1.8433,0.0231819,0.9383,1.0,514.668,0.9489751,2.6437,1.0,1.0,1.0,1.0,1.0,1.0,1.0,1.0,380,-25.476263,-5.1488943
42.8174,43.457,-42.3463,0.0173536,O=S1(=O)c2ccccc2C(F)(F)N1C1=NN=C(C(F)(F)F)C2(c3ccccc3)SCSC12,1,O=S1(=O)c2ccccc2CN1C1=NN=CC2(c3ccccc3)SCSC12,0.0001588,-16.7463,0.0168966,0.588,1.0,505.515,0.6881444,4.7266,1.0,1.0,1.0,1.0,1.0,1.0,1.0,1.0,20,-10.772323,17.453114
32.8314,45.3355,-30.7059,0.2285877,CO[N+](=O)c1cc(C(=O)Oc2c(-c3ccccc3)c(-c3ccccc3)c(-c3ccccc3)c(-c3ccccc3)[n+]2[O-])ccc1[N+](=O)[O-],1,O=C(Oc1[nH+]c(-c2ccccc2)c(-c2ccccc2)c(-c2ccccc2)c1-c1ccccc1)c1ccccc1,0.0892985,-6.282,0.0165285,0.5637,0.9999999,624.629,0.9151304,3.1764,1.0,1.0,1.0,1.0,1.0,1.0,1.0,1.0,280,10.485043,6.368138
18.2052,18.222,-18.222,0.0,COC(=O)C=Cc1ccco1,1,c1ccoc1,0.0,0.0,0.0,0.0,0.0,0.0,0.0,0.0,1.0,1.0,0.0,0.0,0.0,0.0,0.0,0.0,20,5.4159446,28.70396
29.8975,31.7451,-27.6959,0.0632686,c1ccc(-c2nnc3n2C24N=S(=NC32c2ccccc2)=N4)cc1,1,c1ccc(-c2nnc3n2C24N=S(=NC32c2ccccc2)=N4)cc1,0.0053046,-11.0239,0.0133149,0.3254,0.8444185,318.365,0.6254659,4.9989,1.0,1.0,1.0,1.0,1.0,1.0,1.0,1.0,60,4.7556076,7.6260395
24.5376,27.636,-15.455,0.1903279,Cc1c2c(c(C)c3ccccc13)-c1ccccc1C1C2=Cc2ccccc21,1,C1=C2c3cc4ccccc4cc3-c3ccccc3C2c2ccccc21,0.0536686,-7.1737,0.0188934,0.7115,0.9836113,344.457,0.9279047,3.0034,1.0,1.0,1.0,1.0,1.0,1.0,1.0,1.0,80,-10.542959,5.252014
13.0283,31.8933,3.9211,0.5595985,F[B-]1(F)C2=C(c3cccnc3)c3ccccc3C2=C(c2ccc(Cl)cc2)c2cccn21,1,[BH2-]1C2=C(c3cccnc3)c3ccccc3C2=C(c2ccccc2)c2cccn21,0.7445458,-0.7578,0.0274388,1.1261,0.9999922,427.67,0.9103112,3.2355,1.0,1.0,1.0,1.0,1.0,1.0,1.0,1.0,340,30.747112,-9.629748
17.9674,20.4719,-5.4465,0.2347724,CC1=[N+](c2ccccc2)[B-](F)(F)N(c2ccccc2)c2ccccc21,1,[BH2-]1N(c2ccccc2)c2ccccc2C=[N+]1c1ccccc1,0.0910699,-6.2468,0.0198255,0.7648,0.9588263,334.178,0.9289964,2.9873,1.0,1.0,1.0,1.0,1.0,1.0,1.0,1.0,340,14.286329,8.807366
21.0763,27.8119,-5.359,0.3508269,FC1=Cc2ccccc2C1=C1c2ccccc2Nc2ccccc21,1,C1=Cc2ccccc2C1=C1c2ccccc2Nc2ccccc21,0.2793859,-4.0431,0.0194738,0.745,0.7400452,311.359,0.9580882,2.4421,1.0,1.0,1.0,1.0,1.0,1.0,1.0,1.0,320,-0.35517535,10.985332
24.6346,23.4942,-23.1702,0.0050619,CC1CCC2C(Cl)(Cl)C2(O)C1=O,1,O=C1CCCC2CC12,0.0002165,-16.2418,0.0552927,1.9184,0.0002306,209.072,0.7471784,4.4411,1.0,1.0,1.0,1.0,1.0,1.0,1.0,1.0,60,-24.981615,24.710772
35.2215,56.9098,-28.2776,0.4473782,O=[n+]1c(-c2ccccc2)c(-c2ccccc2)c2c(c3cccn3[n+]1=O)-c1cccc[n+]1[B-](F)(F)n1cccc1-2,1,O=[n+]1c(-c2ccccc2)c(-c2ccccc2)c2c(c3cccn3[n+]1=O)-c1cccc[n+]1[BH2-]n1cccc1-2,0.4762751,-2.6547,0.0236229,0.9593,1.0,519.32,0.8254265,3.9819,1.0,1.0,1.0,1.0,1.0,1.0,1.0,1.0,280,18.879963,-8.362324
17.3477,27.947,8.9635,0.5767266,Clc1ccc(-c2c3ccccc3cc3cc4ccccc4cc23)c(Cl)c1,1,c1ccc(-c2c3ccccc3cc3cc4ccccc4cc23)cc1,0.7073018,-1.0631,0.0352787,1.4078,0.99883,373.282,0.9727802,2.0055,1.0,1.0,1.0,1.0,1.0,1.0,1.0,1.0,220,-25.925003,-3.3355114
10.1793,29.9841,8.9784,0.6087882,Cc1ccc(C2=[N+]3C(=C(c4ccncc4)c4cccn4[B-]3(F)F)C(c3ccccc3)=C2)cc1,1,[BH2-]1n2cccc2C(c2ccncc2)=C2C(c3ccccc3)=CC(c3ccccc3)=[N+]12,0.8536155,0.3716,0.0365999,1.4492,0.9999961,435.286,0.8968233,3.387,1.0,1.0,1.0,1.0,1.0,1.0,1.0,1.0,360,18.982037,-5.742021
32.7896,39.9104,-16.2059,0.3703824,CC1=CC(=Cc2ccccc2)C=C2c3c(ccc4ccccc34)C=C(c3ccccc3)N12,1,C1=CN2C(c3ccccc3)=Cc3ccc4ccccc4c3C2=CC1=Cc1ccccc1,0.2975617,-3.8989,0.0165404,0.5645,0.9999585,409.532,0.9407817,2.7977,1.0,1.0,1.0,1.0,1.0,1.0,1.0,1.0,280,-14.494623,-4.113313
36.3997,41.8163,-14.3367,0.4293685,O=Cc1cc2ccc1C(=O)c1ccc([nH]1)C(c1ccccc1)=C1C=CC1=C(c1ccccc1)C2=C(c1ccccc1)c1ccccc1,1,O=C1c2ccc(cc2)C(=C(c2ccccc2)c2ccccc2)C(c2ccccc2)=C2C=CC2=C(c2ccccc2)c2ccc1[nH]2,0.5053946,-2.4649,0.0200041,0.7747,1.0,603.721,0.713136,4.6101,1.0,1.0,1.0,1.0,1.0,1.0,1.0,1.0,260,3.3017156,18.422039
19.0394,27.5227,4.3002,0.4972335,F[B-]1(F)c2ccccc2C(=C2c3ccccc3-c3ccccc32)c2c(Br)cc(Br)n21,1,[BH2-]1c2ccccc2C(=C2c3ccccc3-c3ccccc32)c2cccn21,0.5850115,-1.9408,0.0231337,0.936,1.0,523.991,0.9028959,3.3211,1.0,1.0,1.0,1.0,1.0,1.0,1.0,1.0,320,-3.0498881,13.902228
18.8297,19.8523,-19.1166,0.0114951,Clc1ccc2c(c1)C(c1ccccc1)c1ccccc1-2,1,c1ccc(C2c3ccccc3-c3ccccc32)cc1,0.000112,-17.3149,0.0220225,0.8813,0.1052759,276.766,0.9661295,2.2258,1.0,1.0,1.0,1.0,1.0,1.0,1.0,1.0,60,-15.120949,14.9178915
28.4859,39.9547,-7.6219,0.5052007,C=[N+]1C2=[N+](C(=C3c4ccccc4-c4ccccc43)C=C2)[B-](F)(F)c2ccccc21,1,C=[N+]1C2=[N+]([BH2-]c3ccccc31)C(=C1c3ccccc3-c3ccccc31)C=C2,0.6280216,-1.647,0.0236134,0.9588,0.9994361,381.214,0.8608904,3.7189,1.0,1.0,1.0,1.0,1.0,1.0,1.0,1.0,200,-3.0258408,14.238162
32.7913,32.6452,-32.6452,0.0,CCOC(=O)C(C(=[Se])NCc1ccccc1)=[N+]([O-])c1ccccc1,1,[Se]=C(C=[NH+]c1ccccc1)NCc1ccccc1,0.0,0.0,0.0,0.0,0.0,0.0,0.0,0.0,1.0,1.0,0.0,0.0,0.0,0.0,0.0,0.0,60,-11.845107,24.820587
25.372,39.6969,-32.9557,0.1053318,C[N+]1=C2c3cccn3[B-](F)(F)n3cccc3[B-]2(c2ccccc2)c2ccccc2CCC1,1,[BH2-]1n2cccc2C2=[NH+]CCCc3ccccc3[B-]2(c2ccccc2)c2cccn21,0.0148726,-9.3291,0.0188563,0.7093,0.999991,426.108,0.6920886,4.7086,1.0,1.0,1.0,1.0,1.0,1.0,1.0,1.0,260,18.681116,-11.71355
16.3385,34.5896,3.053,0.5881663,F[B-]1(F)N2C(=C(c3ccccc3)c3cccn31)C(Br)=C(c1ccc[nH]1)c1ccccc12,1,[BH2-]1N2C(=C(c3ccccc3)c3cccn31)C=C(c1ccc[nH]1)c1ccccc12,0.8321496,0.1073,0.0312012,1.2698,0.9999999,475.125,0.881901,3.5354,1.0,1.0,1.0,1.0,1.0,1.0,1.0,1.0,260,22.573494,-14.844851
29.846,31.3942,-31.3942,0.0,O=C1c2ccccc2C(=O)c2c1c(-c1ccccc1)cn2-c1ccccc1C(=C(c1ccccc1)c1ccccc1)c1ccccc1,1,O=C1c2ccccc2C(=O)c2c1c(-c1ccccc1)cn2-c1ccccc1C(=C(c1ccccc1)c1ccccc1)c1ccccc1,0.0,0.0,0.0,0.0,0.0,0.0,0.0,0.0,1.0,1.0,0.0,0.0,0.0,0.0,0.0,0.0,100,1.8034464,16.718666
12.5104,17.605,-17.605,0.0,O=[N+]([O-])c1ccc(C2=C3C=CC=[N+]3[B-](F)(F)n3cccc32)cc1,1,[BH2-]1n2cccc2C(c2ccccc2)=C2C=CC=[N+]12,0.8652999,0.5292,0.0327574,1.3244,0.7692311,313.072,0.8674839,3.664,1.0,1.0,1.0,1.0,1.0,1.0,1.0,1.0,220,23.99654,-18.7828
33.2743,40.5982,-11.8786,0.4487436,CC1(C)CC(=O)OC2=C1c1cccc(O)c1C2=NNc1ccccc1,1,O=C1CCC2=C(O1)C(=NNc1ccccc1)c1ccccc12,0.4301737,-2.9579,0.0266637,1.0941,0.9595367,334.375,0.9295064,2.9798,1.0,1.0,1.0,1.0,1.0,1.0,1.0,1.0,180,-6.7149696,-0.29781994
23.6101,34.5539,-4.0274,0.4769757,Cc1ccc(C2=c3c(c(-c4ccccc4)c(=C(c4ccccc4)c4ccccc4)c4c3ccc3ccccc34)-c3ccccc32)cc1,1,c1ccc(C2=c3c(c(-c4ccccc4)c(=C(c4ccccc4)c4ccccc4)c4c3ccc3ccccc34)-c3ccccc32)cc1,0.524796,-2.3383,0.0211864,0.8384,1.0,596.773,0.9389171,2.8299,1.0,1.0,1.0,1.0,1.0,1.0,1.0,1.0,260,1.1908641,17.565725
32.6981,39.1032,-9.2358,0.4666784,O=C1C=CC(=C2C(=O)C(O)=C(Nc3ccccc3)C=C2[N+](=O)[O-])C=C1,1,O=C1C=CC(=C2C=CC(Nc3ccccc3)=CC2=O)C=C1,0.5308233,-2.2989,0.0187305,0.7019,0.9658957,336.303,0.9233054,3.0687,1.0,1.0,1.0,1.0,1.0,1.0,1.0,1.0,160,-6.7112265,-15.457035
29.0457,30.5153,-30.1182,0.0062049,c1ccc(CN2CSN(Cc3ccccc3)CCN(c3ccccc3)CN(c3ccccc3)C2)cc1,1,c1ccc(CN2CSN(Cc3ccccc3)CCN(c3ccccc3)CN(c3ccccc3)C2)cc1,1.07e-05,-21.1424,0.010715,0.0867,1.0,494.708,0.9262752,3.027,1.0,1.0,1.0,1.0,1.0,1.0,1.0,1.0,60,-10.477733,21.461811
34.6134,34.2481,-31.2436,0.0469453,CC12C=CC3(C)C(Cc4cccc5cccc1c45)OC3(C)C2=O,1,O=C1C2C=CC3C(Cc4cccc5cccc2c45)OC13,0.0034958,-11.706,0.0194952,0.7462,0.5997065,304.389,0.4235581,5.8011,1.0,1.0,1.0,1.0,1.0,1.0,1.0,1.0,80,-19.501047,5.5996327
25.7022,26.1949,-8.8464,0.2710707,Nc1c(Br)cc(Br)c(N)c1N=Nc1cc(Br)ccc1Br,1,c1ccc(N=Nc2ccccc2)cc1,0.1295747,-5.602,0.0198922,0.7685,1.0,527.84,0.9192281,3.1236,1.0,1.0,1.0,1.0,1.0,1.0,1.0,1.0,60,30.58663,-0.99811554
38.8622,53.9888,-33.8197,0.3151414,[O-]C1=C[N+]=C(C2=C(c3ccccc3)[n+]3c4ccccc4c(-c4ccccc4)n3[B-]2(F)F)c2ccccc21,1,[BH2-]1C(C2=[N+]C=Cc3ccccc32)=C(c2ccccc2)[n+]2c3ccccc3c(-c3ccccc3)n21,0.1952235,-4.8068,0.0230653,0.9327,0.9999999,486.31,0.8359742,3.9086,1.0,1.0,1.0,1.0,1.0,1.0,1.0,1.0,180,11.786955,-0.24930312
46.2583,45.9242,-45.7543,0.0026543,COC(=O)C1C2C=CN3CC(C)C1C1C2C3(O)C1(O)C(F)(F)F,1,C1=CN2CCC3CC1C1C3CC12,2.4e-06,-23.5659,0.0336358,1.3542,0.9555361,333.306,0.2529258,6.5583,1.0,1.0,1.0,1.0,1.0,1.0,1.0,1.0,20,-20.008905,23.68133
17.6285,26.9034,7.0181,0.5300235,F[B-]1(F)N=c2c(ccc3ccccc23)=C(c2ccccc2)c2cccn21,1,[BH2-]1N=c2c(ccc3ccccc23)=C(c2ccccc2)c2cccn21,0.6788608,-1.2809,0.0241996,0.9861,0.9815785,343.165,0.9123907,3.2103,1.0,1.0,1.0,1.0,1.0,1.0,1.0,1.0,220,19.970617,-14.962853
54.9648,60.3482,-60.3482,0.0,C=c1c2ccccc2c(=O)c2n1-c1c(c3cccc(C)c3c(=C(C)[O-])c1=Cc1ccccc1)C(c1ccccc1)[O+]=2,1,C=c1c(=Cc2ccccc2)c2c(c3ccccc13)C(c1ccccc1)[O+]=c1c(=O)c3ccccc3c(=C)n1-2,0.0,0.0,0.0,0.0,0.0,0.0,0.0,0.0,1.0,1.0,0.0,0.0,0.0,0.0,0.0,0.0,120,14.171807,-13.619636
19.9871,20.0509,-20.0509,0.0,CC(=O)c1c(-c2ccccc2)cc2ccccc2c1C,1,c1ccc(-c2ccc3ccccc3c2)cc1,0.0,0.0,0.0,0.0,0.0,0.0,0.0,0.0,1.0,1.0,0.0,0.0,0.0,0.0,0.0,0.0,20,-18.700418,-6.5410433
33.3241,48.6648,-14.8488,0.5283743,O=C1c2ccccc2C(c2cccs2)=C2C(c3ccccc3)=C3C(c4cccs4)=C([O-])C(F)(F)C3(F)C=[N+]12,1,O=C1c2ccccc2C(c2cccs2)=C2C(c3ccccc3)=C3C(c4cccs4)=CCC3C=[N+]12,0.7358766,-0.8313,0.0247615,1.0117,1.0,543.591,0.7968017,4.1648,1.0,1.0,1.0,1.0,1.0,1.0,1.0,1.0,380,23.40832,8.677924
10.4385,23.4246,11.7517,0.5496296,F[B-]1(F)n2cccc2C(=[S+]c2ccccc2)c2cccn2[B-]1(F)F,1,[BH2-]1[BH2-]n2cccc2C(=[S+]c2ccccc2)c2cccn21,0.8156214,-0.0783,0.0302711,1.2359,0.9891046,348.95,0.7374614,4.4908,1.0,1.0,1.0,1.0,1.0,1.0,1.0,1.0,260,33.945595,-20.164856
23.9524,28.5798,-12.917,0.2447316,Cc1ccc([N-]c2[s+]c3c(n2-c2ccccc2)C(=O)N(c2ccccc2)C3=O)cc1,1,O=C1c2[s+]c([N-]c3ccccc3)n(-c3ccccc3)c2C(=O)N1c1ccccc1,0.098901,-6.0984,0.0214434,0.8518,0.9999653,411.486,0.9044987,3.3031,1.0,1.0,1.0,1.0,1.0,1.0,1.0,1.0,80,-4.22724,2.7205503
19.7811,21.5335,-5.5809,0.2492594,O=C1C(=O)c2c(-c3ccccc3)sc(-c3ccccc3)c2-c2ccccc21,1,O=C1C(=O)c2c(-c3ccccc3)sc(-c3ccccc3)c2-c2ccccc21,0.1039554,-6.0081,0.0179744,0.6563,0.9978051,366.441,0.9677419,2.1765,1.0,1.0,1.0,1.0,1.0,1.0,1.0,1.0,240,-6.1978707,5.7130523
34.2316,58.5803,-26.3323,0.5038736,F[B-]1(F)C(=Cc2ccccc2)C(=C2C=C(c3ccccc3)C=C(c3ccccc3)C2=NNc2ccccc2)CC2=C(c3ccccc3)C=[N+]21,1,[BH2-]1C(=Cc2ccccc2)C(=C2C=C(c3ccccc3)C=C(c3ccccc3)C2=NNc2ccccc2)CC2=C(c3ccccc3)C=[N+]12,0.6395374,-1.5662,0.0213719,0.8481,0.9999996,639.558,0.8671591,3.6668,1.0,1.0,1.0,1.0,1.0,1.0,1.0,1.0,360,9.671697,14.092306
36.829,50.1715,-30.7561,0.3033642,O=C1C(=c2[nH]c(=Cc3ccccc3)nc2-c2ccccc2)C(c2ccccc2)=Nc2ccccc2C=Cc2ccccc21,1,O=C1C(=c2[nH]c(=Cc3ccccc3)nc2-c2ccccc2)C(c2ccccc2)=Nc2ccccc2C=Cc2ccccc21,0.181511,-4.9529,0.0185158,0.6891,1.0,553.665,0.884895,3.507,1.0,1.0,1.0,1.0,1.0,1.0,1.0,1.0,200,2.5457888,10.399102
27.2347,39.6465,-13.2602,0.4122864,C1=C2CC=c3c(ccc(-c4ccccc4)c3=CC=C2c2ccccc2)C(c2ccccc2)=C1,1,C1=C2CC=c3c(ccc(-c4ccccc4)c3=CC=C2c2ccccc2)C(c2ccccc2)=C1,0.3626875,-3.4181,0.0246696,1.0075,0.9999849,420.555,0.8828835,3.5261,1.0,1.0,1.0,1.0,1.0,1.0,1.0,1.0,220,5.306889,5.0665517
22.3061,23.5226,-21.5979,0.0300723,N#Cc1ccc(N2Cc3ccccc3-c3ccccc32)cc1,1,c1ccc(N2Cc3ccccc3-c3ccccc32)cc1,0.0012104,-13.437,0.0135212,0.3423,0.1643801,282.346,0.9732237,1.989,1.0,1.0,1.0,1.0,1.0,1.0,1.0,1.0,80,-12.994965,9.893543
28.7775,36.2359,-16.6985,0.3052712,Cc1ccc(C2=Nc3ccccc3-c3c(c4ccccc4oc3=O)NC2=Cc2ccccc2)cc1,1,O=c1oc2ccccc2c2c1-c1ccccc1N=C(c1ccccc1)C(=Cc1ccccc1)N2,0.1726011,-5.0525,0.0194996,0.7464,0.9999993,454.529,0.944705,2.7266,1.0,1.0,1.0,1.0,1.0,1.0,1.0,1.0,120,-7.8907194,3.6498897
14.6964,38.3602,-3.5699,0.5435988,F[B-]1(F)C2=CC(c3cccs3)=CC2=C(c2ccncc2)c2cc(Cl)cn21,1,[BH2-]1C2=CC(c3cccs3)=CC2=C(c2ccncc2)c2cccn21,0.7307254,-0.8742,0.02699,1.1077,0.9995489,383.639,0.8534439,3.7784,1.0,1.0,1.0,1.0,1.0,1.0,1.0,1.0,400,33.31984,-3.1900616
27.5005,36.077,-0.4157,0.5572084,Clc1ccc2c(-c3ccccc3-c3c4ccccc4cc4cc5ccccc5cc34)c3ccccc3cc2c1,1,c1ccc(-c2c3ccccc3cc3cc4ccccc4cc23)c(-c2c3ccccc3cc3ccccc23)c1,0.735402,-0.8352,0.0237049,0.9631,1.0,515.055,0.9670314,2.1985,1.0,1.0,1.0,1.0,1.0,1.0,1.0,1.0,200,-26.258162,-3.5197022
22.3111,30.4409,-26.5985,0.0600378,Cc1ccccc1-c1c(-c2ccccc2)c2cc(-c3ccccc3)c(-c3ccccc3)nc2n1-c1ccccc1,1,c1ccc(-c2cc3c(-c4ccccc4)c(-c4ccccc4)n(-c4ccccc4)c3nc2-c2ccccc2)cc1,0.0029287,-11.9952,0.0158004,0.514,1.0,512.656,0.9608685,2.3722,1.0,1.0,1.0,1.0,1.0,1.0,1.0,1.0,220,3.5330036,3.4476511
14.0625,34.0683,4.3649,0.6005182,F[B-]1(F)n2cccc2C(c2ccccn2)=C2C(Cl)=C(Cl)C(c3ccncc3)=[N+]21,1,[BH2-]1n2cccc2C(c2ccccn2)=C2C=CC(c3ccncc3)=[N+]12,0.8356361,0.1483,0.0390182,1.5214,0.999975,415.039,0.8590403,3.7339,1.0,1.0,1.0,1.0,1.0,1.0,1.0,1.0,320,20.609596,-9.951095
25.323,34.8593,-2.4948,0.5056959,COc1cccc2cc3cc4c(cc3cc12)c1ccccc1n4C,1,c1ccc2cc3cc4c(cc3cc2c1)[nH]c1ccccc14,0.6449203,-1.5281,0.0254881,1.0439,0.7404878,311.384,0.9687934,2.143,1.0,1.0,1.0,1.0,1.0,1.0,1.0,1.0,180,-17.960848,-2.6154568
40.9137,55.1873,-27.4885,0.432794,Fc1ccc(-c2cccc(-c3ccccc3)c2)cc1-c1c2c(=C(c3ccccc3)c3ccccc3)c(-c3ccccc3)c(-c3ccccc3)c2cc2nccn12,1,c1ccc(C(c2ccccc2)=c2c(-c3ccccc3)c(-c3ccccc3)c3cc4nccn4c(-c4cccc(-c5cccc(-c6ccccc6)c5)c4)c23)cc1,0.3971654,-3.1796,0.0246924,1.0086,0.9994315,718.875,0.9208484,3.1021,1.0,1.0,1.0,1.0,1.0,1.0,1.0,1.0,160,4.4030423,17.832306
21.4868,29.1817,3.1082,0.5045311,c1ccc(C2=NC(c3ccccc3)=C(c3ccccc3)C2(c2ccccc2)c2c3ccccc3cc3ccccc23)cc1,1,c1ccc(C2=NC(c3ccccc3)=C(c3ccccc3)C2(c2ccccc2)c2c3ccccc3cc3ccccc23)cc1,0.626045,-1.6608,0.0193833,0.7398,1.0,547.701,0.9310484,2.9565,1.0,1.0,1.0,1.0,1.0,1.0,1.0,1.0,260,-25.819832,-9.005835
35.4035,41.9353,-21.2516,0.3231823,CN1[N+]([O-])=CC=C2c3ccccc3C(c3ccccc3)=NC21N1CCOCC1,1,C1=[NH+]NC2(N3CCOCC3)N=C(c3ccccc3)c3ccccc3C2=C1,0.2199378,-4.5619,0.0183908,0.6817,0.9989486,374.444,0.8523552,3.7868,1.0,1.0,1.0,1.0,1.0,1.0,1.0,1.0,100,-20.178768,15.356266
32.4608,33.1891,-21.4712,0.1830934,O=C(C1=c2ccccc2=NC(=C2C=CC=C[CH-]2)N1c1ccccc1)c1ccc(Cl)cc1,1,O=C(C1=c2ccccc2=NC(=C2C=CC=C[CH-]2)N1c1ccccc1)c1ccccc1,0.0522907,-7.2184,0.0153936,0.4852,0.9999867,421.907,0.9076859,3.2665,1.0,1.0,1.0,1.0,1.0,1.0,1.0,1.0,200,-5.350884,-27.322565
25.058,25.2862,-19.42,0.0916593,N#CC1=C(N)[N-]C(c2ccccc2)=[S+]C12CCCC2,1,C1=CC2(CCCC2)[S+]=C(c2ccccc2)[N-]1,0.0353921,-7.8829,0.0219292,0.8766,0.0562077,269.373,0.7504437,4.4242,1.0,1.0,1.0,1.0,1.0,1.0,1.0,1.0,40,-1.3266728,-4.0189424
10.6466,26.2939,-26.2939,0.0,F[B-]1(F)c2ccccc2C(=C2C=CC(c3ccc[nH]3)=C2)c2cccn21,1,[BH2-]1c2ccccc2C(=C2C=CC(c3ccc[nH]3)=C2)c2cccn21,0.8036442,-0.2049,0.0265852,1.0909,0.9463123,331.154,0.8335267,3.926,1.0,1.0,1.0,1.0,1.0,1.0,1.0,1.0,360,28.926859,-13.308788
21.1998,28.8772,-6.3876,0.3513995,Brc1cccc(C2=NC(c3ccccc3)=C(c3ccccc3)C2=C(c2ccccc2)c2ccccc2)c1,1,c1ccc(C2=NC(c3ccccc3)=C(c3ccccc3)C2=C(c2ccccc2)c2ccccc2)cc1,0.2426698,-4.3535,0.0198878,0.7683,1.0,538.488,0.9576094,2.4537,1.0,1.0,1.0,1.0,1.0,1.0,1.0,1.0,220,3.1291199,18.75894
15.7212,18.9044,-18.5078,0.0061974,c1ccc(-c2cccc(-c3ccccc3)n2)cc1,1,c1ccc(-c2cccc(-c3ccccc3)n2)cc1,0.0001738,-16.5991,0.0139234,0.3746,0.001783,231.298,0.9860431,1.3395,1.0,1.0,1.0,1.0,1.0,1.0,1.0,1.0,140,7.261853,7.560863
28.462,31.428,-14.4896,0.2646626,C(=NNc1cccc2ccccc12)c1cccc(C=Nc2nccc3ccccc23)n1,1,C(=NNc1cccc2ccccc12)c1cccc(C=Nc2nccc3ccccc23)n1,0.1402797,-5.4526,0.0117111,0.1843,0.9999127,401.473,0.9470541,2.6818,1.0,1.0,1.0,1.0,1.0,1.0,1.0,1.0,80,-25.089352,2.6763296
11.238,33.7514,2.5968,0.5679411,F[B-]1(F)C2=C(Cl)C(c3ccc[nH]3)=CC2=C(c2ccco2)c2ccc(Cl)n21,1,[BH2-]1C2=CC(c3ccc[nH]3)=CC2=C(c2ccco2)c2cccn21,0.808934,-0.1498,0.0306474,1.2498,0.999749,390.005,0.8211491,4.0107,1.0,1.0,1.0,1.0,1.0,1.0,1.0,1.0,320,27.640598,-16.971308
21.0555,27.7433,-1.7854,0.4055922,[O+]#[P-](c1ccccc1)(c1ccccc1)c1ccccc1C=C1N=C(c2ccccc2)c2ccccc21,1,C(=C1N=C(c2ccccc2)c2ccccc21)c1ccccc1[PH-](c1ccccc1)c1ccccc1,0.3710967,-3.3591,0.0192441,0.7318,0.9999999,481.535,0.8966916,3.3884,1.0,1.0,1.0,1.0,1.0,1.0,1.0,1.0,320,0.29372782,7.7152762
12.7143,17.2368,11.9446,0.4559585,CC1=NN(c2ccccc2)C(=O)C1=Cc1ccc(N(c2ccccc2)c2ccccc2)cc1,1,O=C1C(=Cc2ccc(N(c3ccccc3)c3ccccc3)cc2)C=NN1c1ccccc1,0.4241197,-2.9982,0.0272028,1.1165,0.9999934,429.523,0.9657719,2.2364,1.0,1.0,1.0,1.0,1.0,1.0,1.0,1.0,200,-0.25088954,29.420027
11.4982,27.2162,-27.2162,0.0,F[B-]1(F)C2=C(c3ccccc3)c3cccn3[B-](F)(F)[N+]2=C(c2ccncc2)c2cccn21,1,[BH2-]1C2=C(c3ccccc3)c3cccn3[BH2-][N+]2=C(c2ccncc2)c2cccn21,0.8320104,0.1057,0.0341114,1.3699,0.9999952,433.006,0.8224377,4.0021,1.0,1.0,1.0,1.0,1.0,1.0,1.0,1.0,280,19.570494,-10.639645
19.8396,29.0925,0.8616,0.4680338,c1ccc(-c2ccc3c(-c4c5ccccc5cc5ccccc45)cc4ccccc4c3c2)cc1,1,c1ccc(-c2ccc3c(-c4c5ccccc5cc5ccccc45)cc4ccccc4c3c2)cc1,0.509705,-2.4368,0.0182046,0.6704,0.999994,430.55,0.9734858,1.9791,1.0,1.0,1.0,1.0,1.0,1.0,1.0,1.0,340,-27.076544,-6.208564
36.8491,44.0222,-35.9871,0.125548,C1=CC=C2c3cc4ccccc4c(-c4ccccc4)c3C(=C1)C1C=C(Sc3ccccc3)C2CC1,1,C1=CC=C2c3cc4ccccc4c(-c4ccccc4)c3C(=C1)C1C=C(Sc3ccccc3)C2CC1,0.0242991,-8.514,0.0168894,0.5875,0.9999998,466.649,0.6819602,4.7546,1.0,1.0,1.0,1.0,1.0,1.0,1.0,1.0,60,-16.99168,-5.2318087
25.5931,28.502,-15.2938,0.2063789,c1ccc(B2B3Nc4cccc5cccc(c45)N2c2c3ccc3ccccc23)cc1,1,c1ccc(B2B3Nc4cccc5cccc(c45)N2c2c3ccc3ccccc23)cc1,0.079502,-6.4887,0.0130533,0.3036,0.9993734,380.068,0.8351787,3.9143,1.0,1.0,1.0,1.0,1.0,1.0,1.0,1.0,80,-19.69885,1.6435664
29.9541,35.3262,-21.4125,0.217402,O=C(c1cc2ccccc2c2ncccc12)c1c2ccccc2n2ccccc12,1,O=C(c1cc2ccccc2c2ncccc12)c1c2ccccc2n2ccccc12,0.0811663,-6.452,0.0131631,0.3128,0.9987342,372.427,0.9624253,2.3309,1.0,1.0,1.0,1.0,1.0,1.0,1.0,1.0,140,-25.7194,-13.095965
27.861,27.6909,-27.536,0.0024205,Cc1ccc2c(c1C)C(=O)OC21CCc2ccccc21,1,O=C1OC2(CCc3ccccc32)c2ccccc21,4.7e-06,-22.4936,0.0110789,0.1233,0.0360588,264.324,0.8830394,3.5246,1.0,1.0,1.0,1.0,1.0,1.0,1.0,1.0,40,-18.205244,13.242377
22.122,26.6394,6.5455,0.5185133,F[B-]1(F)c2ccccc2C(=C2C=[NH+]c3ccccc32)c2ccc(Cl)n21,1,[BH2-]1c2ccccc2C(=C2C=[NH+]c3ccccc32)c2cccn21,0.6406991,-1.558,0.0343914,1.3791,0.9921767,352.58,0.7898123,4.2064,1.0,1.0,1.0,1.0,1.0,1.0,1.0,1.0,360,14.057985,-6.1196675
13.981,33.8938,2.112,0.5625917,F[B-]1(F)n2cccc2C(=C2c3cccn3[B-](F)(F)[N+]2=C2C=C(Cl)c3ccccc32)c2cccn21,1,[BH2-]1n2cccc2C(=C2c3cccn3[BH2-][N+]2=C2C=Cc3ccccc32)c2cccn21,0.8460621,0.2752,0.0327382,1.3238,0.9999999,479.462,0.7311276,4.5225,1.0,1.0,1.0,1.0,1.0,1.0,1.0,1.0,360,35.8292,-16.853352
11.8611,36.9594,-3.3212,0.5255973,F[B-]1(F)C2=CC(Cl)=CC2=C(c2ccncc2)c2cc(Br)c(Br)n21,1,[BH2-]1C2=CC=CC2=C(c2ccncc2)c2cccn21,0.6622347,-1.4035,0.0292909,1.1991,0.9999996,459.304,0.8397434,3.8815,1.0,1.0,1.0,1.0,1.0,1.0,1.0,1.0,360,33.19607,-2.7324362
39.6755,43.534,-31.5418,0.1873783,Cc1ccc(-c2nc(-c3ccccc3)ccc2C(=O)c2c(-c3ccccc3)c(-c3ccc(C)cc3)n3cccc3c2-c2ccc(C)cc2)cc1,1,O=C(c1ccc(-c2ccccc2)nc1-c1ccccc1)c1c(-c2ccccc2)c(-c2ccccc2)n2cccc2c1-c1ccccc1,0.0562473,-7.0928,0.0134174,0.3338,0.9999994,644.818,0.9414007,2.7868,1.0,1.0,1.0,1.0,1.0,1.0,1.0,1.0,300,17.350245,6.235364
35.1385,40.2832,-18.9515,0.3333073,C(=Nc1ccccc1)C1=c2ccccc2=c2ccccc2=NN(c2ccccc2)C1=Nc1ccccc1,1,C(=Nc1ccccc1)C1=c2ccccc2=c2ccccc2=NN(c2ccccc2)C1=Nc1ccccc1,0.2232432,-4.5307,0.0182939,0.6758,0.9999999,476.583,0.9269447,3.0173,1.0,1.0,1.0,1.0,1.0,1.0,1.0,1.0,140,-2.1468606,0.5530119
19.7852,43.5671,-5.888,0.5887358,[O-][N+]1=C(Cl)C(c2cc(Cl)cs2)=C2C1=C(c1ccc(Cl)cc1)c1ccc(Cl)n1[B-]2(F)F,1,[BH2-]1C2=C(c3cccs3)C=[NH+]C2=C(c2ccccc2)c2cccn21,0.8541108,0.3781,0.0349428,1.397,1.0,502.973,0.817384,4.0355,1.0,1.0,1.0,1.0,1.0,1.0,1.0,1.0,380,28.184431,1.8956114
15.4501,30.6188,4.6567,0.5511798,F[B-]1(F)C2=c3ccc(Br)cc3=C(c3ccccc3)[N+]2=C(c2ccccc2)c2cccn2[B-]1(F)F,1,[BH2-]1[BH2-]n2cccc2C(c2ccccc2)=[N+]2C1=c1ccccc1=C2c1ccccc1,0.7864674,-0.3767,0.0243946,0.9951,1.0,521.937,0.845211,3.8412,1.0,1.0,1.0,1.0,1.0,1.0,1.0,1.0,240,17.489035,-9.816514
28.5101,41.7105,-16.1039,0.4001034,O=C1CC(=NNc2ccccc2)c2c1c(-c1cccs1)c(-c1ccccc1)c(=O)n2-c1ccccc1,1,O=C1CC(=NNc2ccccc2)c2c1c(-c1cccs1)c(-c1ccccc1)c(=O)n2-c1ccccc1,0.3472847,-3.5276,0.0188211,0.7072,0.9999999,487.584,0.9427986,2.7617,1.0,1.0,1.0,1.0,1.0,1.0,1.0,1.0,280,-3.9694853,-0.89071584
46.6213,45.9039,-45.9039,0.0,COC(=O)C1CCCC2C3CCC4(C)C(C(C)=O)=CCC4C3CCC2(COC(C)=O)C1COC(C)=O,1,C1=CC2CCC3C4CCCCCC4CCC3C2C1,0.0,0.0,0.0,0.0,0.0,0.0,0.0,0.0,1.0,1.0,0.0,0.0,0.0,0.0,0.0,0.0,20,-22.147705,21.690477
12.4645,30.5968,8.3518,0.6085721,F[B-]1(F)n2c(cc(Br)c2Br)C(c2ccc(Br)cc2)=C2c3ccccc3C(Br)=[N+]21,1,[BH2-]1n2cccc2C(c2ccccc2)=C2c3ccccc3C=[N+]12,0.8594924,0.4495,0.0374762,1.4759,0.9999998,633.719,0.8794544,3.5581,1.0,1.0,1.0,1.0,1.0,1.0,1.0,1.0,320,18.715332,-1.3657773
17.3809,37.6867,-3.8257,0.5290773,F[B-]1(F)n2cccc2C(c2cccnc2)=C(Cl)c2nc(Cl)cn21,1,[BH2-]1n2cccc2C(c2cccnc2)=Cc2nccn21,0.6467332,-1.5152,0.033403,1.3463,0.9917208,351.96,0.8439619,3.8505,1.0,1.0,1.0,1.0,1.0,1.0,1.0,1.0,340,31.09203,-8.115486
31.5049,39.3313,-25.3591,0.2183163,O=C1C(=Cc2ccccc2)Cc2ccccc2C=C1N(c1ccccc1)S(=O)(=O)c1ccc([N+](=O)[O-])cc1,1,O=C1C(=Cc2ccccc2)Cc2ccccc2C=C1N(c1ccccc1)S(=O)(=O)c1ccccc1,0.0799539,-6.4786,0.0151259,0.4659,1.0,522.582,0.9405977,2.8009,1.0,1.0,1.0,1.0,1.0,1.0,1.0,1.0,160,-8.595526,-9.220896
17.126,22.3967,11.2291,0.525404,O=[N+]([O-])c1ccc([N+]2=c3ccccc3=C(c3ccccc3)c3cccn3[B-]2(F)F)cc1,1,[BH2-]1n2cccc2C(c2ccccc2)=c2ccccc2=[N+]1c1ccccc1,0.681984,-1.2575,0.0224234,0.9014,0.9999754,415.208,0.8983549,3.3707,1.0,1.0,1.0,1.0,1.0,1.0,1.0,1.0,160,21.552748,-11.095977
16.2529,31.2924,0.9757,0.5041891,F[B-]1(F)C2=C3C=CC=[N+]3C2=C(Cl)c2c(Cl)c(Cl)c(Cl)n21,1,[BH2-]1C2=C3C=CC=[N+]3C2=Cc2cccn21,0.7802489,-0.4364,0.0212243,0.8404,0.9929889,353.779,0.6757021,4.7827,1.0,1.0,1.0,1.0,1.0,1.0,1.0,1.0,340,25.294125,4.685598
42.1672,43.8225,-42.1621,0.0259443,O=C1OC(N2C(=O)c3cccnc3C2=O)C(=Nc2ccncc2)N1c1cccc(Cl)c1,1,O=C1OC(N2C(=O)c3cccnc3C2=O)C(=Nc2ccncc2)N1c1ccccc1,0.0004088,-15.206,0.0114693,0.1614,0.9999955,433.811,0.8861583,3.4948,1.0,1.0,1.0,1.0,1.0,1.0,1.0,1.0,160,13.108622,21.109917
25.3933,24.8003,-24.7157,0.0013222,COC(=O)C1(c2ccc(C(F)(F)F)cc2)CO1,1,c1ccc(C2CO2)cc1,1.8e-06,-23.9996,0.0157035,0.5072,0.0069874,246.184,0.9301063,2.9708,1.0,1.0,1.0,1.0,1.0,1.0,1.0,1.0,20,-1.3488752,-25.028551
39.3813,44.4779,-12.1493,0.5051347,COc1c2c(c3cc4cc(O)c(Cl)cc4n3c1=O)=C(c1ccccc1)c1ccccc1-2,1,O=c1cc2c(c3cc4ccccc4n13)=C(c1ccccc1)c1ccccc1-2,0.5969152,-1.8606,0.0224144,0.9009,0.9999908,425.871,0.938316,2.8401,1.0,1.0,1.0,1.0,1.0,1.0,1.0,1.0,200,-6.112483,7.2482452
30.2972,30.3912,-29.3961,0.0155489,O=C1CC23C(=O)CCC2(c2ccc(Br)cc2)OCC3O1,1,O=C1CC23C(=O)CCC2(c2ccccc2)OCC3O1,0.0001265,-17.1172,0.0137353,0.3596,0.9684277,337.169,0.7131673,4.61,1.0,1.0,1.0,1.0,1.0,1.0,1.0,1.0,120,-21.85509,16.982204
41.9207,45.952,-24.0074,0.3428843,O=C1C(=Nc2ccc(C=C3N=Cc4ccccc43)cc2)C=CC(O)=C1c1cccc2cccnc12,1,O=C1C(c2cccc3cccnc23)=CC=CC1=Nc1ccc(C=C2N=Cc3ccccc32)cc1,0.2662041,-4.1514,0.0134712,0.3382,0.9999993,453.501,0.9150505,3.1774,1.0,1.0,1.0,1.0,1.0,1.0,1.0,1.0,120,-16.80781,8.051916
42.5289,53.3068,-34.5902,0.2924458,COc1ccc(C2=C3C=CC(c4ccc(OC)cc4)=[S+]3C3(CC=c4ccccc4=C3c3ccc(-c4ccccc4)cc3)[N-]2)cc1,1,C1=CC(c2ccccc2)=[S+]2C1=C(c1ccccc1)[N-]C21CC=c2ccccc2=C1c1ccc(-c2ccccc2)cc1,0.2047983,-4.7093,0.0174129,0.6213,1.0,602.779,0.686874,4.7324,1.0,1.0,1.0,1.0,1.0,1.0,1.0,1.0,260,8.858444,-11.358287
28.4877,37.2806,-10.2824,0.4218459,Brc1cccc(C2=C3C(=C4c5ccccc5C(Br)C24)c2cccc4cccc3c24)c1,1,c1ccc(C2=C3C(=C4c5ccccc5CC24)c2cccc4cccc3c24)cc1,0.4141256,-3.065,0.0194226,0.7421,1.0,512.244,0.8818868,3.5355,1.0,1.0,1.0,1.0,1.0,1.0,1.0,1.0,140,-17.768,1.5599282
32.6444,37.8453,-6.6256,0.4878072,O=[N+]([O-])c1ccc(C2=[N+]3C(=C(c4ccccc4)c4ccc(Br)cc4)C4=C2c2ccccc2C(=CC=C4)[B-]3(F)F)cc1,1,[BH2-]1C2=CC=CC3=C(C(c4ccccc4)=[N+]1C3=C(c1ccccc1)c1ccccc1)c1ccccc12,0.6818885,-1.2582,0.0191781,0.728,1.0,605.247,0.7486331,4.4336,1.0,1.0,1.0,1.0,1.0,1.0,1.0,1.0,220,8.606797,-6.319849
20.7847,29.7256,1.4691,0.4874168,Cc1ccc(C2=CC(c3ccc(C)cc3)=C(Cl)[B-](F)(F)[N+]2=O)cc1,1,O=[N+]1[BH2-]C=C(c2ccccc2)C=C1c1ccccc1,0.5314732,-2.2947,0.0268417,1.1016,0.9852046,345.585,0.9105543,3.2326,1.0,1.0,1.0,1.0,1.0,1.0,1.0,1.0,360,8.325859,-8.363504
25.7961,32.5149,-14.2132,0.2859645,Cc1cc(C)c(C2=CC=c3ccc4c5c2c(ccc35)C=CC=4)c(Br)c1C,1,C1=Cc2ccc3c4ccc(c3c2C(c2ccccc2)=CC=4)=C1,0.1884409,-4.878,0.017221,0.609,0.9998937,399.331,0.714014,4.6059,1.0,1.0,1.0,1.0,1.0,1.0,1.0,1.0,340,3.33939,-15.616579
25.072,42.1127,-22.9189,0.2999032,C[N+]1=C(c2ccccc2)C2=c3ccccc3=CC2=C1c1cc(Br)cc([N+](=O)[O-])c1,1,C1=c2ccccc2=C2C(c3ccccc3)=[NH+]C(c3ccccc3)=C12,0.1784863,-4.9863,0.0161525,0.5383,0.9999983,444.308,0.9197204,3.1171,1.0,1.0,1.0,1.0,1.0,1.0,1.0,1.0,280,15.631263,-6.3342967
22.8417,24.1833,-20.2452,0.0615322,Fc1c(F)c2ccc(-c3ccccc3)cc2c2ccccc12,1,c1ccc(-c2ccc3ccc4ccccc4c3c2)cc1,0.0051569,-11.0701,0.0188894,0.7112,0.2906361,290.312,0.975975,1.8803,1.0,1.0,1.0,1.0,1.0,1.0,1.0,1.0,140,-21.18123,-8.151299
28.3436,35.0209,-10.7003,0.3800096,COc1ccc2c(c1)C1=C(C2=O)C(c2ccccc2)C2=C(C(=O)c3ccccc32)N1C,1,O=C1C2=C(NC3=C(c4ccccc4C3=O)C2c2ccccc2)c2ccccc21,0.3009928,-3.8722,0.0208375,0.82,0.9999395,405.453,0.9197642,3.1166,1.0,1.0,1.0,1.0,1.0,1.0,1.0,1.0,120,-11.596215,6.1505475
18.0466,23.7439,8.1355,0.4981152,[O-][n+]1cccc2cccc(-c3c4ccccc4cc4ccccc34)c21,1,c1ccc2c(-c3cccc4ccc[nH+]c34)c3ccccc3cc2c1,0.6483218,-1.5038,0.0174937,0.6264,0.8775121,321.379,0.9610712,2.3669,1.0,1.0,1.0,1.0,1.0,1.0,1.0,1.0,300,-27.828766,-5.8671503
31.5711,38.3874,-16.8002,0.3373009,O=C1C(Cl)=C(N(c2ccccc2)c2ccccc2)c2ccccc2C1=C1C(=O)c2ccccc2-c2ccccc21,1,O=C1C=C(N(c2ccccc2)c2ccccc2)c2ccccc2C1=C1C(=O)c2ccccc2-c2ccccc21,0.2246032,-4.5179,0.0183334,0.6782,1.0,536.03,0.9556961,2.4988,1.0,1.0,1.0,1.0,1.0,1.0,1.0,1.0,200,-4.6381993,11.315323
46.4857,61.5686,-38.255,0.3642756,F[B-]1(F)C(=Nc2ccccc2)C(c2cccc(N=Nc3ncccc3Cl)c2)=[N+]=C(Cl)c2ccc(Br)n21,1,[BH2-]1C(=Nc2ccccc2)C(c2cccc(N=Nc3ccccn3)c2)=[N+]=Cc2cccn21,0.3058763,-3.8346,0.0196839,0.7569,1.0,586.036,0.8014288,4.1366,1.0,1.0,1.0,1.0,1.0,1.0,1.0,1.0,240,26.849955,-3.6422594
36.8081,41.8978,-32.4165,0.1481449,COC(=O)C1=Cc2ccccc2-c2c3cccc2-c2ccc(c(c2)O1)C=CC=C3,1,C1=Cc2ccc3cc2OC=Cc2ccccc2-c2c(cccc2-3)C=C1,0.0362869,-7.8407,0.0155996,0.4999,0.9992712,378.427,0.721998,4.5674,1.0,1.0,1.0,1.0,1.0,1.0,1.0,1.0,180,-14.628577,4.0511217
30.5437,32.4975,-32.4975,0.0,CC(C)(C)[Si](C1=Cc2ccc3cc(Br)ccc3c21)=C(Br)Br,1,C1=Cc2c1ccc1ccccc21,0.0,0.0,0.0,0.0,0.0,0.0,0.0,0.0,1.0,1.0,0.0,0.0,0.0,0.0,0.0,0.0,140,1.6223688,-25.168056
25.8586,27.0132,-23.5888,0.0535063,Cc1oc2cc3cc(Cl)ccc3nc2c(=O)c1C,1,O=c1ccoc2cc3ccccc3nc12,0.0126618,-9.5949,0.0143721,0.4095,0.0238343,259.692,0.957551,2.4551,1.0,1.0,1.0,1.0,1.0,1.0,1.0,1.0,40,-3.3370724,-8.683385
26.2781,28.2878,-19.0168,0.1448599,Brc1ccc(C=Nc2c(-c3ccccc3)cc(-c3ccc(Br)cc3)cc2-c2ccc(Br)cc2)cc1,1,C(=Nc1c(-c2ccccc2)cc(-c2ccccc2)cc1-c1ccccc1)c1ccccc1,0.0278736,-8.2845,0.0148822,0.4479,0.9999993,646.22,0.9623016,2.3343,1.0,1.0,1.0,1.0,1.0,1.0,1.0,1.0,160,0.22831626,-9.180217
20.4714,28.7073,3.8591,0.5088503,O=C1N2C(=C(c3ccccc3)C1(F)F)C(c1ccccc1)=C(c1ccccc1)c1ccccc12,1,O=C1CC(c2ccccc2)=C2C(c3ccccc3)=C(c3ccccc3)c3ccccc3N12,0.5582725,-2.1187,0.0287275,1.1774,0.9999987,447.484,0.9495723,2.6316,1.0,1.0,1.0,1.0,1.0,1.0,1.0,1.0,400,5.3232493,11.225265
34.1422,33.6122,-33.6122,0.0,CC(=O)N1OC2C(O)C(O)C(CO)C1C2(O)c1ccccc1,1,c1ccc(C2C3CCCC2ON3)cc1,0.0,0.0,0.0,0.0,0.0,0.0,0.0,0.0,1.0,1.0,0.0,0.0,0.0,0.0,0.0,0.0,20,-15.338585,21.68013
17.6454,40.9044,-6.2009,0.5422416,F[B-]1(F)C2=C(Cl)C(c3cccnc3)=C(c3ccc(Cl)cc3)C2=C(c2ccccn2)c2ccc(Cl)n21,1,[BH2-]1C2=CC(c3cccnc3)=C(c3ccccc3)C2=C(c2ccccn2)c2cccn21,0.7054374,-1.0777,0.0269454,1.1059,1.0,523.586,0.8864343,3.4921,1.0,1.0,1.0,1.0,1.0,1.0,1.0,1.0,400,27.958168,-4.5166984
18.4279,34.8976,1.2127,0.5642233,F[B-]1(F)n2cccc2C(=c2ccc(=C(c3ccccc3)c3ccccc3Cl)cc2)c2cc(Cl)cn21,1,[BH2-]1n2cccc2C(=c2ccc(=C(c3ccccc3)c3ccccc3)cc2)c2cccn21,0.7978329,-0.2642,0.0261795,1.0737,1.0,502.18,0.8712018,3.632,1.0,1.0,1.0,1.0,1.0,1.0,1.0,1.0,340,20.805983,1.9403993
29.9927,30.203,-29.7669,0.0068141,CN1C(=O)C2CC=CC1N2c1ccc(C(=O)O)cc1,1,O=C1NC2C=CCC1N2c1ccccc1,8.01e-05,-17.8622,0.0159636,0.5253,0.0209831,258.277,0.7970227,4.1634,1.0,1.0,1.0,1.0,1.0,1.0,1.0,1.0,20,-19.675953,26.91318
19.1565,22.6596,-21.2508,0.0220124,C1=CC(=C2C=[S+]c3ccccc32)[S+]=C1,1,C1=CC(=C2C=[S+]c3ccccc32)[S+]=C1,0.0088427,-10.1858,0.0281386,1.1542,0.0004498,216.33,0.6740888,4.7899,1.0,1.0,1.0,1.0,1.0,1.0,1.0,1.0,220,-13.110308,-0.30359587
39.5667,42.7714,-29.0402,0.2145497,NC1=C2C(c3ccccc3N=O)=[N+]([O-])CC2c2ccccc2O1,1,C1=C2C(c3ccccc3)=[NH+]CC2c2ccccc2O1,0.0766481,-6.5532,0.0352685,1.4075,0.6622155,307.309,0.8563191,3.7557,1.0,1.0,1.0,1.0,1.0,1.0,1.0,1.0,120,-12.513024,14.046676
12.8943,36.9748,0.3027,0.5824598,F[B-]1(F)C2=C(c3ccccn3)c3cccn3[B-](F)(F)[N+]2=C(c2ccc(Cl)cc2)c2ccc(Br)n21,1,[BH2-]1C2=C(c3ccccn3)c3cccn3[BH2-][N+]2=C(c2ccccc2)c2cccn21,0.8327543,0.1144,0.0356969,1.421,1.0,546.347,0.808451,4.0929,1.0,1.0,1.0,1.0,1.0,1.0,1.0,1.0,320,24.503796,-2.5982301
34.0338,39.5366,-23.3512,0.2528975,COc1ccc(N=c2c(=NNc3ccc([S+]([O-])Cc4ccccc4)cc3)c(=O)c3ccccc23)cc1,1,O=c1c(=NNc2ccc([SH+]Cc3ccccc3)cc2)c(=Nc2ccccc2)c2ccccc12,0.1211612,-5.727,0.0155002,0.4928,1.0,493.588,0.8814741,3.5394,1.0,1.0,1.0,1.0,1.0,1.0,1.0,1.0,140,-6.7318964,-8.341667
44.4534,44.8755,-44.8755,0.0,C=CCC12NC(C=C(Br)C1OCC)C(=O)N(C)C2=Nc1ccccc1,1,O=C1NC(=Nc2ccccc2)C2CC=CC1N2,0.0,0.0,0.0,0.0,0.0,0.0,0.0,0.0,1.0,1.0,0.0,0.0,0.0,0.0,0.0,0.0,80,-4.6996083,-12.39637
13.2073,36.1929,2.1764,0.59952,FC1=[N+]2C(=C(c3cccnc3)c3ccc(Br)n3[B-]2(F)F)C(Br)=C1Cl,1,[BH2-]1n2cccc2C(c2cccnc2)=C2C=CC=[N+]12,0.8518256,0.3484,0.040685,1.5687,0.9999999,479.29,0.8194503,4.0219,1.0,1.0,1.0,1.0,1.0,1.0,1.0,1.0,280,30.414274,-4.2677083
33.9054,44.1728,-20.1162,0.3758844,Cc1ccc(C2=[N+]3C(=C(Cl)c4ccc(Br)cc43)c3ccccc3[B-](Cl)(Cl)n3cccc32)cc1,1,[BH2-]1c2ccccc2C2=Cc3ccccc3[N+]2=C(c2ccccc2)c2cccn21,0.2819964,-4.0221,0.0284604,1.1669,1.0,554.511,0.8524446,3.7862,1.0,1.0,1.0,1.0,1.0,1.0,1.0,1.0,360,19.488947,-0.7245994
46.0654,57.7734,-39.951,0.2784752,c1=c2c3cc4cc5ccccc5n4c2ncc(-c2ccc[nH]2)c(cc3-c2ccccn2)=n-1,1,c1=c2c3cc4cc5ccccc5n4c2ncc(-c2ccc[nH]2)c(cc3-c2ccccn2)=n-1,0.1538008,-5.2769,0.0192173,0.7303,0.9999653,411.468,0.8152323,4.0495,1.0,1.0,1.0,1.0,1.0,1.0,1.0,1.0,140,16.509405,-24.261208
20.8514,20.7842,-20.5623,0.0034681,O=[N+]([O-])c1n[o+]c([O-])[nH]1,1,c1n[o+]c[nH]1,0.0043592,-11.3451,0.0134549,0.3369,2e-07,131.047,0.5680588,5.2323,1.0,1.0,1.0,1.0,1.0,1.0,1.0,1.0,20,-9.791517,-18.868523
23.0528,23.4314,-22.0933,0.020908,Clc1cccc(Cl)c1C=NC1CCc2ccccc21,1,C(=NC1CCc2ccccc21)c1ccccc1,0.0003662,-15.3854,0.0155537,0.4966,0.2883813,290.193,0.9364203,2.8717,1.0,1.0,1.0,1.0,1.0,1.0,1.0,1.0,60,16.502094,11.581902
27.6104,28.8888,-28.2437,0.01008,COC(=Nc1ccc(Cl)cc1Cl)Nc1cc(C)ccc1C,1,C(=Nc1ccccc1)Nc1ccccc1,3.58e-05,-19.1726,0.0124825,0.2544,0.8946285,323.223,0.9588993,2.4222,1.0,1.0,1.0,1.0,1.0,1.0,1.0,1.0,80,0.5119717,-22.233147
20.0064,36.0319,0.0359,0.5635595,CC1=C(C)C(c2ccccc2)=[N+]2C(=O)C3=C(C(c4ccccc4)=C12)c1cccn1[B-](F)(F)n1cccc13,1,O=C1C2=C(C(c3ccccc3)=C3C=CC(c4ccccc4)=[N+]13)c1cccn1[BH2-]n1cccc12,0.8120447,-0.1168,0.0270456,1.11,1.0,489.334,0.8371599,3.9001,1.0,1.0,1.0,1.0,1.0,1.0,1.0,1.0,300,35.26086,-16.188482
20.621,21.6491,-19.5794,0.0323388,Oc1ccc(Sc2ccc(N(c3ccccc3)c3ccccc3)cc2)cc1,1,c1ccc(Sc2ccc(N(c3ccccc3)c3ccccc3)cc2)cc1,0.0006515,-14.4467,0.0122543,0.2341,0.9983415,369.489,0.9752366,1.9106,1.0,1.0,1.0,1.0,1.0,1.0,1.0,1.0,100,-0.5002431,29.647905
21.1875,20.7787,-19.5622,0.0190084,Cc1cc(C)c(C(=O)c2ccccc2)c(C)c1C,1,O=C(c1ccccc1)c1ccccc1,0.0021847,-12.4737,0.0149851,0.4555,0.0034019,238.33,0.9772906,1.8239,1.0,1.0,1.0,1.0,1.0,1.0,1.0,1.0,340,-6.717952,26.09325
10.0551,26.5664,-26.5664,0.0,F[B-]1(F)n2cccc2C(c2ccc(Cl)cc2)=C2C=CC(c3ccc(Cl)cc3)=[N+]21,1,[BH2-]1n2cccc2C(c2ccccc2)=C2C=CC(c3ccccc3)=[N+]12,0.8667141,0.5491,0.0382294,1.4983,0.99997,413.063,0.8955711,3.4001,1.0,1.0,1.0,1.0,1.0,1.0,1.0,1.0,360,23.657473,-11.413382
36.8968,39.9734,-31.3783,0.1342987,O=C(C1=Cc2cccc3c2C(C1)N(Cc1ccccc1)C3=O)c1ccccc1,1,O=C(C1=Cc2cccc3c2C(C1)N(Cc1ccccc1)C3=O)c1ccccc1,0.0235528,-8.566,0.014867,0.4468,0.9975919,365.432,0.934802,2.8979,1.0,1.0,1.0,1.0,1.0,1.0,1.0,1.0,140,-9.430476,23.089117
45.9388,50.703,-23.0299,0.4323913,CC1=C2c3c(c4cc5cc(-c6ccccc6)c(-c6ccc(Br)cc6)cc5cc4oc3=O)C2CC1,1,O=c1oc2cc3cc(-c4ccccc4)c(-c4ccccc4)cc3cc2c2c1C1=CCCC12,0.4225426,-3.0087,0.0208639,0.8214,1.0,505.411,0.9057404,3.289,1.0,1.0,1.0,1.0,1.0,1.0,1.0,1.0,180,-1.4067383,-8.660421
39.4323,39.0758,-36.7188,0.0368277,Cc1ccc(S(=O)(=O)Nc2ccc3c(c2C)c2c(n3C)Oc3ccccc3S(=O)(=O)N2)cc1,1,O=S(=O)(Nc1ccc2[nH]c3c(c2c1)NS(=O)(=O)c1ccccc1O3)c1ccccc1,0.000876,-13.9641,0.0153519,0.4822,0.9999999,483.571,0.9303296,2.9674,1.0,1.0,1.0,1.0,1.0,1.0,1.0,1.0,60,-9.907977,-4.8752675
32.0949,40.7414,-38.0449,0.0421317,COc1cc(Br)c2c(c1)Cc1c(C#N)c3cc(OC)c(OC)cc3n1[B-]2(F)F,1,[BH2-]1c2ccccc2Cc2cc3ccccc3n21,0.0012502,-13.3843,0.0165763,0.5669,0.9999988,448.052,0.8858428,3.4978,1.0,1.0,1.0,1.0,1.0,1.0,1.0,1.0,340,23.282621,11.690596
45.4568,46.4608,-39.4587,0.1094075,CC1=Nc2ccccc2C2CC(=O)C3=C(CC4CCC4(C)C(C)C3)N12,1,O=C1CC2c3ccccc3N=CN2C2=C1CCC1CCC1C2,0.0173689,-9.0723,0.0136568,0.3533,0.9598503,334.463,0.7476319,4.4388,1.0,1.0,1.0,1.0,1.0,1.0,1.0,1.0,20,-23.83234,20.018093
29.5357,33.9126,-25.6721,0.1287578,COc1ccc([P-]2(c3ccccc3)=N[S+](F)N(c3ccc(F)cc3)N=C2c2ccc(F)cc2)cc1,1,c1ccc(C2=NN(c3ccccc3)[SH+]N=[P-]2(c2ccccc2)c2ccccc2)cc1,0.0210884,-8.7501,0.0249709,1.021,1.0,510.501,0.762116,4.3623,1.0,1.0,1.0,1.0,1.0,1.0,1.0,1.0,160,4.7951455,-12.418908
9.0125,23.3396,-23.3396,0.0,F[B-]1(F)C2=C(c3ccccc3)c3cccn3[B-](F)(F)[N+]2=C(c2ccccc2)c2cccn21,1,[BH2-]1C2=C(c3ccccc3)c3cccn3[BH2-][N+]2=C(c2ccccc2)c2cccn21,0.805631,-0.1843,0.033238,1.3408,0.9999948,432.018,0.8431101,3.8568,1.0,1.0,1.0,1.0,1.0,1.0,1.0,1.0,240,19.140764,-10.829107
20.9106,22.1541,-15.4405,0.1049005,BrC1=C(c2ccccc2)SC(c2ccccc2)=CS1,1,C1=C(c2ccccc2)SC(c2ccccc2)=CS1,0.0128863,-9.5659,0.0133283,0.3265,0.9873413,347.302,0.9523796,2.5727,1.0,1.0,1.0,1.0,1.0,1.0,1.0,1.0,120,7.9276915,7.8872185
12.1408,25.8638,-25.8638,0.0,F[B-]1(F)n2cccc2C(=C2C=CC(Br)=[N+]2c2ccccn2)c2cccn21,1,[BH2-]1n2cccc2C(=C2C=CC=[N+]2c2ccccn2)c2cccn21,0.8161161,-0.073,0.0343335,1.3772,0.9999699,413.034,0.765297,4.345,1.0,1.0,1.0,1.0,1.0,1.0,1.0,1.0,400,35.068153,-18.556967
22.1913,17.4935,-17.4421,0.0008033,C[P-](#[O+])(Cc1ccccc1)c1ccccc1,1,c1ccc(C[P-]c2ccccc2)cc1,1.2e-06,-24.6486,0.0102228,0.0351,0.0016187,230.247,0.8607661,3.7199,1.0,1.0,1.0,1.0,1.0,1.0,1.0,1.0,240,-12.877187,24.267567
28.3807,29.7169,-8.9911,0.3238411,C1=Cc2ccccc2C(=C2C(c3ccccc3)=C[PH](c3ccccc3)=C2c2ccccc2)c2ccccc21,1,C1=Cc2ccccc2C(=C2C(c3ccccc3)=C[PH](c3ccccc3)=C2c2ccccc2)c2ccccc21,0.2205326,-4.5562,0.016827,0.5834,1.0,502.597,0.885478,3.5013,1.0,1.0,1.0,1.0,1.0,1.0,1.0,1.0,340,1.1203914,10.488687
26.868,37.3724,-6.4619,0.4829771,O=C1C(=NNc2ccccc2)C(=CNc2ccccc2)c2cc3oc(=O)ccc3cc21,1,O=C1C(=NNc2ccccc2)C(=CNc2ccccc2)c2cc3oc(=O)ccc3cc21,0.5232702,-2.3483,0.0229447,0.9269,0.9999496,407.429,0.95138,2.594,1.0,1.0,1.0,1.0,1.0,1.0,1.0,1.0,160,-6.1698318,-1.0759454
12.1469,26.5239,7.6233,0.5335506,CN(C)c1ccc(C2=CC3=C(c4ccc(N(C)C)cc4)c4cccn4[B-](F)(F)C3=C2)cc1,1,[BH2-]1C2=CC(c3ccccc3)=CC2=C(c2ccccc2)c2cccn21,0.677397,-1.2918,0.0265263,1.0884,0.9999926,428.315,0.8914853,3.4421,1.0,1.0,1.0,1.0,1.0,1.0,1.0,1.0,340,15.19083,-16.41273
20.1245,23.755,-20.2526,0.0547246,O=C1c2cccc(c2)C(=O)c2ccccc2C(=O)Nc2ccccc21,1,O=C1c2cccc(c2)C(=O)c2ccccc2C(=O)Nc2ccccc21,0.0026955,-12.1307,0.0125859,0.2635,0.9253951,327.339,0.9045502,3.3025,1.0,1.0,1.0,1.0,1.0,1.0,1.0,1.0,80,-7.7246103,9.005475
21.657,16.5636,-16.5506,0.0002034,C[P-](C)(#[S+])[P-](C)(C)#[S+],1,,9e-07,-25.0873,0.0171395,0.6038,2.81e-05,186.222,0.1216878,7.4314,1.0,1.0,1.0,1.0,1.0,1.0,1.0,1.0,380,-25.086422,-23.087246
23.7974,36.7366,-12.8957,0.3725148,Cc1ccccc1NN=C1C(c2cc(-c3ccccc3)cc(-c3ccccc3)n2)=Nc2ccccc21,1,c1ccc(NN=C2C(c3cc(-c4ccccc4)cc(-c4ccccc4)n3)=Nc3ccccc32)cc1,0.295084,-3.9182,0.0171362,0.6036,0.9999998,464.572,0.9556057,2.5009,1.0,1.0,1.0,1.0,1.0,1.0,1.0,1.0,240,2.004105,5.082424
40.1924,44.5229,-30.6143,0.2173213,O=c1c2ccccc2[n-]c2[n+]1-c1ccccc1C=Cc1c-2[s+]c2ccccc2c1[O-],1,O=c1c2ccccc2[n-]c2[n+]1-c1ccccc1C=Cc1cc3ccccc3[s+]c1-2,0.0854204,-6.3612,0.0185101,0.6888,0.9999449,406.466,0.7842565,4.2388,1.0,1.0,1.0,1.0,1.0,1.0,1.0,1.0,120,-22.708216,3.489623
23.408,31.6631,3.5237,0.5497942,[O-][N+]([O-])c1ccc(C2=[S+]C(=C3c4cccn4[B-](F)(F)n4cccc43)N=N2)cc1,1,[BH2-]1n2cccc2C(=C2N=NC(c3ccccc3)=[S+]2)c2cccn21,0.8577765,0.4265,0.0265448,1.0892,0.9998703,397.175,0.7239623,4.5578,1.0,1.0,1.0,1.0,1.0,1.0,1.0,1.0,340,34.15241,-18.50148
29.6638,40.7032,-16.9184,0.3716367,C(=C1C(=C2C=C(c3ccccc3)N(c3ccccc3)c3ccccc32)COc2ccc3ccccc3c21)c1ccccc1,1,C(=C1C(=C2C=C(c3ccccc3)N(c3ccccc3)c3ccccc32)COc2ccc3ccccc3c21)c1ccccc1,0.2823476,-4.0192,0.0202787,0.7898,1.0,551.689,0.9387623,2.8325,1.0,1.0,1.0,1.0,1.0,1.0,1.0,1.0,100,-14.363178,-4.3475947
21.4363,27.7239,-15.4515,0.1917563,Fc1ccc2c3ccccc3c3c(-c4ccccc4)c4ccccc4cc3c2c1,1,c1ccc(-c2c3ccccc3cc3c4ccccc4c4ccccc4c23)cc1,0.0518022,-7.2346,0.0195857,0.7513,0.9987359,372.442,0.9726928,2.0087,1.0,1.0,1.0,1.0,1.0,1.0,1.0,1.0,240,-21.064886,-8.0267725
30.4941,36.1714,-18.4865,0.2763262,O=C1C=C(c2ccc(Cl)cc2)C(=Nc2ccccc2)N1c1c[s+]c(-c2ccccc2)[n-]1,1,O=C1C=C(c2ccccc2)C(=Nc2ccccc2)N1c1c[s+]c(-c2ccccc2)[n-]1,0.1571398,-5.2355,0.0137025,0.357,0.9999979,441.943,0.8847108,3.5087,1.0,1.0,1.0,1.0,1.0,1.0,1.0,1.0,120,4.4586196,-0.52889854
29.7357,37.1083,-12.3162,0.3873759,O=C1c2ccccc2-c2c1c1c(c(=O)c3c2ccc2cc4ccccc4cc23)CCC1,1,O=C1c2ccccc2-c2c1c1c(c(=O)c3c2ccc2cc4ccccc4cc23)CCC1,0.3263766,-3.6801,0.0171783,0.6063,0.9998848,398.461,0.9528872,2.5617,1.0,1.0,1.0,1.0,1.0,1.0,1.0,1.0,220,-26.927874,1.6254503
22.704,24.6465,-10.1139,0.2270712,O=C1c2cc3ccccc3cc2C(=O)c2cc3cc4ccccc4cc3cc21,1,O=C1c2cc3ccccc3cc2C(=O)c2cc3cc4ccccc4cc3cc21,0.0826498,-6.4198,0.0172342,0.6099,0.9954063,358.396,0.9762537,1.8686,1.0,1.0,1.0,1.0,1.0,1.0,1.0,1.0,320,-28.310717,3.9827247
20.5249,24.7726,4.0955,0.451064,O=[N+]([O-])c1ccc(C2=C(c3ccccc3)C(=C3c4ccccc4-c4ccccc43)c3ccccc32)cc1,1,c1ccc(C2=C(c3ccccc3)c3ccccc3C2=C2c3ccccc3-c3ccccc32)cc1,0.4631792,-2.7403,0.0187357,0.7022,0.9999999,475.547,0.9648154,2.2643,1.0,1.0,1.0,1.0,1.0,1.0,1.0,1.0,300,-2.2348237,11.930044
36.4801,38.0404,-24.1288,0.2173689,NN1C(=C(c2ccccc2)N2C(=O)c3ccccc3S2(=O)=O)c2ccccc21,1,O=C1c2ccccc2S(=O)(=O)N1C(=C1Nc2ccccc21)c1ccccc1,0.068517,-6.7502,0.0245203,1.0008,0.9997355,389.436,0.9342693,2.9064,1.0,1.0,1.0,1.0,1.0,1.0,1.0,1.0,40,-7.108867,20.887135
15.2326,35.6923,2.7508,0.6006739,F[B-]1(F)n2cc(Br)c(Br)c2C(c2ccc[nH]2)=C2c3ccccc3C(Cl)=[N+]21,1,[BH2-]1n2cccc2C(c2ccc[nH]2)=C2c3ccccc3C=[N+]12,0.8324385,0.1107,0.0443811,1.6673,1.0,499.349,0.8206745,4.0138,1.0,1.0,1.0,1.0,1.0,1.0,1.0,1.0,360,14.562607,-2.1673067
8.1081,32.3514,6.6843,0.6099328,F[B-]1(F)n2cc(Cl)cc2C(c2ccncc2)=C2c3ccccc3C(Cl)=[N+]21,1,[BH2-]1n2cccc2C(c2ccncc2)=C2c3ccccc3C=[N+]12,0.8559095,0.4017,0.0392708,1.5287,0.9996985,388.013,0.8744299,3.6036,1.0,1.0,1.0,1.0,1.0,1.0,1.0,1.0,340,14.501931,-2.075171
29.3906,36.2306,-19.2623,0.2651297,c1ccc(N=c2occc3c(-c4ccccc4)c4c5ccccc5c5ccccc5c4c(-c4ccccc4)c23)cc1,1,c1ccc(N=c2occc3c(-c4ccccc4)c4c5ccccc5c5ccccc5c4c(-c4ccccc4)c23)cc1,0.1250439,-5.6685,0.0169305,0.5902,1.0,523.635,0.9544736,2.5266,1.0,1.0,1.0,1.0,1.0,1.0,1.0,1.0,140,-16.914606,-9.324632
17.1977,22.5019,6.7945,0.4577565,O=[N+]1C(Br)=CC(c2ccccc2)=C1c1ccccc1,1,O=[N+]1C=CC(c2ccccc2)=C1c1ccccc1,0.4533765,-2.8046,0.0351091,1.4024,0.7708949,313.174,0.9469614,2.6836,1.0,1.0,1.0,1.0,1.0,1.0,1.0,1.0,380,8.376062,7.6911964
14.971,35.6249,-0.176,0.5538887,Cn1cccc1C1=C2C(=C(c3ccc(-c4ccco4)[nH]3)c3cccn3[B-]2(F)F)[B-](F)(F)n2cccc21,1,[BH2-]1C2=C(c3ccc(-c4ccco4)[nH]3)c3cccn3[BH2-]C2=C(c2ccc[nH]2)c2cccn21,0.8198109,-0.0326,0.0285429,1.1702,0.9999999,488.062,0.7643062,4.3504,1.0,1.0,1.0,1.0,1.0,1.0,1.0,1.0,400,32.565697,-13.668795
22.8003,23.96,-22.3455,0.025227,c1ccc(-c2ccc(-c3ccc(-c4cccc(-c5ccccc5)c4)cn3)cc2)cc1,1,c1ccc(-c2ccc(-c3ccc(-c4cccc(-c5ccccc5)c4)cn3)cc2)cc1,0.000331,-15.5502,0.0140161,0.3819,0.9995429,383.494,0.9814445,1.6224,1.0,1.0,1.0,1.0,1.0,1.0,1.0,1.0,20,8.586725,3.8565419
20.8988,22.6083,-18.7682,0.0600011,COc1ccc(-c2cc3cnc4ccccc4c3o2)cc1,1,c1ccc(-c2cc3cnc4ccccc4c3o2)cc1,0.0085802,-10.2354,0.0162727,0.5465,0.0932732,275.307,0.972614,2.0116,1.0,1.0,1.0,1.0,1.0,1.0,1.0,1.0,180,-5.471844,-8.674697
47.8961,57.9913,-32.0522,0.4052986,CC1(C)CC(=O)C2=C1C(=NNc1ccccc1)C(C)(c1c[nH]c3ccccc13)C2=NN=C1N=C(N)N(c2ccccc2)C1=O,1,O=C1CCC2=C1C(=NN=C1N=CN(c3ccccc3)C1=O)C(c1c[nH]c3ccccc13)C2=NNc1ccccc1,0.4261426,-2.9847,0.0163743,0.5533,1.0,582.668,0.7972062,4.1623,1.0,1.0,1.0,1.0,1.0,1.0,1.0,1.0,220,-5.021922,-0.20189692
30.18,30.9309,-26.1552,0.0746213,CN1c2ccccc2N(c2cn(C)cc2-c2ccccc2)c2ccccc21,1,c1ccc(-c2c[nH]cc2N2c3ccccc3Nc3ccccc32)cc1,0.005335,-11.0145,0.01375,0.3608,0.9913284,351.453,0.9596695,2.4029,1.0,1.0,1.0,1.0,1.0,1.0,1.0,1.0,120,-4.3798857,5.1370125
41.6723,52.7482,-27.0153,0.4020763,O=C([N-]C1=[S+]C2(C1c1ccccc1)C(c1ccccc1)C1=C(c3ccccc3C1=NNc1ccccc1)N2c1ccccc1)c1ccccc1,1,O=C([N-]C1=[S+]C2(C1c1ccccc1)C(c1ccccc1)C1=C(c3ccccc3C1=NNc1ccccc1)N2c1ccccc1)c1ccccc1,0.414972,-3.0593,0.0264126,1.0836,0.9999961,664.834,0.6638499,4.835,1.0,1.0,1.0,1.0,1.0,1.0,1.0,1.0,180,-3.622295,18.691751
39.9351,42.0364,-40.4094,0.0254217,Brc1ccc(C2=C3CC4C(c5ccccc5)C(Br)(Br)C(O2)C34c2ccccc2)cc1,1,c1ccc(C2=C3CC4C(c5ccccc5)CC(O2)C34c2ccccc2)cc1,0.0003466,-15.4753,0.0203788,0.7953,1.0,587.149,0.816218,4.0431,1.0,1.0,1.0,1.0,1.0,1.0,1.0,1.0,120,-22.747442,16.122229
26.6894,28.5069,-2.2912,0.4096202,Cc1c2ccccc2nc2c1c1ccccc1n1nc3ccccc3c21,1,c1ccc2nc3c(cc2c1)c1ccccc1n1nc2ccccc2c31,0.3604756,-3.4337,0.0205893,0.8067,0.9558793,333.394,0.9621033,2.3396,1.0,1.0,1.0,1.0,1.0,1.0,1.0,1.0,160,-20.41321,-11.71045
32.1685,32.958,-32.958,0.0,O=C1CC(c2ccc3ccccc3c2NCCO)Nc2ccccc21,1,O=C1CC(c2ccc3ccccc3c2)Nc2ccccc21,0.0,0.0,0.0,0.0,0.0,0.0,0.0,0.0,1.0,1.0,0.0,0.0,0.0,0.0,0.0,0.0,20,-21.163998,6.7499766
32.7096,36.3509,-13.3697,0.3590799,O=C(O)C1CC2N(C(=O)c3ccccc3)c3ccccc3C1=[N+]2[O-],1,O=C(c1ccccc1)N1c2ccccc2C2=[NH+]C1CC2,0.2611456,-4.1938,0.0368631,1.4573,0.8865272,322.32,0.7851115,4.2339,1.0,1.0,1.0,1.0,1.0,1.0,1.0,1.0,160,-7.0344667,21.50473
20.5722,21.5125,2.2099,0.3706624,C[Si](C)(C1=C(c2ccccc2)C(=O)C(c2ccccc2)=C1c1ccccc1)c1ccccc1,1,O=C1C(c2ccccc2)=C([SiH2]c2ccccc2)C(c2ccccc2)=C1c1ccccc1,0.2814905,-4.0261,0.0188328,0.7079,0.999998,442.634,0.9624125,2.3313,1.0,1.0,1.0,1.0,1.0,1.0,1.0,1.0,160,6.4586167,12.143223
25.5568,32.2926,-10.9533,0.3334273,O=C1C(=c2cc3ccccc3c3c2=CC=CC=C3)C(=O)c2ccccc21,1,O=C1C(=c2cc3ccccc3c3c2=CC=CC=C3)C(=O)c2ccccc21,0.2446433,-4.3361,0.014101,0.3885,0.9595331,334.374,0.9372914,2.8573,1.0,1.0,1.0,1.0,1.0,1.0,1.0,1.0,120,-14.816005,3.732133
17.0197,38.2729,-5.646,0.5097952,F[B-]1(F)C2=C(c3ccccc3)c3cccn3[B-](F)(F)[N+]2=C2c3ccccc3C(Cl)=[N+]2[B-](F)(F)n2cccc21,1,[BH2-]1C2=C(c3ccccc3)c3cccn3[BH2-][N+]2=C2c3ccccc3C=[N+]2[BH2-]n2cccc21,0.6881352,-1.2111,0.0298944,1.2219,1.0,541.289,0.716464,4.5942,1.0,1.0,1.0,1.0,1.0,1.0,1.0,1.0,260,19.585876,-11.863331
38.9146,40.0058,-27.0238,0.202845,O=c1c(-c2cccc([N+](=O)[O-])c2)cccc2c1cc1n2-c2ccccc2-1,1,O=c1c(-c2ccccc2)cccc2c1cc1n2-c2ccccc2-1,0.0654654,-6.8297,0.0154519,0.4894,0.9762298,340.338,0.9627258,2.3228,1.0,1.0,1.0,1.0,1.0,1.0,1.0,1.0,180,-13.582425,-19.529602
31.1938,31.8107,-28.6444,0.049473,COC(=O)C1(Cc2ccccc2)Cc2ccccc2N=C1C(=O)N(C)C,1,C1=Nc2ccccc2CC1Cc1ccccc1,0.0016954,-12.8875,0.0215413,0.8568,0.9904694,350.418,0.9174051,3.1474,1.0,1.0,1.0,1.0,1.0,1.0,1.0,1.0,60,-14.578808,24.493938
35.7517,38.8963,-25.7444,0.2054981,Fc1ccc(-c2cc3cc(-c4ccccn4)ccc3c(=S)s2)cc1,1,S=c1sc(-c2ccccc2)cc2cc(-c3ccccn3)ccc12,0.0693603,-6.7288,0.0139633,0.3777,0.9895946,349.455,0.9628348,2.3198,1.0,1.0,1.0,1.0,1.0,1.0,1.0,1.0,200,-12.3754015,-14.645045
40.9417,41.6116,-39.4246,0.0341721,C=C1CC2C=C(Br)C1(CCl)C(OC(=O)c1cc([N+](=O)[O-])cc([N+](=O)[O-])c1)C2,1,C=C1CC2C=CC1C(OC(=O)c1ccccc1)C2,0.0011394,-13.5356,0.0102616,0.0392,0.9999995,457.664,0.6066728,5.0765,1.0,1.0,1.0,1.0,1.0,1.0,1.0,1.0,180,-8.312719,-16.764774
19.9982,27.1751,10.5162,0.5889272,O=C1C(=C2c3cccn3[B-](F)(F)n3cccc32)[S+]=C(c2ccccc2)N1c1ccccc1,1,O=C1C(=C2c3cccn3[BH2-]n3cccc32)[S+]=C(c2ccccc2)N1c1ccccc1,0.8494517,0.318,0.0323439,1.3102,0.9999982,443.287,0.8499762,3.8052,1.0,1.0,1.0,1.0,1.0,1.0,1.0,1.0,380,34.940937,-16.76888
20.9344,37.7078,-0.6543,0.5789616,Cc1cc(C)c(C2=C3[N+](=C(c4ccccn4)c4c(C)c(Br)c(Br)n4[B-]3(F)F)[B-](F)(F)n3cccc32)c(C)c1,1,[BH2-]1C2=C(c3ccccc3)c3cccn3[BH2-][N+]2=C(c2ccccn2)c2cccn21,0.8482038,0.3021,0.0351671,1.4042,0.9999992,646.906,0.7784657,4.272,1.0,1.0,1.0,1.0,1.0,1.0,1.0,1.0,300,28.858822,6.790846
16.695,18.6091,-11.5324,0.1105733,Brc1cccc(C=NN=C(c2ccccc2)c2ccccc2)c1,1,C(=NN=C(c1ccccc1)c1ccccc1)c1ccccc1,0.0147248,-9.3457,0.0125248,0.2581,0.9970596,363.258,0.971044,2.0676,1.0,1.0,1.0,1.0,1.0,1.0,1.0,1.0,280,-0.31746614,24.509447
12.9901,27.8126,9.2641,0.5793244,Cc1ccc(C2=C3C(=C(c4ccco4)c4cccn4[B-]3(F)F)c3ccccc32)cc1,1,[BH2-]1C2=C(c3ccccc3)c3ccccc3C2=C(c2ccco2)c2cccn21,0.79798,-0.2628,0.0294785,1.2062,0.9998584,396.225,0.9063323,3.2822,1.0,1.0,1.0,1.0,1.0,1.0,1.0,1.0,320,28.028002,-14.75652
39.7884,40.4627,-23.0141,0.2726354,O=C1C(Br)=C(O)c2cc(=O)oc3c(F)ccc(c23)N1c1ccccc1,1,O=C1C=Cc2cc(=O)oc3cccc(c23)N1c1ccccc1,0.1263586,-5.649,0.0212907,0.8438,0.9999182,402.175,0.942064,2.775,1.0,1.0,1.0,1.0,1.0,1.0,1.0,1.0,100,-3.6231105,0.7151524
27.8482,33.9722,-18.4524,0.2424964,Cc1ccccc1C1=NN=C(c2ccccc2)N(c2ccc([N+](=O)[O-])cc2)N=C1c1ccccc1,1,c1ccc(C2=NN=C(c3ccccc3)N(c3ccccc3)N=C2c2ccccc2)cc1,0.1027469,-6.0293,0.0155359,0.4953,0.9999996,459.509,0.9499334,2.6242,1.0,1.0,1.0,1.0,1.0,1.0,1.0,1.0,140,0.5771546,5.889072
35.5988,35.4031,-35.4031,0.0,CCc1c(C(=O)c2ccccc2O)c(C)n(C2CC2)c1C1CC1,1,O=C(c1ccccc1)c1cc(C2CC2)n(C2CC2)c1,0.0,0.0,0.0,0.0,0.0,0.0,0.0,0.0,1.0,1.0,0.0,0.0,0.0,0.0,0.0,0.0,20,-24.99881,17.82579
42.6379,57.6288,-43.3663,0.2228518,[O-][N+]([O-])=c1c(=NNc2ccccc2)ccc(=Nc2ccccc2)c1=[S+]C1=C(c2ccccc2)C2C(c3ccccc3)=C(c3ccccc3)C(c3ccccc3)C2=C1c1ccccc1,1,[N+]=c1c(=NNc2ccccc2)ccc(=Nc2ccccc2)c1=[S+]C1=C(c2ccccc2)C2C(c3ccccc3)=C(c3ccccc3)C(c3ccccc3)C2=C1c1ccccc1,0.410583,-3.0888,0.0172864,0.6132,0.0455605,833.029,0.7257664,4.549,1.0,1.0,1.0,1.0,1.0,1.0,1.0,1.0,160,10.436997,13.370957
21.1625,21.653,-11.4245,0.1598203,C1=CC(=c2ccc(=Cc3ccccc3)[n-]2)[S+]=C1,1,C1=CC(=c2ccc(=Cc3ccccc3)[n-]2)[S+]=C1,0.5672573,-2.0592,0.0197631,0.7613,0.0031026,237.327,0.7562942,4.3934,1.0,1.0,1.0,1.0,1.0,1.0,1.0,1.0,300,-13.113593,-0.36289304
13.9098,22.8491,16.1062,0.6086764,O=[N+]([O-])c1ccc(C2=[N+]3C(=C(c4ccccc4)c4cccn4[B-]3(F)F)C=C2)cc1,1,[BH2-]1n2cccc2C(c2ccccc2)=C2C=CC(c3ccccc3)=[N+]12,0.872058,0.6257,0.0344104,1.3797,0.9997289,389.17,0.8936367,3.4202,1.0,1.0,1.0,1.0,1.0,1.0,1.0,1.0,280,22.85019,-11.679405
36.6646,37.0768,-28.2375,0.1381143,Cc1nn(-c2ccccc2)c(=Nc2ccccc2Br)c2c1CCCC2,1,c1ccc(N=c2c3c(cnn2-c2ccccc2)CCCC3)cc1,0.0230754,-8.6002,0.0191523,0.7265,0.9998313,394.316,0.9502721,2.6172,1.0,1.0,1.0,1.0,1.0,1.0,1.0,1.0,40,2.1014395,22.944904
25.1842,32.7345,-16.474,0.2540703,O=C1C(c2ccccc2)=C(c2ccccc2)[B-]2(c3ccccc3)C(c3ccccc3)=NC(c3ccccc3)=[N+]12,1,O=C1C(c2ccccc2)=C(c2ccccc2)[B-]2(c3ccccc3)C(c3ccccc3)=NC(c3ccccc3)=[N+]12,0.1199299,-5.746,0.0165323,0.5639,1.0,500.41,0.8839114,3.5164,1.0,1.0,1.0,1.0,1.0,1.0,1.0,1.0,300,7.3199563,12.065708
13.2596,21.4586,-21.4586,0.0,O=[N+]([O-])c1ccc(C2=C3C=CC(Br)=[N+]3[B-](F)(F)n3cccc32)cc1,1,[BH2-]1n2cccc2C(c2ccccc2)=C2C=CC=[N+]12,0.875315,0.6738,0.0329643,1.3315,0.9997905,391.968,0.8551921,3.7646,1.0,1.0,1.0,1.0,1.0,1.0,1.0,1.0,300,22.976059,-10.406063
19.831,33.5801,1.5892,0.5495213,O=C1C(=C2Nc3ccccc3[B-](F)(F)n3cccc32)Nc2c1ccc1ccccc21,1,O=C1C(=C2Nc3ccccc3[BH2-]n3cccc32)Nc2c1ccc1ccccc21,0.7245308,-0.9251,0.0275903,1.1323,0.999882,398.201,0.8863463,3.493,1.0,1.0,1.0,1.0,1.0,1.0,1.0,1.0,400,20.557478,-17.903027
25.5349,32.0083,-3.8715,0.4396376,C1=C(c2ccccc2)C(=C2C(=C3c4ccccc4-c4ccccc43)c3cccc4cccc2c34)c2ccccc21,1,C1=C(c2ccccc2)C(=C2C(=C3c4ccccc4-c4ccccc43)c3cccc4cccc2c34)c2ccccc21,0.4656218,-2.7243,0.0153926,0.4851,1.0,504.632,0.952455,2.5711,1.0,1.0,1.0,1.0,1.0,1.0,1.0,1.0,300,-1.7601436,13.040937
38.4841,39.3489,-38.7813,0.0088684,O=C1CCC2(C1)C(=O)OC13CC=C4CCCC41CCC23,1,O=C1CCC2(C1)C(=O)OC13CC=C4CCCC41CCC23,0.000126,-17.1239,0.0187328,0.702,0.072614,272.344,0.4698309,5.6181,1.0,1.0,1.0,1.0,1.0,1.0,1.0,1.0,20,-26.98224,23.074839
10.432,20.887,14.7811,0.5573149,F[B-]1(F)n2cccc2C(=C2C=CC=[N+]2[B-](F)(F)F)c2cccn21,1,[BH2-]1n2cccc2C(=C2C=CC=[NH+]2)c2cccn21,0.9033173,1.1393,0.0361751,1.436,0.8999498,323.85,0.666262,4.8245,1.0,1.0,1.0,1.0,1.0,1.0,1.0,1.0,160,34.81103,-18.486399
38.6778,41.8491,-25.8663,0.2497312,BrC1=[S+]C(=C2[N-]c3ccccc3S2)C2=C1c1cc3ccccc3n1CCC2,1,C1=[S+]C(=C2[N-]c3ccccc3S2)C2=C1c1cc3ccccc3n1CCC2,0.1180214,-5.7756,0.0184514,0.6853,0.9999991,451.414,0.8160177,4.0444,1.0,1.0,1.0,1.0,1.0,1.0,1.0,1.0,60,7.7587004,-16.826357
19.0207,25.6818,-4.8714,0.3251628,C1=Cc2ccccc2C(=Cc2cccc3ccc4cc5ccccc5cc4c23)c2ccccc21,1,C1=Cc2ccccc2C(=Cc2cccc3ccc4cc5ccccc5cc4c23)c2ccccc21,0.2055723,-4.7016,0.0181199,0.6652,0.999994,430.55,0.9545931,2.5239,1.0,1.0,1.0,1.0,1.0,1.0,1.0,1.0,220,-26.721546,1.4283129
8.7309,27.4803,11.4783,0.608729,F[B-]1(F)n2cc(Cl)cc2C(c2ccccc2)=C2c3ccccc3C(c3ccccc3)=[N+]21,1,[BH2-]1n2cccc2C(c2ccccc2)=C2c3ccccc3C(c3ccccc3)=[N+]12,0.8388242,0.1864,0.0370015,1.4615,0.9999928,428.678,0.9131485,3.201,1.0,1.0,1.0,1.0,1.0,1.0,1.0,1.0,380,12.934055,-2.008926
25.9609,29.9489,-17.5449,0.1938118,O=C1C(=NN=Cc2ccccc2OCc2ccccc2)c2ccccc2C(=O)N1Cc1ccccc1,1,O=C1C(=NN=Cc2ccccc2OCc2ccccc2)c2ccccc2C(=O)N1Cc1ccccc1,0.0595543,-6.9941,0.0139113,0.3736,0.9999999,473.532,0.9629855,2.3157,1.0,1.0,1.0,1.0,1.0,1.0,1.0,1.0,200,-5.3511834,17.491465
66.6798,72.1898,-72.1898,0.0,Cc1onc2c1C1C(=CC(c3ccccc3)(c3ccccc3)C(OC(=O)OC3CC(C)CCC3C(C)C)C3OC3C#C2)c2ccccc2N1C,1,O=C(OC1CCCCC1)OC1C2OC2C#Cc2nocc2C2Nc3ccccc3C2=CC1(c1ccccc1)c1ccccc1,0.0,0.0,0.0,0.0,0.0,0.0,0.0,0.0,1.0,1.0,0.0,0.0,0.0,0.0,0.0,0.0,60,-21.07601,19.68624
10.8933,22.7775,16.3852,0.6119179,COc1ccc(C2=C3c4ccccc4C(c4ccc(OC)cc4)=[N+]3[B-](F)(F)n3cccc32)cc1,1,[BH2-]1n2cccc2C(c2ccccc2)=C2c3ccccc3C(c3ccccc3)=[N+]12,0.8530357,0.3641,0.0362682,1.4389,0.9999993,454.285,0.9162623,3.162,1.0,1.0,1.0,1.0,1.0,1.0,1.0,1.0,380,12.147389,-7.913084
26.9992,28.5482,-19.9013,0.1351086,Nc1c(C(=O)OCc2ccccc2)c(-c2ccccc2)c(-c2ccccc2)c2ccccc12,1,O=C(OCc1ccccc1)c1cc2ccccc2c(-c2ccccc2)c1-c1ccccc1,0.0209881,-8.7581,0.0205948,0.807,0.9999934,429.519,0.9709307,2.0716,1.0,1.0,1.0,1.0,1.0,1.0,1.0,1.0,120,-14.770279,-8.6988
31.1534,43.1358,-21.6204,0.3361787,O=C1C(c2ccccc2)=C(c2ccccc2)c2ccccc2C1=C1c2ccccc2C=Cc2ccc(Br)c(Br)c21,1,O=C1C(c2ccccc2)=C(c2ccccc2)c2ccccc2C1=C1c2ccccc2C=Cc2ccccc21,0.2389123,-4.387,0.0152303,0.4734,0.9999995,642.39,0.9394813,2.8203,1.0,1.0,1.0,1.0,1.0,1.0,1.0,1.0,360,2.517088,11.289679
20.6455,21.1976,-21.1976,0.0,CC(=O)c1ccc(Nc2ccc3ccccc3c2)cc1,1,c1ccc(Nc2ccc3ccccc3c2)cc1,0.0,0.0,0.0,0.0,0.0,0.0,0.0,0.0,1.0,1.0,0.0,0.0,0.0,0.0,0.0,0.0,40,-29.351257,5.7908497
18.3247,20.2353,-17.7188,0.0393206,O=C1c2ccccc2-c2cc3ccccc3cc21,1,O=C1c2ccccc2-c2cc3ccccc3cc21,0.0202235,-8.8198,0.0131449,0.3113,0.0016216,230.266,0.9798701,1.7035,1.0,1.0,1.0,1.0,1.0,1.0,1.0,1.0,80,-28.022291,3.8444686
18.0882,33.5186,-4.388,0.4551657,F[B-]1(F)n2cccc2C(c2ccc(Cl)cc2)=C2C(Cl)=NC(c3ccccc3)=[N+]2[B-]1(F)F,1,[BH2-]1[BH2-][N+]2=C(c3ccccc3)N=CC2=C(c2ccccc2)c2cccn21,0.4712354,-2.6876,0.0266741,1.0946,0.9999997,462.859,0.8439452,3.8507,1.0,1.0,1.0,1.0,1.0,1.0,1.0,1.0,260,21.429113,-3.9438024
23.9787,37.0862,-2.9371,0.5335795,F[B-]1(F)C2=Cc3c(Br)cccc3C2=C(c2ccc(Br)c(Br)c2)c2ccc(Br)n21,1,[BH2-]1C2=Cc3ccccc3C2=C(c2ccccc2)c2cccn21,0.7011012,-1.1115,0.027046,1.11,0.9999998,631.723,0.8460599,3.8349,1.0,1.0,1.0,1.0,1.0,1.0,1.0,1.0,280,29.633593,-1.5142677
38.701,40.9207,-26.0338,0.2326083,O=C1C(=Nn2c(-c3ccccc3)nn(-c3ccccc3)c2=O)N(c2ccccc2)C(=O)N1n1cccc1,1,O=C1C(=Nn2c(-c3ccccc3)nn(-c3ccccc3)c2=O)N(c2ccccc2)C(=O)N1n1cccc1,0.0874952,-6.3184,0.0199574,0.7721,1.0,489.495,0.9230863,3.0717,1.0,1.0,1.0,1.0,1.0,1.0,1.0,1.0,320,-3.919367,3.2709312
9.7799,25.7101,-25.7101,0.0,F[B-]1(F)n2c(Br)ccc2C(c2ccccc2)=C2C(Br)=CC(Br)=[N+]21,1,[BH2-]1n2cccc2C(c2ccccc2)=C2C=CC=[N+]12,0.8698421,0.5936,0.0397037,1.5411,1.0,504.763,0.8466569,3.8304,1.0,1.0,1.0,1.0,1.0,1.0,1.0,1.0,300,26.399178,-1.1142443
21.3731,23.0974,-16.6125,0.101326,Fc1c(F)c(F)c([B-]2(c3c(F)c(F)c(F)c(F)c3F)[O+]=C(c3ccccc3)[O+]=C2c2ccccc2)c(F)c1F,1,c1ccc(C2=[O+][B-](c3ccccc3)(c3ccccc3)C(c3ccccc3)=[O+]2)cc1,0.0099349,-9.9944,0.0290322,1.1892,1.0,555.156,0.8657917,3.6783,1.0,1.0,1.0,1.0,1.0,1.0,1.0,1.0,300,19.306131,16.54953
24.543,21.9811,-21.858,0.0019231,COC(=O)C1(c2ccccc2)OC(=O)Cc2ccccc21,1,O=C1Cc2ccccc2C(c2ccccc2)O1,1.3e-06,-24.6134,0.0104982,0.0643,0.1637359,282.295,0.9251365,3.0431,1.0,1.0,1.0,1.0,1.0,1.0,1.0,1.0,120,-13.500417,19.17758
33.369,39.16,-14.642,0.3830943,COc1ccc(C2=c3c4ccccc4[n+](=C4C=CC(=C[O-])C=C4)c4cccc(c34)C2)cc1,1,C=C1C=CC(=[n+]2c3ccccc3c3c4c(cccc42)CC=3c2ccccc2)C=C1,0.3426636,-3.5609,0.016312,0.5491,0.999976,415.492,0.8802044,3.5512,1.0,1.0,1.0,1.0,1.0,1.0,1.0,1.0,140,-17.78575,4.9090905
18.6997,22.3529,17.3196,0.6198831,CC1=CC(Cl)=[N+]2C1=C(c1ccc(Cl)cc1)c1c(C)cc(C)n1[B-]2(F)F,1,[BH2-]1n2cccc2C(c2ccccc2)=C2C=CC=[N+]12,0.8670318,0.5536,0.0417858,1.5989,0.9993116,379.046,0.8850039,3.5059,1.0,1.0,1.0,1.0,1.0,1.0,1.0,1.0,180,27.597557,4.2284884
19.6528,25.6711,-8.9567,0.2611624,Fc1ccc2[nH]c(-c3ccccc3)cc(=NN=Cc3ccccc3)c2c1,1,C(=NN=c1cc(-c2ccccc2)[nH]c2ccccc12)c1ccccc1,0.1261373,-5.6522,0.0149055,0.4497,0.9783756,341.389,0.957342,2.4601,1.0,1.0,1.0,1.0,1.0,1.0,1.0,1.0,220,-8.576052,12.941143
18.7394,19.4709,-19.4709,0.0,C(=Cc1ccco1)C=Nc1ccccc1,1,C(=Cc1ccco1)C=Nc1ccccc1,0.0,0.0,0.0,0.0,0.0,0.0,0.0,0.0,1.0,1.0,0.0,0.0,0.0,0.0,0.0,0.0,120,5.447814,28.2779
39.5929,50.2497,-36.7352,0.2111638,c1ccc(-n2c3c(c4c5ccccc5ccc42)-c2c(ccc4ccccc24)B(c2ccc(-c4ccco4)cc2)c2ccccc2-3)cc1,1,c1ccc(-n2c3c(c4c5ccccc5ccc42)-c2c(ccc4ccccc24)B(c2ccc(-c4ccco4)cc2)c2ccccc2-3)cc1,0.0771621,-6.5415,0.0137133,0.3578,1.0,597.526,0.9178315,3.1419,1.0,1.0,1.0,1.0,1.0,1.0,1.0,1.0,160,-25.775444,-1.47806
23.4792,26.3906,-12.2643,0.2207229,CC1=C(C)[Si](C)(C)C2=C1c1cccc3cccc2c13,1,C1=CC2=C([SiH2]1)c1cccc3cccc2c13,0.3887272,-3.2372,0.0192798,0.7339,0.030457,262.428,0.9202478,3.1101,1.0,1.0,1.0,1.0,1.0,1.0,1.0,1.0,100,-17.316246,1.8317084
10.7557,31.0054,-31.0054,0.0,F[B-]1(F)n2c(Br)ccc2C(c2ccncc2)=C2C=CC(c3cccnc3)=[N+]21,1,[BH2-]1n2cccc2C(c2ccncc2)=C2C=CC(c3cccnc3)=[N+]12,0.8776419,0.7088,0.0394468,1.5337,0.99999,425.045,0.8625766,3.7051,1.0,1.0,1.0,1.0,1.0,1.0,1.0,1.0,300,34.990078,-1.6740434
18.4503,36.4584,1.3139,0.5901932,F[B-]1(F)n2cc(Cl)c(-c3ccccc3)c2C(c2ccc(Br)cc2)=C2C=C(c3ccccc3)C(c3ccccc3)=[N+]21,1,[BH2-]1n2ccc(-c3ccccc3)c2C(c2ccccc2)=C2C=C(c3ccccc3)C(c3ccccc3)=[N+]12,0.7964069,-0.2786,0.0352097,1.4056,1.0,609.71,0.8997885,3.3552,1.0,1.0,1.0,1.0,1.0,1.0,1.0,1.0,380,18.532238,-3.0423543
34.264,38.7599,-21.5407,0.2690495,c1ccc(N(c2ccccc2)c2ccc(-c3cc(-c4ccccn4)c4occc4[n+]3-c3ccccc3)cc2)cc1,1,c1ccc(N(c2ccccc2)c2ccc(-c3cc(-c4ccccn4)c4occc4[n+]3-c3ccccc3)cc2)cc1,0.1201597,-5.7424,0.0228292,0.9213,1.0,516.624,0.9361886,2.8755,1.0,1.0,1.0,1.0,1.0,1.0,1.0,1.0,200,-0.071806185,30.242493
15.7522,15.5104,-14.6647,0.0132136,COc1ccc(NC(=S)Nc2ccccc2)cc1,1,S=C(Nc1ccccc1)Nc1ccccc1,0.0004026,-15.2313,0.011547,0.1688,0.0211141,258.346,0.9848518,1.4207,1.0,1.0,1.0,1.0,1.0,1.0,1.0,1.0,40,-9.376923,29.10388
38.0315,49.0101,-24.0766,0.3895848,O=C1C2=C(CCN2C2C(=O)CC3=CC=CC=CC=C32)c2ccccc21,1,O=C1C2=C(CCN2C2C(=O)CC3=CC=CC=CC=C32)c2ccccc21,0.3757673,-3.3266,0.0171367,0.6036,0.9256744,327.383,0.8475119,3.824,1.0,1.0,1.0,1.0,1.0,1.0,1.0,1.0,120,-9.984963,3.7212086
33.292,41.5709,-41.5709,0.0,CC(C)N(C(C)C)[B-]12C(c3ccccc3)=C3C(c4ccccc4)=CC(c4ccccc4)=[N+]3[B-]1(Cl)N2c1ccccc1,1,C1=C(c2ccccc2)C2=C(c3ccccc3)[BH-]3[BH-](N3c3ccccc3)[N+]2=C1c1ccccc1,0.0,0.0,0.0,0.0,0.0,0.0,0.0,0.0,1.0,1.0,0.0,0.0,0.0,0.0,0.0,0.0,240,14.803483,2.2212596
27.7134,37.7452,-14.6016,0.3616182,O=c1c(-c2ccccc2)c2c3c1cccc3c(=C1C=C(c3ccccc3)C(c3ccccc3)=[S+]1)c1cccn12,1,O=c1c(-c2ccccc2)c2c3c1cccc3c(=C1C=C(c3ccccc3)C(c3ccccc3)=[S+]1)c1cccn12,0.2629007,-4.179,0.0218924,0.8748,1.0,516.645,0.9128075,3.2052,1.0,1.0,1.0,1.0,1.0,1.0,1.0,1.0,200,6.5897737,2.3791752
17.0404,27.025,-8.584,0.2881403,F[B-]1(F)OC(c2cccc3ccccc23)=C(c2ccccc2)C(c2ccccc2)=[N+]1c1ccccc1,1,[BH2-]1OC(c2cccc3ccccc23)=C(c2ccccc2)C(c2ccccc2)=[N+]1c1ccccc1,0.1471769,-5.3613,0.0210255,0.8299,0.9999999,473.331,0.9319731,2.9424,1.0,1.0,1.0,1.0,1.0,1.0,1.0,1.0,300,11.569249,2.9892924
25.6794,34.5171,-11.7462,0.3557952,O=S1(=O)c2ccccc2C(c2ccccc2)=C2C(c3ccc(Cl)cc3)=C(c3ccccc3)N(c3ccccc3)N21,1,O=S1(=O)c2ccccc2C(c2ccccc2)=C2C(c3ccccc3)=C(c3ccccc3)N(c3ccccc3)N21,0.2193872,-4.5671,0.0320714,1.3007,1.0,559.09,0.9395905,2.8184,1.0,1.0,1.0,1.0,1.0,1.0,1.0,1.0,260,3.1339724,11.041786
31.8546,42.2252,-21.7437,0.3200227,O=[N+]([O-])C12C(=Cc3ccccc31)c1cc(O)c3ccccc3c1C2=C(c1ccccc1)c1ccccc1,1,C1=C2c3ccc4ccccc4c3C(=C(c3ccccc3)c3ccccc3)C2c2ccccc21,0.2050267,-4.707,0.0187385,0.7024,0.9999999,479.535,0.8967033,3.3882,1.0,1.0,1.0,1.0,1.0,1.0,1.0,1.0,220,1.1810471,20.696697
29.0957,27.5513,-27.1502,0.0062675,CO[P-]1(#[S+])OC(=O)C2=C(CCCCC2)O1,1,O=C1O[P-]OC2=C1CCCCC2,0.0001022,-17.4649,0.0258001,1.0574,0.0084318,248.24,0.6281832,4.9875,1.0,1.0,1.0,1.0,1.0,1.0,1.0,1.0,180,-27.029007,23.177946
31.3776,47.7411,-15.2682,0.5073891,O=C1C2=CC(=C3C1=C(c1ccc(Cl)c(Cl)c1)c1ccc(Br)n1[B-]3(F)F)C(=O)N2c1ccc(Cl)cc1,1,O=C1C2=CC(=C3[BH2-]n4cccc4C(c4ccccc4)=C13)C(=O)N2c1ccccc1,0.6593002,-1.4248,0.0273789,1.1237,1.0,593.427,0.7724156,4.3059,1.0,1.0,1.0,1.0,1.0,1.0,1.0,1.0,380,29.483345,0.39898443
21.5098,32.3629,-3.185,0.455904,C1=C(c2ccccc2)C(=C2C(=Cc3ccccc3)c3ccccc3C2=C2c3ccccc3-c3ccccc32)c2ccccc21,1,C1=C(c2ccccc2)C(=C2C(=Cc3ccccc3)c3ccccc3C2=C2c3ccccc3-c3ccccc32)c2ccccc21,0.5170786,-2.3887,0.0149139,0.4503,1.0,556.708,0.9489042,2.6451,1.0,1.0,1.0,1.0,1.0,1.0,1.0,1.0,200,-1.3006518,13.278863
45.93,50.4095,-50.4095,0.0,COc1ccccc1C1=[N+](c2ccccc2Cl)C(F)(F)C(c2ccco2)=C1C(C)=O,1,C1=C(c2ccco2)C[N+](c2ccccc2)=C1c1ccccc1,0.0,0.0,0.0,0.0,0.0,0.0,0.0,0.0,1.0,1.0,0.0,0.0,0.0,0.0,0.0,0.0,80,-4.604466,-10.075541
27.704,46.0714,-10.8169,0.5508513,CN(C)c1ccc(-c2ccc3c([s+]2)=C(c2ccc(N([O-])[O-])cc2)[B-](F)(F)n2cc(Br)cc2C=3c2ccc(Cl)nc2)cc1,1,[BH2-]1C(c2ccccc2)=c2[s+]c(-c3ccccc3)ccc2=C(c2cccnc2)c2cccn21,0.781391,-0.4255,0.0300456,1.2276,0.9999957,665.756,0.7826608,4.248,1.0,1.0,1.0,1.0,1.0,1.0,1.0,1.0,340,13.946606,-16.75945
32.9407,32.6305,-15.6288,0.2656511,COC1C2=C(C=C(c3ccccc3)C2c2ccccc2)C(=O)N1Cc1ccccc1,1,O=C1C2=C(CN1Cc1ccccc1)C(c1ccccc1)C(c1ccccc1)=C2,0.1040973,-6.0056,0.0355245,1.4156,0.9998178,393.486,0.9065526,3.2796,1.0,1.0,1.0,1.0,1.0,1.0,1.0,1.0,280,-2.9436252,-3.6623085
31.8946,34.4419,-33.9467,0.0077379,Cc1c2c(nc3c(-c4ccccc4)coc13)C1C=CC2C1,1,C1=CC2CC1c1cc3occ(-c4ccccc4)c3nc12,6.33e-05,-18.244,0.0159491,0.5243,0.0790054,273.335,0.7425811,4.4648,1.0,1.0,1.0,1.0,1.0,1.0,1.0,1.0,60,4.173941,2.901387
24.2247,45.2152,-18.9242,0.4107969,COC1=C(c2ccccc2)C(=O)C(=C2C=C(c3ccccc3)SC2=Nc2ccccc2)C1=NNc1ccccc1,1,O=C1C(c2ccccc2)=CC(=NNc2ccccc2)C1=C1C=C(c2ccccc2)SC1=Nc1ccccc1,0.3842942,-3.2677,0.0176763,0.6378,1.0,539.66,0.9245921,3.0508,1.0,1.0,1.0,1.0,1.0,1.0,1.0,1.0,260,10.108422,13.287607
22.531,26.2448,-17.0624,0.1434757,C1=C(c2ccccc2)C=C(c2ccccc2)C2c3ccccc3SCC12,1,C1=C(c2ccccc2)C=C(c2ccccc2)C2c3ccccc3SCC12,0.0234484,-8.5734,0.0283678,1.1633,0.9921207,352.502,0.9060525,3.2854,1.0,1.0,1.0,1.0,1.0,1.0,1.0,1.0,180,6.33542,7.41119
25.118,27.9774,-27.9774,0.0,CC(=O)n1c[s+]c2cc(Cl)ccc21,1,c1ccc2[s+]c[nH]c2c1,0.0,0.0,0.0,0.0,0.0,0.0,0.0,0.0,1.0,1.0,0.0,0.0,0.0,0.0,0.0,0.0,120,-6.3522224,-17.88936
51.0466,63.2305,-35.9548,0.4261827,O=[N+]1N2C=CC3=CC(=C4c5ccccc5-c5ccccc54)[B-](F)(F)N4C=CC=CC4=C3C2=[N+]([O-])C12c1ccccc12,1,O=[N+]1N2C=CC3=CC(=C4c5ccccc5-c5ccccc54)[BH2-]N4C=CC=CC4=C3C2=[NH+]C12c1ccccc12,0.4943994,-2.5365,0.0230325,0.9312,1.0,540.338,0.6767514,4.778,1.0,1.0,1.0,1.0,1.0,1.0,1.0,1.0,180,-2.3007169,14.534561
20.1389,22.119,-19.3162,0.0437941,O=[N+]([O-])c1c(-c2ccccc2)ccc2ncccc12,1,c1ccc(-c2ccc3ncccc3c2)cc1,0.0107455,-9.8653,0.016189,0.5408,0.0101358,250.257,0.9747132,1.9315,1.0,1.0,1.0,1.0,1.0,1.0,1.0,1.0,160,-13.095972,-14.185895
19.5297,34.5897,-10.9419,0.3694969,O=C1c2ccccc2-c2c1c(-c1ccccc1)c(C1=CC(=O)N(c3ccccc3)C1=O)n2-c1ccccc1,1,O=C1c2ccccc2-c2c1c(-c1ccccc1)c(C1=CC(=O)N(c3ccccc3)C1=O)n2-c1ccccc1,0.2945413,-3.9225,0.0164703,0.5598,1.0,492.534,0.9474245,2.6745,1.0,1.0,1.0,1.0,1.0,1.0,1.0,1.0,200,-6.1933208,5.071895
20.2985,27.2821,-26.9227,0.0056158,Cl[B-]1(Cl)c2ccccc2[B-](Cl)(Cl)[NH+]1c1ccc(Br)cc1,1,[BH2-]1c2ccccc2[BH2-][NH+]1c1ccccc1,1.01e-05,-21.2268,0.010684,0.0835,0.9999622,410.551,0.7137294,4.6073,1.0,1.0,1.0,1.0,1.0,1.0,1.0,1.0,240,-0.66435724,-11.92167
21.4792,24.4041,-13.7068,0.1671453,N#Cc1c(-c2ccccc2)c(-c2ccccc2)c(C(=O)c2ccccc2)c2ccccc12,1,O=C(c1ccccc1)c1c(-c2ccccc2)c(-c2ccccc2)cc2ccccc12,0.0391107,-7.7139,0.0158252,0.5157,0.9999583,409.488,0.9693874,2.1237,1.0,1.0,1.0,1.0,1.0,1.0,1.0,1.0,200,-14.980077,-8.529582
31.0811,32.1851,-28.8362,0.0523264,CC1=C(C)SC(=C2Sc3ccccc3[SH]2#S#S#S#S#C[N-2])S1,1,C1=CSC(=C2Sc3ccccc3S2)S1,0.0038528,-11.5471,0.013975,0.3787,0.9999969,437.774,0.4488819,5.7005,1.0,1.0,1.0,1.0,1.0,1.0,1.0,1.0,40,-8.919732,19.064095
9.9551,30.8292,5.853,0.5731583,F[B-]1(F)C2=C(c3ccncc3)c3cc(Cl)c(Cl)n3[B-](F)(F)C2=C(Cl)c2cccn21,1,[BH2-]1C2=C(c3ccncc3)c3cccn3[BH2-]C2=Cc2cccn21,0.827331,0.0517,0.0357087,1.4214,0.9999995,458.247,0.7730604,4.3023,1.0,1.0,1.0,1.0,1.0,1.0,1.0,1.0,400,33.30651,-8.900073
21.8586,27.4353,-27.4353,0.0,CCC1=[S+]C(=C2c3ccccc3[B-](F)(F)n3cccc32)C=C1,1,[BH2-]1c2ccccc2C(=C2C=CC=[S+]2)c2cccn21,0.0,0.0,0.0,0.0,0.0,0.0,0.0,0.0,1.0,1.0,0.0,0.0,0.0,0.0,0.0,0.0,400,21.200802,-17.775
25.5757,34.0287,-24.6704,0.1462247,Cc1ccc(-c2c3c(c(-c4ccccc4)c4ccccc24)[Si](C)(F)c2ccccc2-3)cc1,1,c1ccc(-c2c3c(c(-c4ccccc4)c4ccccc24)-c2ccccc2[SiH2]3)cc1,0.025407,-8.4395,0.0242465,0.9883,0.999994,430.598,0.921022,3.0998,1.0,1.0,1.0,1.0,1.0,1.0,1.0,1.0,320,-14.180783,-10.117124
29.5748,43.6937,-13.2112,0.4762892,F[B-]1(F)C2=CC3=c4ccccc4=C(Cl)C(=C(c4ccccc4)c4cc(Br)cn41)[N+]23c1ccccc1,1,[BH2-]1C2=CC3=c4ccccc4=CC(=C(c4ccccc4)c4cccn41)[N+]23c1ccccc1,0.5617939,-2.0954,0.0280519,1.1508,1.0,545.623,0.7644309,4.3498,1.0,1.0,1.0,1.0,1.0,1.0,1.0,1.0,240,20.634586,-0.01817648
17.4005,29.1982,7.8111,0.5782697,F[B-]1(F)C2=Nc3ccccc3NC2=C(c2ccccn2)c2cccn21,1,[BH2-]1C2=Nc3ccccc3NC2=C(c2ccccn2)c2cccn21,0.7861102,-0.3802,0.0353334,1.4095,0.9548423,333.13,0.8783526,3.5682,1.0,1.0,1.0,1.0,1.0,1.0,1.0,1.0,320,20.930271,-16.596395
17.5308,18.1124,-15.1238,0.046696,COc1ccc(N=Cc2ccccc2B(O)O)cc1,1,C(=Nc1ccccc1)c1ccccc1,0.0100901,-9.9689,0.018197,0.6699,0.0157181,255.082,0.9587861,2.425,1.0,1.0,1.0,1.0,1.0,1.0,1.0,1.0,60,-2.7995265,-15.106425
19.5631,37.7061,-2.856,0.5445337,F[B-]1(F)C2=C(c3ccccc3)[N+](c3ccccc3)=C(Cl)C2=C(c2ccc(Cl)cc2)c2cccn21,1,[BH2-]1C2=C(c3ccccc3)[N+](c3ccccc3)=CC2=C(c2ccccc2)c2cccn21,0.719178,-0.9685,0.0261259,1.0714,1.0,489.161,0.8874948,3.4818,1.0,1.0,1.0,1.0,1.0,1.0,1.0,1.0,260,21.114363,-3.4392202
16.0765,38.7394,-7.7611,0.4840358,COc1ccc(C2=C3C(=O)c4cc(Cl)cn4[B-](F)(F)[N+]2=C3c2ccc(Cl)cc2)cc1,1,O=C1C2=C(c3ccccc3)[N+](=C2c2ccccc2)[BH2-]n2cccc21,0.5901975,-1.9059,0.0232359,0.9409,0.9999985,445.061,0.8153341,4.0489,1.0,1.0,1.0,1.0,1.0,1.0,1.0,1.0,400,12.348236,-8.745601
24.2333,30.4361,-1.621,0.4502357,F[B-]1(F)C2=C(c3ccccc3C2)[N+](=C2c3ccccc3-c3ccccc32)c2cccn21,1,[BH2-]1C2=C(c3ccccc3C2)[N+](=C2c3ccccc3-c3ccccc32)c2cccn21,0.4869972,-2.5847,0.0202204,0.7867,0.9999437,406.244,0.8714974,3.6295,1.0,1.0,1.0,1.0,1.0,1.0,1.0,1.0,360,15.611163,5.0352964
23.272,23.612,-8.2775,0.2396025,Brc1ccc2c(C3CC(c4ccccc4)=NN3c3ccccc3)c[nH]c2c1,1,c1ccc(C2=NN(c3ccccc3)C(c3c[nH]c4ccccc34)C2)cc1,0.0890577,-6.2868,0.0226051,0.9103,0.9999778,416.322,0.9463941,2.6946,1.0,1.0,1.0,1.0,1.0,1.0,1.0,1.0,360,2.4632003,1.5783421
25.9705,35.8742,-15.1434,0.3239189,[O-]C(=C1[N+]2=C(F)C=CC2=C(c2ccccc2)c2cccn2[B-]1(F)F)c1ccccc1,1,[BH2-]1C(=Cc2ccccc2)[N+]2=CC=CC2=C(c2ccccc2)c2cccn21,0.2014072,-4.7434,0.0257067,1.0534,0.9999255,403.192,0.8416731,3.8674,1.0,1.0,1.0,1.0,1.0,1.0,1.0,1.0,160,18.514977,-13.693883
15.7076,41.585,-3.3091,0.5980604,F[B-]1(F)n2cccc2C(c2cccc(Br)c2)=C2C=C(c3ccc(Br)cc3)C(c3ccc(Cl)cc3)=[N+]21,1,[BH2-]1n2cccc2C(c2ccccc2)=C2C=C(c3ccccc3)C(c3ccccc3)=[N+]12,0.8251011,0.0265,0.0356362,1.4191,0.9999999,612.508,0.8933935,3.4227,1.0,1.0,1.0,1.0,1.0,1.0,1.0,1.0,280,21.187103,-6.3194356
28.5645,49.1054,-25.413,0.3701935,Cc1c[nH]c(C2=c3cc(Cl)c(Cl)cc3=[N+]3C(=Nc4ccccc43)[B-](F)(F)n3cccc32)c1,1,[BH2-]1C2=Nc3ccccc3[N+]2=c2ccccc2=C(c2ccc[nH]2)c2cccn21,0.2834992,-4.01,0.0302521,1.2352,0.9999998,467.115,0.7855889,4.2311,1.0,1.0,1.0,1.0,1.0,1.0,1.0,1.0,340,27.700144,-11.61386
27.9726,25.2974,-24.6633,0.0099073,Cc1cccc(-c2cc3ccccc3n2N)c1,1,c1ccc(-c2cc3ccccc3[nH]2)cc1,0.0007737,-14.1666,0.0188042,0.7062,0.0007786,222.291,0.9705451,2.0848,1.0,1.0,1.0,1.0,1.0,1.0,1.0,1.0,200,0.80691916,-18.073624
49.2278,58.623,-58.623,0.0,CC(C)=C1C(=NNc2ccc([N+](=O)[O-])cc2[N+](=O)[O-])C2(C)C=C(F)C1=C1c3ccccc3C(=O)C1(C)C2=O,1,C=C1C(=NNc2ccccc2)C2C=CC1=C1c3ccccc3C(=O)C1C2=O,0.0,0.0,0.0,0.0,0.0,0.0,0.0,0.0,1.0,1.0,0.0,0.0,0.0,0.0,0.0,0.0,200,-12.940767,-17.609993
13.8827,14.7939,-14.7939,0.0,c1ccc2c(c1)C(=C1c3ccccc3-c3ccccc31)c1ccccc1-2,1,c1ccc2c(c1)C(=C1c3ccccc3-c3ccccc31)c1ccccc1-2,0.4821543,-2.6163,0.0144543,0.4158,0.9319494,328.414,0.9848152,1.4231,1.0,1.0,1.0,1.0,1.0,1.0,1.0,1.0,200,-3.8733191,13.348165
34.7095,37.6186,-34.6482,0.0464119,Cc1ccc(S(=O)(=O)NN=C2CCCC=C(c3ccccc3)N2NS(=O)(=O)c2ccc([N+](=O)[O-])cc2)cc1,1,O=S(=O)(NN=C1CCCC=C(c2ccccc2)N1NS(=O)(=O)c1ccccc1)c1ccccc1,0.0016932,-12.8896,0.0120384,0.2146,1.0,555.638,0.9339493,2.9115,1.0,1.0,1.0,1.0,1.0,1.0,1.0,1.0,80,-10.647083,-5.2145405
20.6899,18.6292,-11.0373,0.118623,O=C1c2ccccc2C(=O)c2cc(P(c3ccccc3)c3ccccc3)ccc21,1,O=C1c2ccccc2C(=O)c2cc(P(c3ccccc3)c3ccccc3)ccc21,0.0178931,-9.023,0.0120527,0.2159,0.9997985,392.394,0.9635692,2.2996,1.0,1.0,1.0,1.0,1.0,1.0,1.0,1.0,360,-13.422884,7.096438
25.4076,25.8954,-22.6599,0.0505551,O=C1C(Br)=C(Br)C2C(O)c3ccccc3C12,1,O=C1C=CC2Cc3ccccc3C12,0.0023126,-12.3808,0.0120289,0.2137,0.982922,344.002,0.8346062,3.9183,1.0,1.0,1.0,1.0,1.0,1.0,1.0,1.0,80,-16.73253,15.850639
37.1157,47.6775,-13.8583,0.5284241,Cc1nccn1-c1c(F)c(F)c(NN=C2C=CC(=NNc3ccc(Cl)cc3)C=C2)c2ccccc12,1,C1=CC(=NNc2ccc(-n3ccnc3)c3ccccc23)C=CC1=NNc1ccccc1,0.7409642,-0.7884,0.0169732,0.593,1.0,488.929,0.9187583,3.1298,1.0,1.0,1.0,1.0,1.0,1.0,1.0,1.0,340,19.062475,9.6858635
41.69,42.7314,-41.0418,0.0263999,O=C1c2ccccc2OC(c2ccccc2)C1OC1(c2ccccc2)OC12c1ccccc1CC2c1ccccc1,1,O=C1c2ccccc2OC(c2ccccc2)C1OC1(c2ccccc2)OC12c1ccccc1CC2c1ccccc1,0.0004923,-14.9033,0.0119316,0.2048,1.0,536.627,0.7256204,4.5497,1.0,1.0,1.0,1.0,1.0,1.0,1.0,1.0,40,-12.256242,17.537796
40.6841,40.3231,-36.6841,0.056859,c1ccc2cc(CC34CCC(CC3)c3cc5ccccc5c5cccc4c35)ccc2c1,1,c1ccc2cc(CC34CCC(CC3)c3cc5ccccc5c5cccc4c35)ccc2c1,0.0027396,-12.1042,0.0142875,0.403,0.9998857,398.549,0.9117777,3.2178,1.0,1.0,1.0,1.0,1.0,1.0,1.0,1.0,20,-23.112764,-5.7455096
33.2573,34.445,-30.3637,0.0637698,C[Si](C)(C)c1ccccc1[Si]1(c2nc3c(c4ccccc24)[Si](C)(C)c2ccccc2-3)c2ccccc2-c2ccccc21,1,c1ccc([Si]2(c3nc4c(c5ccccc35)[SiH2]c3ccccc3-4)c3ccccc3-c3ccccc32)cc1,0.004005,-11.4837,0.0123005,0.2382,1.0,589.963,0.8627443,3.7037,1.0,1.0,1.0,1.0,1.0,1.0,1.0,1.0,40,-16.257393,0.07020707
22.5404,23.5336,-23.5336,0.0,Fc1ccc(C(C=C(c2ccccc2)c2ccccc2)=NN(c2ccccc2)c2ccccc2)cc1,1,C(=C(c1ccccc1)c1ccccc1)C(=NN(c1ccccc1)c1ccccc1)c1ccccc1,0.0,0.0,0.0,0.0,0.0,0.0,0.0,0.0,1.0,1.0,0.0,0.0,0.0,0.0,0.0,0.0,80,-0.30872208,26.825123
9.6257,26.0378,12.4206,0.6009126,F[B-]1(F)n2cccc2C(c2ccco2)=C2C=C(c3ccccc3)C=[N+]21,1,[BH2-]1n2cccc2C(c2ccco2)=C2C=C(c3ccccc3)C=[N+]12,0.8645515,0.5188,0.0367177,1.4528,0.958666,334.134,0.8655632,3.6802,1.0,1.0,1.0,1.0,1.0,1.0,1.0,1.0,280,24.522282,-16.124287
58.5837,68.7416,-42.319,0.4128543,C1#CC(=c2cc3ccc4ccccc4c3c(-c3ccccc3)c2=c2[n-]c(=C3CCCCC3)nc2C2=C(c3ccccc3)C(c3ccccc3)=[S+]2)C=C1,1,C1#CC(=c2cc3ccc4ccccc4c3c(-c3ccccc3)c2=c2[n-]c(=C3CCCCC3)nc2C2=C(c3ccccc3)C(c3ccccc3)=[S+]2)C=C1,0.4565379,-2.7838,0.0161263,0.5365,0.9999793,682.892,0.7794721,4.2662,1.0,1.0,1.0,1.0,1.0,1.0,1.0,1.0,160,-12.846268,-5.223193
18.3612,39.134,-3.2682,0.5604041,F[B-]1(F)N2C(=C(c3ccccc3)c3ccc(Br)n31)C=C(c1ccco1)c1cc(Cl)ccc12,1,[BH2-]1N2C(=C(c3ccccc3)c3cccn31)C=C(c1ccco1)c1ccccc12,0.7220256,-0.9454,0.0334985,1.3496,1.0,510.554,0.8788729,3.5635,1.0,1.0,1.0,1.0,1.0,1.0,1.0,1.0,280,20.333635,-22.400425
25.3945,43.9207,-10.9075,0.5158304,CC1=C2C(c3ccncc3)=C(c3cccn3C)C1=C(c1cccnc1)c1c(C)c(Br)c(C)n1[B-]2(F)F,1,[BH2-]1C2=CC(=C(c3cccnc3)c3cccn31)C(c1ccc[nH]1)=C2c1ccncc1,0.7107666,-1.0357,0.0273481,1.1224,1.0,544.232,0.7400433,4.4777,1.0,1.0,1.0,1.0,1.0,1.0,1.0,1.0,400,32.066525,-8.144492
26.1807,40.8863,-5.0947,0.5592439,F[B-]1(F)n2c(cc(Cl)c2Br)C=C2[N+]1=C(c1ccc[nH]1)c1cccn1C2(c1ccccc1)c1ccccc1,1,[BH2-]1n2cccc2C=C2[N+]1=C(c1ccc[nH]1)c1cccn1C2(c1ccccc1)c1ccccc1,0.7444717,-0.7585,0.0341064,1.3698,1.0,575.653,0.8328122,3.931,1.0,1.0,1.0,1.0,1.0,1.0,1.0,1.0,320,23.083126,-4.968243
33.2639,38.7915,-34.8327,0.0618555,O=C1OC(=Cc2ccccc2)CN(c2ccccc2C(=O)c2ccccc2)C(=O)c2ccccc21,1,O=C1OC(=Cc2ccccc2)CN(c2ccccc2C(=O)c2ccccc2)C(=O)c2ccccc21,0.0032796,-11.8103,0.0142244,0.3981,0.9999996,459.501,0.9544971,2.5261,1.0,1.0,1.0,1.0,1.0,1.0,1.0,1.0,180,-5.194686,18.520586
23.1837,25.5907,-21.1229,0.0698093,c1ccc(-c2cc3[nH]nc(-c4ccccc4)c3c3ccccc23)cc1,1,c1ccc(-c2cc3[nH]nc(-c4ccccc4)c3c3ccccc23)cc1,0.0042761,-11.3766,0.019192,0.7288,0.8674327,320.395,0.9735568,1.9764,1.0,1.0,1.0,1.0,1.0,1.0,1.0,1.0,200,-16.03155,-7.523092
20.4752,37.0303,-6.3774,0.4789517,F[B-]1(F)C2=C(Br)[N+](c3ccccc3)=CC2=C(c2cccc(Br)c2)c2cccn21,1,[BH2-]1C2=C[N+](c3ccccc3)=CC2=C(c2ccccc2)c2cccn21,0.5322515,-2.2896,0.0270736,1.1112,1.0,501.965,0.8472118,3.8262,1.0,1.0,1.0,1.0,1.0,1.0,1.0,1.0,260,16.997726,-14.890328
14.8704,24.475,9.2577,0.5270739,O=C1C(c2ccc(Cl)cc2)=C(c2ccc(Cl)cc2)[N+]([O-])=C1c1ccccc1,1,O=C1C(c2ccccc2)=[NH+]C(c2ccccc2)=C1c1ccccc1,0.6255602,-1.6642,0.0260841,1.0696,0.9998303,394.257,0.9561363,2.4886,1.0,1.0,1.0,1.0,1.0,1.0,1.0,1.0,340,5.216168,-3.5958002
27.8236,24.8218,-22.1187,0.0422361,C[Si](C)=C([Si](C)(C)C)[Si](C)(C)[Si](C)([Si](C)(C)C)[Si](C)(C)C,1,,0.0012394,-13.3984,0.0231239,0.9356,0.9997713,391.017,0.7906765,4.2013,1.0,1.0,1.0,1.0,1.0,1.0,1.0,1.0,180,-26.692991,19.835888
29.8232,34.4886,-12.1201,0.3495073,O=Cc1ccc(-c2cc(-c3ccncc3)c3c(=C4c5ccccc5-c5ccccc54)c4ccccc4n23)cc1,1,c1ccc(-c2cc(-c3ccncc3)c3c(=C4c5ccccc5-c5ccccc54)c4ccccc4n23)cc1,0.2611898,-4.1934,0.0157084,0.5075,1.0,498.585,0.9395282,2.8194,1.0,1.0,1.0,1.0,1.0,1.0,1.0,1.0,300,-1.4551861,14.318823
25.7831,29.2051,-8.5295,0.3230565,C1=C(c2ccccc2)c2nc(c(-c3ccccc3)c(-c3ccccc3)n2)N=C1c1ccccc1,1,C1=C(c2ccccc2)c2nc(c(-c3ccccc3)c(-c3ccccc3)n2)N=C1c1ccccc1,0.2057298,-4.7,0.0190955,0.7233,0.9999962,435.53,0.9140304,3.1901,1.0,1.0,1.0,1.0,1.0,1.0,1.0,1.0,140,9.478446,6.1904902
21.9991,27.4571,3.0234,0.476257,c1cc2c(c(-c3c4ccccc4cc4ccccc34)c1)-c1c(ccc3ccccc13)C2,1,c1cc2c(c(-c3c4ccccc4cc4ccccc34)c1)-c1c(ccc3ccccc13)C2,0.5357893,-2.2665,0.0182444,0.6728,0.9998005,392.501,0.9655712,2.2423,1.0,1.0,1.0,1.0,1.0,1.0,1.0,1.0,240,-28.263123,-5.481729
17.4409,22.3982,-11.7737,0.1660079,O=C1c2ccccc2C(=C(c2ccccc2)c2cccc([N+](=O)[O-])c2)c2ccccc21,1,O=C1c2ccccc2C(=C(c2ccccc2)c2ccccc2)c2ccccc21,0.0397667,-7.6857,0.0142708,0.4017,0.9999272,403.437,0.9666929,2.2088,1.0,1.0,1.0,1.0,1.0,1.0,1.0,1.0,140,-2.2080615,17.295486
14.4202,27.9455,7.1109,0.5477572,O=[N+]([O-])c1ccc(C2=Cc3ccc(Br)n3[B-](F)(F)n3cccc32)cc1,1,[BH2-]1n2cccc2C=C(c2ccccc2)c2cccn21,0.7219055,-0.9464,0.029189,1.1952,0.9999368,404.987,0.8614798,3.7141,1.0,1.0,1.0,1.0,1.0,1.0,1.0,1.0,280,23.156828,-13.813987
28.9578,29.3609,-29.3609,0.0,CC(C)(C)[Si](OC1C2OC(=O)C(O2)C2OCOC12)(c1ccccc1)c1ccccc1,1,O=C1OC2OC1C1OCOC1C2O[SiH](c1ccccc1)c1ccccc1,0.0,0.0,0.0,0.0,0.0,0.0,0.0,0.0,1.0,1.0,0.0,0.0,0.0,0.0,0.0,0.0,60,-15.2302265,20.305195
26.6899,26.1425,-22.8743,0.0510658,[O-]C(O)=C1C=Cc2[s+]cccc2N1,1,C=C1C=Cc2[s+]cccc2N1,0.1993003,-4.7649,0.0304806,1.2437,5.36e-05,193.227,0.6552778,4.8723,1.0,1.0,1.0,1.0,1.0,1.0,1.0,1.0,80,-7.9296265,-25.46086
26.077,28.9064,-18.8878,0.1565414,C=C1CC(=S)C(c2ccccc2)=C(c2ccccc2)C1=C,1,C=C1CC(=S)C(c2ccccc2)=C(c2ccccc2)C1=C,0.0661096,-6.8126,0.0137602,0.3616,0.2559707,288.415,0.9452981,2.7155,1.0,1.0,1.0,1.0,1.0,1.0,1.0,1.0,200,7.3407516,8.690907
14.4368,28.1357,10.5763,0.6048752,F[B-]1(F)n2c(Br)cc(Br)c2C(c2cccnc2)=C2C=CC(Br)=[N+]21,1,[BH2-]1n2cccc2C(c2cccnc2)=C2C=CC=[N+]12,0.8807762,0.7569,0.0408778,1.574,1.0,505.751,0.8064491,4.1055,1.0,1.0,1.0,1.0,1.0,1.0,1.0,1.0,320,30.184301,-5.4943037
36.5418,42.4894,-18.5207,0.3745112,c1ccc(-c2cccc3c2C(=C2[S+]=C(c4cccc5ccccc45)c4ccccc42)C(=Nc2cccc4ccccc24)[N-]3)cc1,1,c1ccc(-c2cccc3c2C(=C2[S+]=C(c4cccc5ccccc45)c4ccccc42)C(=Nc2cccc4ccccc24)[N-]3)cc1,0.3189178,-3.7357,0.0169771,0.5932,1.0,590.751,0.8824829,3.5299,1.0,1.0,1.0,1.0,1.0,1.0,1.0,1.0,140,-22.563564,0.049674403
45.443,44.3263,-44.3263,0.0,CC(=O)C1(O)C(=O)N(C(C)Cc2ccccc2)C([N+](=O)[O-])C1(C)[N+](=O)[O-],1,O=C1CCCN1CCc1ccccc1,0.0,0.0,0.0,0.0,0.0,0.0,0.0,0.0,1.0,1.0,0.0,0.0,0.0,0.0,0.0,0.0,40,-17.05279,23.446592
17.839,25.5607,10.7877,0.5679451,Clc1cccc(-c2c3ccccc3c(-c3ccccc3)c3ccccc23)c1,1,c1ccc(-c2c3ccccc3c(-c3ccccc3)c3ccccc23)cc1,0.6288543,-1.6412,0.0447042,1.6755,0.9974655,364.875,0.9808843,1.652,1.0,1.0,1.0,1.0,1.0,1.0,1.0,1.0,200,-15.938445,-10.945401
15.6643,38.8431,-1.8977,0.5772722,F[B-]1(F)n2c(Cl)c(Cl)c(Cl)c2C(c2ccc[nH]2)=C2C(c3ccc(Br)cc3)=CC(c3ccccc3)=[N+]21,1,[BH2-]1n2cccc2C(c2ccc[nH]2)=C2C(c3ccccc3)=CC(c3ccccc3)=[N+]12,0.7514588,-0.6981,0.0395277,1.536,1.0,591.479,0.8612295,3.7162,1.0,1.0,1.0,1.0,1.0,1.0,1.0,1.0,360,22.41635,0.6666824
18.3611,42.8446,-5.067,0.5902762,F[B-]1(F)C(c2ccc(Cl)cc2)=c2cc(-c3ccccc3)ccc2=C(c2cccnc2)c2ccc(Br)n21,1,[BH2-]1C(c2ccccc2)=c2cc(-c3ccccc3)ccc2=C(c2cccnc2)c2cccn21,0.8181643,-0.0506,0.0316184,1.2847,1.0,558.642,0.9074317,3.2695,1.0,1.0,1.0,1.0,1.0,1.0,1.0,1.0,360,27.452158,-3.7917314
10.895,25.6886,12.2801,0.5932605,F[B-]1(F)n2c(Br)ccc2C(c2ccc(Br)[nH]2)=C2C=CC=[N+]21,1,[BH2-]1n2cccc2C(c2ccc[nH]2)=C2C=CC=[N+]12,0.8827869,0.7883,0.0427601,1.625,0.9999745,414.844,0.7407786,4.474,1.0,1.0,1.0,1.0,1.0,1.0,1.0,1.0,300,22.310265,-20.614447
37.0846,42.4113,-42.4113,0.0,O=[N+]([O-])c1ccc(NN=C2C(=NNc3ccccc3)C=C(OCCc3ccccc3)C3=C2CCc2ccccc23)cc1,1,C1=C(OCCc2ccccc2)C2=C(CCc3ccccc32)C(=NNc2ccccc2)C1=NNc1ccccc1,0.0,0.0,0.0,0.0,0.0,0.0,0.0,0.0,1.0,1.0,0.0,0.0,0.0,0.0,0.0,0.0,220,-9.064656,-13.652906
38.8906,43.2424,-33.4875,0.15242,O=c1nc(-c2ccc(Cl)cc2)nc2n1c1cccc(Cl)c1n1c3ccccc3c(=Nc3ccccc3)n21,1,O=c1nc(-c2ccccc2)nc2n1c1ccccc1n1c3ccccc3c(=Nc3ccccc3)n21,0.0322797,-8.0381,0.0157071,0.5074,1.0,523.383,0.9204324,3.1077,1.0,1.0,1.0,1.0,1.0,1.0,1.0,1.0,120,3.9972017,-0.2811825
29.7411,34.0086,-14.1902,0.309664,Cc1cccc(N=Cc2cc(N=Nc3ccccc3)ccc2Oc2ccccc2)n1,1,C(=Nc1ccccn1)c1cc(N=Nc2ccccc2)ccc1Oc1ccccc1,0.1847463,-4.9177,0.0172398,0.6102,0.9997998,392.462,0.9524242,2.5718,1.0,1.0,1.0,1.0,1.0,1.0,1.0,1.0,100,6.937716,25.007338
20.7541,23.0507,-21.0227,0.0316872,Cc1c(-c2ccc(Br)cc2)n(C)c2ccccc12,1,c1ccc(-c2cc3ccccc3[nH]2)cc1,0.0007545,-14.2075,0.017869,0.6498,0.5045821,300.199,0.9757364,1.8901,1.0,1.0,1.0,1.0,1.0,1.0,1.0,1.0,220,-1.0850738,-10.764803
29.7642,37.0885,-7.7474,0.4584545,c1ccc(C2=[S+]C3=C(c4cccc5ccccc45)[S+]=C3C2=C2c3ccccc3-c3ccccc32)cc1,1,c1ccc(C2=[S+]C3=C(c4cccc5ccccc45)[S+]=C3C2=C2c3ccccc3-c3ccccc32)cc1,0.5344888,-2.275,0.0153632,0.483,1.0,492.668,0.9148816,3.1795,1.0,1.0,1.0,1.0,1.0,1.0,1.0,1.0,300,-2.5621462,12.635647
17.4846,20.3284,-19.6656,0.0103553,ClB1N(c2ccccc2)N=C(c2ccccc2)N1c1ccccc1,1,B1N(c2ccccc2)N=C(c2ccccc2)N1c1ccccc1,3.22e-05,-19.3451,0.020752,0.8154,0.948429,331.615,0.9476559,2.67,1.0,1.0,1.0,1.0,1.0,1.0,1.0,1.0,200,1.896303,1.2974943
31.3187,33.0608,-23.1607,0.1546899,Cc1ccc(C2=CC(c3ccccc3)=N[Si](O)(Cl)O2)cc1,1,C1=C(c2ccccc2)O[SiH2]N=C1c1ccccc1,0.0337139,-7.9649,0.0229803,0.9286,0.8112543,315.832,0.8892759,3.4642,1.0,1.0,1.0,1.0,1.0,1.0,1.0,1.0,100,-1.115269,-6.4755645
13.9136,25.8302,13.2993,0.6113997,F[B-]1(F)n2cccc2C(c2ccccc2)=C2c3ccc(Cl)cc3C(c3ccc(Cl)cc3)=[N+]21,1,[BH2-]1n2cccc2C(c2ccccc2)=C2c3ccccc3C(c3ccccc3)=[N+]12,0.855173,0.392,0.0365033,1.4462,0.9999997,463.123,0.9083859,3.2583,1.0,1.0,1.0,1.0,1.0,1.0,1.0,1.0,280,20.077517,-5.301626
30.2542,34.2826,-17.1091,0.268335,C1=Cc2c(c3ccc4ccccc4c4c5ccccc5ccc2c34)-c2ccccc2-c2ccccc21,1,C1=Cc2c(c3ccc4ccccc4c4c5ccccc5ccc2c34)-c2ccccc2-c2ccccc21,0.1314268,-5.5755,0.0157225,0.5085,0.9999993,454.572,0.9588195,2.4241,1.0,1.0,1.0,1.0,1.0,1.0,1.0,1.0,60,-25.09125,-0.7099258
13.215,23.6214,-0.0928,0.3676343,F[B-]1(F)n2cccc2C=C2C(c3cccs3)=CC=[N+]21,1,[BH2-]1n2cccc2C=C2C(c3cccs3)=CC=[N+]12,0.8644081,0.5168,0.0324801,1.3149,0.0843153,274.104,0.7725877,4.3049,1.0,1.0,1.0,1.0,1.0,1.0,1.0,1.0,360,29.466722,-19.837778
41.8933,42.5077,-42.5077,0.0,C=CCN1C=C(c2cn(C)c3ccc(Br)cc23)C(c2ccccc2)C(S(=O)(=O)c2ccccc2)=C1,1,O=S(=O)(C1=CNC=C(c2c[nH]c3ccccc23)C1c1ccccc1)c1ccccc1,0.0,0.0,0.0,0.0,0.0,0.0,0.0,0.0,1.0,1.0,0.0,0.0,0.0,0.0,0.0,0.0,120,-19.251442,7.744153
28.1092,38.693,-6.5249,0.502627,O=S1(=O)C(=C2N=C(c3cccs3)c3ccccc32)C(=C(c2ccccc2)c2ccccc2)c2ccccc21,1,O=S1(=O)C(=C2N=C(c3cccs3)c3ccccc32)C(=C(c2ccccc2)c2ccccc2)c2ccccc21,0.5796389,-1.9767,0.0238289,0.9689,1.0,527.67,0.93576,2.8824,1.0,1.0,1.0,1.0,1.0,1.0,1.0,1.0,140,1.1840084,18.332573
17.1469,17.7108,-11.3202,0.0998545,CSC1=C(SC)SC(=C2SC=CSS2)S1,1,C1=CSC(=C2SC=CS2)SS1,0.0134488,-9.4954,0.0153054,0.4789,0.9331486,328.621,0.7494005,4.4296,1.0,1.0,1.0,1.0,1.0,1.0,1.0,1.0,60,10.30026,22.58071
44.1613,47.7204,-36.7273,0.1717677,Brc1ccc(N=C2C(=Cc3ccccc3)[S+]=C3[N-]N(c4ccc(-c5ccc(-c6ccccc6)cc5)cc4)C(=Nc4ccc(Br)cc4)N23)cc1,1,C(=C1[S+]=C2[N-]N(c3ccc(-c4ccc(-c5ccccc5)cc4)cc3)C(=Nc3ccccc3)N2C1=Nc1ccccc1)c1ccccc1,0.0501338,-7.2907,0.0147453,0.4378,0.8451188,781.577,0.8740271,3.6072,1.0,1.0,1.0,1.0,1.0,1.0,1.0,1.0,200,17.012941,8.859691
32.3328,42.9317,-23.6676,0.3010021,c1ccc(C2=C3C(=[N+]c4ccccc43)c3c(c4ccccc4c4ccccc34)[B-]2(c2ccccc2)c2ccccc2)cc1,1,c1ccc(C2=C3C(=[N+]c4ccccc43)c3c(c4ccccc4c4ccccc34)[B-]2(c2ccccc2)c2ccccc2)cc1,0.167344,-5.1132,0.022439,0.9022,1.0,544.486,0.8875328,3.4814,1.0,1.0,1.0,1.0,1.0,1.0,1.0,1.0,180,-17.371897,-9.497823
21.8223,23.3982,-19.0786,0.067494,C1=CC(c2ccccc2)C(c2ccccc2)c2cc3ccccc3cc21,1,C1=CC(c2ccccc2)C(c2ccccc2)c2cc3ccccc3cc21,0.0037413,-11.5951,0.0217033,0.8651,0.9520468,332.446,0.9329121,2.9278,1.0,1.0,1.0,1.0,1.0,1.0,1.0,1.0,80,-25.75729,6.232456
15.8486,25.2122,6.6328,0.4975769,CN1C(=O)c2ccccc2C1=C1C(=O)c2ccccc2C1=Cc1ccccc1,1,O=C1NC(=C2C(=O)c3ccccc3C2=Cc2ccccc2)c2ccccc21,0.5742148,-2.0129,0.0211598,0.837,0.997102,363.416,0.9624847,2.3293,1.0,1.0,1.0,1.0,1.0,1.0,1.0,1.0,180,-10.539716,7.09885
21.4638,22.1479,-21.805,0.0053575,O=C1OCc2ccccc2-c2ccc(Cl)cc21,1,O=C1OCc2ccccc2-c2ccccc21,6.68e-05,-18.1561,0.015312,0.4793,0.0060873,244.677,0.9736488,1.9729,1.0,1.0,1.0,1.0,1.0,1.0,1.0,1.0,80,-17.203255,11.620303
25.1403,25.8574,-24.1657,0.0264328,C[Si](C)(C)N(P1C2c3ccccc3-c3ccccc3C21c1ccccc1)[Si](C)(C)C,1,c1ccc(C23PC2c2ccccc2-c2ccccc23)cc1,0.0003969,-15.2542,0.018726,0.7016,0.9999985,445.695,0.8049651,4.1148,1.0,1.0,1.0,1.0,1.0,1.0,1.0,1.0,20,-10.323125,15.8306055
19.385,38.8897,-0.0368,0.607078,Cc1ccc(C2=[NH+]C(c3ccccc3)=[N+]3C2=C(c2cccnc2)c2cccn2[B-]3(F)F)cc1,1,[BH2-]1n2cccc2C(c2cccnc2)=C2C(c3ccccc3)=[NH+]C(c3ccccc3)=[N+]12,0.8746767,0.6643,0.0367009,1.4523,0.9999968,437.282,0.8598742,3.7272,1.0,1.0,1.0,1.0,1.0,1.0,1.0,1.0,300,25.118616,-6.7900715
19.6699,24.106,-13.7538,0.1617532,CN(C)Cc1ccccc1C=C1C(=O)c2ccccc2N(C)C1=O,1,O=C1Nc2ccccc2C(=O)C1=Cc1ccccc1,0.0406268,-7.6494,0.0134016,0.3325,0.8674011,320.392,0.9637483,2.2946,1.0,1.0,1.0,1.0,1.0,1.0,1.0,1.0,380,-11.637191,9.794255
18.0925,28.099,7.6264,0.5582102,O=[N+]1C(=Cc2c3ccccc3cc3ccccc23)c2ccccc2C1=[N+]([O-])[O-],1,[N+]=C1c2ccccc2C(=Cc2c3ccccc3cc3ccccc23)[N+]1=O,0.7475219,-0.7322,0.0253833,1.0393,0.997792,366.376,0.9278505,3.0042,1.0,1.0,1.0,1.0,1.0,1.0,1.0,1.0,300,-29.894146,-1.9443661
40.3264,42.2432,-24.8384,0.2719497,O=c1c2ccccc2cc(C=Nc2nccnc2C(F)(F)F)n1C(F)F,1,O=c1[nH]c(C=Nc2cnccn2)cc2ccccc12,0.1390274,-5.4696,0.0163045,0.5486,0.9981439,368.265,0.9190583,3.1259,1.0,1.0,1.0,1.0,1.0,1.0,1.0,1.0,260,-33.792076,-4.821889
40.0487,46.3317,-23.9174,0.3502236,Cc1oc2c(c1C(=O)OCc1ccccc1)-c1ccc(Br)cc1-c1cc(Br)ccc1C2=C1c2ccccc2-c2ccccc21,1,O=C(OCc1ccccc1)c1coc2c1-c1ccccc1-c1ccccc1C2=C1c2ccccc2-c2ccccc21,0.2669566,-4.1451,0.0150582,0.4609,0.999896,700.426,0.9351567,2.8922,1.0,1.0,1.0,1.0,1.0,1.0,1.0,1.0,220,-3.5779672,11.924099
28.9423,45.7377,-21.8277,0.3735942,O=C1C(=C2c3ccccc3C=Cc3cc4ccsc4cc32)c2ccccc2C1=C1c2ccccc2C(=O)c2ccccc21,1,O=C1C(=C2c3ccccc3C=Cc3cc4ccsc4cc32)c2ccccc2C1=C1c2ccccc2C(=O)c2ccccc21,0.3114012,-3.7924,0.0157287,0.5089,1.0,566.681,0.9309525,2.958,1.0,1.0,1.0,1.0,1.0,1.0,1.0,1.0,380,-7.573326,11.03356
30.5329,33.5107,-30.0606,0.0539071,O=S1(=O)CCC2(C(c3ccccc3)=Nc3ccccc3-c3ccccc32)c2ccccc21,1,O=S1(=O)CCC2(C(c3ccccc3)=Nc3ccccc3-c3ccccc32)c2ccccc21,0.0023409,-12.361,0.0171373,0.6036,0.9999962,435.548,0.8722715,3.6227,1.0,1.0,1.0,1.0,1.0,1.0,1.0,1.0,140,-8.205901,15.329327
11.003,29.247,-29.247,0.0,F[B-]1(F)n2cccc2C(c2ccc(Br)cc2)=C2C=C(Br)C(Cl)=[N+]21,1,[BH2-]1n2cccc2C(c2ccccc2)=C2C=CC=[N+]12,0.8248033,0.0231,0.0405824,1.5658,0.9999996,460.312,0.8484739,3.8167,1.0,1.0,1.0,1.0,1.0,1.0,1.0,1.0,300,22.746786,-9.208487
66.8046,72.2168,-52.785,0.3036212,Cc1ccc2c(c1)-c1cccc3cc-2c2cc4ccccc5ccc6cccc7c(c2)c(cc(C)cc2ccc(c13)c7c62)c54,1,c1ccc2c(c1)-c1cc3cccc-2c3c2ccc3cccc4c5cc1cc1ccccc(ccc6cccc5c2c63)c14,0.2326398,-4.4437,0.017923,0.6532,1.0,556.708,0.6510922,4.8904,1.0,1.0,1.0,1.0,1.0,1.0,1.0,1.0,100,-23.780813,-0.5951217
31.874,33.989,-33.4055,0.0091179,NOC(=O)C12OC(c3ccccc3)=NC1Oc1ccccc12,1,c1ccc(C2=NC3Oc4ccccc4C3O2)cc1,4.1e-05,-18.9528,0.0153306,0.4807,0.4152171,296.282,0.8435572,3.8535,1.0,1.0,1.0,1.0,1.0,1.0,1.0,1.0,80,-13.223867,16.022953
21.0837,19.6243,-19.6243,0.0,CC(=NO)c1ccc(N=Cc2ccco2)cc1,1,C(=Nc1ccccc1)c1ccco1,0.0,0.0,0.0,0.0,0.0,0.0,0.0,0.0,1.0,1.0,0.0,0.0,0.0,0.0,0.0,0.0,120,5.4832,28.656034
32.7334,48.8555,-48.8555,0.0,C=Cc1cc(-c2ccc[nH]2)c(=C2c3cccn3[B-](F)(F)n3cccc32)c2[n+]1[B-](F)(F)n1cccc1C=2c1ccncc1,1,[BH2-]1n2cccc2C(=c2c(-c3ccc[nH]3)cc[n+]3c2=C(c2ccncc2)c2cccn2[BH2-]3)c2cccn21,0.0,0.0,0.0,0.0,0.0,0.0,0.0,0.0,1.0,1.0,0.0,0.0,0.0,0.0,0.0,0.0,340,33.928314,-15.13767
19.7603,22.8256,3.5569,0.4122258,O=C(C1=CC(=C(c2ccccc2)c2ccccc2)c2ccccc21)c1ccccc1,1,O=C(C1=CC(=C(c2ccccc2)c2ccccc2)c2ccccc21)c1ccccc1,0.3548671,-3.4734,0.0210464,0.831,0.9995825,384.478,0.9676058,2.1807,1.0,1.0,1.0,1.0,1.0,1.0,1.0,1.0,100,0.018925676,19.501793
19.1802,20.0579,-19.5123,0.0085253,COC(=O)c1ccc(-c2nnnn2-c2ccccc2)cc1,1,c1ccc(-c2nnnn2-c2ccccc2)cc1,5.1e-05,-18.5963,0.0152974,0.4783,0.1399584,280.287,0.9771699,1.8292,1.0,1.0,1.0,1.0,1.0,1.0,1.0,1.0,60,-7.217777,-6.2576413
22.9157,41.9849,-7.3271,0.5415283,F[B-]1(F)n2c(Cl)c(Br)c(Br)c2C(c2cccnc2)=C2C=C(Cl)C=C(c3ccccc3)C(Cl)=[N+]21,1,[BH2-]1n2cccc2C(c2cccnc2)=C2C=CC=C(c3ccccc3)C=[N+]12,0.6790321,-1.2796,0.0336645,1.3551,0.9999998,632.326,0.8484454,3.8169,1.0,1.0,1.0,1.0,1.0,1.0,1.0,1.0,300,26.328121,-5.3566566
24.9587,28.0396,-22.981,0.0790405,Oc1ccc2ccc(-c3nc4ccccc4c4ccccc34)cc2c1,1,c1ccc2cc(-c3nc4ccccc4c4ccccc34)ccc2c1,0.0065175,-10.6865,0.0133273,0.3264,0.8775121,321.379,0.9744247,1.9429,1.0,1.0,1.0,1.0,1.0,1.0,1.0,1.0,180,-19.795437,-10.846545
37.3053,41.9495,-26.3957,0.2430286,O[P-](C1=CC=C(c2ccc(F)cc2)c2cccc[n+]2[B-]1(F)F)(c1ccccc1)c1ccccc1,1,[BH2-]1C([PH-](c2ccccc2)c2ccccc2)=CC=C(c2ccccc2)c2cccc[n+]21,0.0950028,-6.1709,0.0286164,1.1731,0.9999999,474.251,0.8297855,3.9521,1.0,1.0,1.0,1.0,1.0,1.0,1.0,1.0,180,11.316602,-3.1456826
45.8084,45.4363,-40.6853,0.0742352,[O-][S+](c1ccccc1)C(c1cccc2c(-c3ccccc3)cc(C(F)(F)F)cc12)N1CCCC1,1,c1ccc([SH+]C(c2cccc3c(-c4ccccc4)cccc23)N2CCCC2)cc1,0.0045862,-11.2621,0.0269588,1.1064,0.9999999,479.567,0.8726524,3.6193,1.0,1.0,1.0,1.0,1.0,1.0,1.0,1.0,160,1.0232954,-6.707763
21.8614,35.1702,-0.5313,0.5412315,Cc1ccccc1C1=[N+]([O-])C(c2c3ccccc3cc3ccccc23)c2ccccc21,1,c1ccc(C2=[NH+]C(c3c4ccccc4cc4ccccc34)c3ccccc32)cc1,0.6810561,-1.2645,0.0269159,1.1046,0.9998952,399.493,0.9226779,3.0773,1.0,1.0,1.0,1.0,1.0,1.0,1.0,1.0,380,-31.93279,-0.4509243
27.2023,39.3038,-4.465,0.5443569,Cc1ccccc1N1C(=O)C(=c2[nH]c3cccc4cccc2c43)C=C1c1ccccc1,1,O=C1C(=c2[nH]c3cccc4cccc2c43)C=C(c2ccccc2)N1c1ccccc1,0.6671436,-1.3676,0.028115,1.1533,0.9999043,400.481,0.9492509,2.6381,1.0,1.0,1.0,1.0,1.0,1.0,1.0,1.0,260,-14.537168,2.0012395
32.4459,29.1605,-24.48,0.0731337,Cc1cccc(C)c1[S+]([O-])c1cc2cccc(C)c2oc1=O,1,O=c1oc2ccccc2cc1[SH+]c1ccccc1,0.0052037,-11.0553,0.0239017,0.9723,0.757893,312.39,0.8734745,3.6121,1.0,1.0,1.0,1.0,1.0,1.0,1.0,1.0,240,-18.65456,3.2487547
27.3822,49.8622,-18.8694,0.4842627,F[B-]1(F)c2ccccc2C(=C2C(C3=C(c4ccccc4)c4cccn4[B-](F)(F)[N+]3=C3c4ccccc4-c4ccccc43)=C(c3cccs3)c3ccccc32)c2cccn21,1,[BH2-]1c2ccccc2C(=C2C(C3=C(c4ccccc4)c4cccn4[BH2-][N+]3=C3c4ccccc4-c4ccccc43)=C(c3cccs3)c3ccccc32)c2cccn21,0.7697852,-0.5341,0.0190234,0.7191,0.7061069,790.483,0.7717023,4.3099,1.0,1.0,1.0,1.0,1.0,1.0,1.0,1.0,400,19.141262,-10.049397
24.7505,36.483,-25.8223,0.1665734,FC(F)(F)C1=C(c2ccccc2)c2c(-c3ccccc3)[n-]c(-c3ccccc3)[n+]2C1(c1ccccc1)c1ccccc1,1,C1=C(c2ccccc2)c2c(-c3ccccc3)[n-]c(-c3ccccc3)[n+]2C1(c1ccccc1)c1ccccc1,0.0377647,-7.7732,0.0204284,0.798,1.0,554.615,0.9057175,3.2892,1.0,1.0,1.0,1.0,1.0,1.0,1.0,1.0,320,5.2939477,10.415744
30.4619,31.7264,-27.6073,0.064362,CC1c2cc3ccccc3cc2N(Cc2ccccc2)c2ccc3ccccc3c21,1,c1ccc(CN2c3cc4ccccc4cc3Cc3c2ccc2ccccc32)cc1,0.0038182,-11.5618,0.0122781,0.2362,0.9996203,385.51,0.9473312,2.6764,1.0,1.0,1.0,1.0,1.0,1.0,1.0,1.0,40,-24.072382,4.7138963
19.1515,17.0902,-17.0261,0.0010013,CC1OC(=O)C(c2ccccc2)C1c1ccccc1,1,O=C1OCC(c2ccccc2)C1c1ccccc1,8e-07,-25.3611,0.0104646,0.0607,0.012223,252.313,0.9266449,3.0217,1.0,1.0,1.0,1.0,1.0,1.0,1.0,1.0,80,-14.914275,17.08187
24.1773,46.0431,-8.3393,0.5891218,[O-][N+]1=C(Br)c2ccccc2C1=c1c[n+]2c(n1-c1ccccc1)=C(Cl)c1cccn1[B-]2(F)F,1,[BH2-]1n2cccc2C=c2n(-c3ccccc3)c(=C3[NH+]=Cc4ccccc43)c[n+]21,0.8622677,0.4873,0.033863,1.3617,1.0,513.538,0.8193169,4.0228,1.0,1.0,1.0,1.0,1.0,1.0,1.0,1.0,400,17.2102,-8.825446
31.2048,44.8803,-16.019,0.4509573,CN(N=C1OC(=Cc2ccc(Cl)cc2)C(=O)C1=O)c1c2ccccc2cc2ccccc12,1,O=C1C(=O)C(=NNc2c3ccccc3cc3ccccc23)OC1=Cc1ccccc1,0.507731,-2.4496,0.0150295,0.4588,0.9999977,440.886,0.934427,2.9039,1.0,1.0,1.0,1.0,1.0,1.0,1.0,1.0,240,-29.01215,-1.1402937
24.2658,27.7731,-22.99,0.0747361,O=C1CC2=C(c3ccc(Cl)cc3)c3ccccc3C2(O)c2ccccc21,1,O=C1CC2=C(c3ccccc3)c3ccccc3C2c2ccccc21,0.0054441,-10.9814,0.0141044,0.3888,0.9955831,358.824,0.9275876,3.008,1.0,1.0,1.0,1.0,1.0,1.0,1.0,1.0,100,5.254527,-1.7812093
46.5734,51.7032,-43.457,0.1288462,Cc1c[n+]2c3c(n1)[B-](F)(c1ccccc1C3)C1C=CC=CN12,1,C1=CC2[BH-]3c4ccccc4Cc4c3ncc[n+]4N2C=C1,0.0699506,-6.7139,0.0260356,1.0676,0.3065666,291.138,0.3212664,6.2309,1.0,1.0,1.0,1.0,1.0,1.0,1.0,1.0,80,16.631725,11.383982
18.5205,20.9333,-15.7194,0.081468,c1ccc(-c2ccc3c(ccc4cccc(-c5ccccc5)c43)c2)cc1,1,c1ccc(-c2ccc3c(ccc4cccc(-c5ccccc5)c43)c2)cc1,0.0062206,-10.763,0.0176744,0.6377,0.9428219,330.43,0.9787562,1.7573,1.0,1.0,1.0,1.0,1.0,1.0,1.0,1.0,140,3.4776149,5.567952
36.2729,41.4763,-31.0202,0.1633765,Cc1ccc2c(c1)C1=C(S(=O)(=O)c3ccccc3)CC=C1c1c(ccc3ccccc13)S2(=O)=O,1,O=S(=O)(C1=C2C(=CC1)c1c(ccc3ccccc13)S(=O)(=O)c1ccccc12)c1ccccc1,0.0365393,-7.829,0.0182238,0.6716,0.9999999,484.598,0.9282845,2.9978,1.0,1.0,1.0,1.0,1.0,1.0,1.0,1.0,120,-23.603745,1.0595734
24.9163,42.01,-9.2427,0.5119888,Cc1c(-c2ccccc2)c(Br)c2n1[B-](F)(F)C(c1ccccc1)=C1c3cccn3[B-](F)(F)[N+]1=C2Br,1,[BH2-]1C(c2ccccc2)=C2c3cccn3[BH2-][N+]2=Cc2cc(-c3ccccc3)cn21,0.6297736,-1.6348,0.0295364,1.2084,1.0,603.837,0.819364,4.0225,1.0,1.0,1.0,1.0,1.0,1.0,1.0,1.0,280,18.703873,-9.876212
30.0393,32.7143,-13.9339,0.2934437,O=C1C(=Cc2ccc(O)c(Cl)c2)C(=O)[N+](=O)N1[O-],1,O=C1N[N+](=O)C(=O)C1=Cc1ccccc1,0.5947669,-1.8751,0.0238022,0.9677,0.0526032,268.612,0.8972786,3.3822,1.0,1.0,1.0,1.0,1.0,1.0,1.0,1.0,180,-9.248947,-11.121439
22.0089,29.6072,-15.3659,0.2225198,O=c1c([N+](=O)[O-])cc([N+](=O)[O-])c(-c2ccccc2)c2ccccc12,1,O=c1cccc(-c2ccccc2)c2ccccc12,0.0879241,-6.3097,0.0145559,0.4235,0.8861188,322.276,0.966642,2.2104,1.0,1.0,1.0,1.0,1.0,1.0,1.0,1.0,180,-15.547158,-9.711189
34.4966,46.4139,-20.7985,0.4002406,O=C(C1=C(N=Cc2ccccc2O)N=C(Br)C1=Cc1ccc(Br)cc1)c1ccccc1,1,O=C(C1=C(N=Cc2ccccc2)N=CC1=Cc1ccccc1)c1ccccc1,0.3604735,-3.4337,0.017075,0.5996,1.0,536.223,0.9349321,2.8958,1.0,1.0,1.0,1.0,1.0,1.0,1.0,1.0,300,-9.631042,0.53405917
26.7381,28.7665,-27.0728,0.026464,O=C1CCC=CC2=CC=Cc3ccccc3C2O1,1,O=C1CCC=CC2=CC=Cc3ccccc3C2O1,0.0045474,-11.276,0.0271436,1.114,0.0033882,238.286,0.8876232,3.4805,1.0,1.0,1.0,1.0,1.0,1.0,1.0,1.0,60,-16.94972,15.334578
22.9607,24.5063,-24.5063,0.0,C(=C(c1ccccc1)c1ccc2ccccc2n1)c1cccs1,1,C(=C(c1ccccc1)c1ccc2ccccc2n1)c1cccs1,0.0,0.0,0.0,0.0,0.0,0.0,0.0,0.0,1.0,1.0,0.0,0.0,0.0,0.0,0.0,0.0,360,-4.80496,23.701069
31.1614,39.8961,-12.9012,0.4217952,COc1ccc(C=c2nc(-c3cccc4cc(OC)ccc34)c3c4cccc3c2=c2ccccc2=C4)cc1,1,C1=c2ccccc2=c2c(=Cc3ccccc3)nc(-c3cccc4ccccc34)c3c1cccc23,0.4298718,-2.9599,0.0197414,0.7601,1.0,491.59,0.8343403,3.9202,1.0,1.0,1.0,1.0,1.0,1.0,1.0,1.0,180,-16.474224,-4.506959
18.3394,31.1768,5.4033,0.5715652,F[B-]1(F)n2cccc2C(=C2C=CN(c3ccccc3)N=C2c2ccc[nH]2)c2cccn21,1,[BH2-]1n2cccc2C(=C2C=CN(c3ccccc3)N=C2c2ccc[nH]2)c2cccn21,0.8572962,0.4201,0.0275495,1.1306,0.9999676,412.232,0.8113525,4.0745,1.0,1.0,1.0,1.0,1.0,1.0,1.0,1.0,240,34.165546,-17.217588
31.579,38.5023,-7.6929,0.4813972,S=C1C(=C2C=CC(=[S+]c3c4ccccc4cc4ccccc34)c3ccccc32)Sc2ccccc21,1,S=C1C(=C2C=CC(=[S+]c3c4ccccc4cc4ccccc34)c3ccccc32)Sc2ccccc21,0.6200728,-1.7022,0.0147055,0.4348,1.0,499.705,0.9017683,3.3336,1.0,1.0,1.0,1.0,1.0,1.0,1.0,1.0,160,-30.914536,-1.2170397
49.7421,50.6137,-50.2635,0.0054716,COC(=O)C1c2ccccc2C2C(c3ccccc3N3C4Oc5ccccc5N(c5ccccc54)C23)C1C(=O)OC,1,c1ccc2c(c1)CCC1c3ccccc3N3C4Oc5ccccc5N(c5ccccc54)C3C21,1.07e-05,-21.1434,0.0107626,0.0915,1.0,544.607,0.6109892,5.0588,1.0,1.0,1.0,1.0,1.0,1.0,1.0,1.0,40,-19.883316,21.032118
29.1573,32.1808,-32.1808,0.0,C(=C=C(c1ccccc1)N(c1ccccc1)c1ccccc1)=C1C=CN(c2ccccc2)C(c2ccccc2)=C1c1ccccc1,1,C(=C=C(c1ccccc1)N(c1ccccc1)c1ccccc1)=C1C=CN(c2ccccc2)C(c2ccccc2)=C1c1ccccc1,0.0,0.0,0.0,0.0,0.0,0.0,0.0,0.0,1.0,1.0,0.0,0.0,0.0,0.0,0.0,0.0,220,6.037219,17.494068
26.1711,27.6658,-19.8477,0.1221568,C(=Nc1ccccc1)c1ccc2c(cnc3ccccc32)c1-c1ccccc1,1,C(=Nc1ccccc1)c1ccc2c(cnc3ccccc32)c1-c1ccccc1,0.0180951,-9.0044,0.0148213,0.4434,0.9954265,358.444,0.9656911,2.2388,1.0,1.0,1.0,1.0,1.0,1.0,1.0,1.0,220,-6.9673586,-3.7124996
9.9221,20.221,-20.221,0.0,Fc1ccc(C2=C3C=CC=[N+]3[B-](F)(F)n3cccc32)cc1,1,[BH2-]1n2cccc2C(c2ccccc2)=C2C=CC=[N+]12,0.8676417,0.5622,0.0384999,1.5063,0.2169617,286.065,0.8681705,3.6582,1.0,1.0,1.0,1.0,1.0,1.0,1.0,1.0,320,24.079573,-18.924288
27.1294,40.5968,-6.3693,0.5348059,O=[N+]1C(c2ccccc2)=[N+]2C(c3ccccc3)=CC=C2c2ncccc21,1,O=[N+]1C(c2ccccc2)=[N+]2C(c3ccccc3)=CC=C2c2ncccc21,0.6959407,-1.1514,0.025126,1.0279,0.969022,337.382,0.9033461,3.3161,1.0,1.0,1.0,1.0,1.0,1.0,1.0,1.0,240,8.625299,8.251942
28.5684,31.361,-19.854,0.1797962,O=C1C=C(c2cccc3ccccc23)NC(=O)C1=CNC(=O)c1ccccc1,1,O=C1C=C(c2cccc3ccccc23)NC(=O)C1=CNC(=O)c1ccccc1,0.0486074,-7.3437,0.014766,0.4393,0.9981655,368.392,0.9568328,2.4722,1.0,1.0,1.0,1.0,1.0,1.0,1.0,1.0,100,-21.018555,6.99675
19.4564,39.8293,-6.0942,0.5271111,Cc1c(Br)c(-c2ccccc2)c2n1[B-](F)(F)[N+]1=C(c3ccc(Cl)cc3)C(=C2c2ccccc2)[B-]1(F)F,1,[BH2-]1C2=C(c3ccccc3)c3c(-c4ccccc4)ccn3[BH2-][N+]1=C2c1ccccc1,0.7572668,-0.6471,0.0229382,0.9266,1.0,570.409,0.7852889,4.2329,1.0,1.0,1.0,1.0,1.0,1.0,1.0,1.0,380,17.549196,-2.8580287
24.2048,24.4557,-22.7702,0.026336,Cc1ccc(-c2cnc(-c3ccccn3)c(-c3ccccn3)c2)cc1,1,c1ccc(-c2cnc(-c3ccccn3)c(-c3ccccn3)c2)cc1,0.0003908,-15.2797,0.0141315,0.3909,0.8961468,323.399,0.9701533,2.0981,1.0,1.0,1.0,1.0,1.0,1.0,1.0,1.0,80,16.57446,-21.635445
13.4299,31.2995,7.6184,0.608092,F[B-]1(F)n2c(Cl)ccc2C(c2cccnc2)=C2C(Br)=CC(Cl)=[N+]21,1,[BH2-]1n2cccc2C(c2cccnc2)=C2C=CC=[N+]12,0.8735486,0.6476,0.041362,1.5874,0.9999788,416.849,0.8256391,3.9805,1.0,1.0,1.0,1.0,1.0,1.0,1.0,1.0,280,29.522146,-4.1321626
28.8977,28.5305,-22.9639,0.0869778,COc1ccc(C(=O)c2oc3cc(Br)ccc3c2C(=O)c2ccc(OC)cc2)cc1,1,O=C(c1ccccc1)c1oc2ccccc2c1C(=O)c1ccccc1,0.0078222,-10.3872,0.0136108,0.3496,0.9999998,465.299,0.966414,2.2172,1.0,1.0,1.0,1.0,1.0,1.0,1.0,1.0,40,-3.2428956,-23.906569
30.444,30.3916,-30.3916,0.0,C#Cc1ccc(-c2c(N(C)C)c(C#N)nc3ccccc23)cc1,1,c1ccc(-c2ccnc3ccccc23)cc1,0.0,0.0,0.0,0.0,0.0,0.0,0.0,0.0,1.0,1.0,0.0,0.0,0.0,0.0,0.0,0.0,20,-16.731604,-12.608281
54.2443,68.9279,-45.0708,0.3727676,Cc1ccccc1NC([O-])=C1C(=N[N+]#N)c2sc(Cl)cc2C2=C1c1cc(Cl)c(Cl)cc1C2=C1c2ccncc2-c2ncccc21,1,N=C1C(=CNc2ccccc2)C2=C(C(=C3c4ccncc4-c4ncccc43)c3ccccc32)c2ccsc21,0.32712,-3.6746,0.0173593,0.6178,0.9999964,663.977,0.8333255,3.9274,1.0,1.0,1.0,1.0,1.0,1.0,1.0,1.0,140,21.00982,10.711851
21.7487,34.1302,-14.8592,0.3011083,O=c1c(C2=C(F)C(F)(F)C(F)(F)C2(F)F)c(-c2ccco2)[s+]([O-])c2ccccc12,1,O=c1c(C2=CCCC2)c(-c2ccco2)[sH+]c2ccccc12,0.1931528,-4.8283,0.0206731,0.8112,0.9999965,436.304,0.7619949,4.3629,1.0,1.0,1.0,1.0,1.0,1.0,1.0,1.0,300,-4.6032104,-10.0743265
37.4773,39.5393,-39.5393,0.0,c1ccc(CCN(Cc2ccccc2)c2ccc(Sc3cnc4cc5ccccc5cc4n3)cc2)cc1,1,c1ccc(CCN(Cc2ccccc2)c2ccc(Sc3cnc4cc5ccccc5cc4n3)cc2)cc1,0.0,0.0,0.0,0.0,0.0,0.0,0.0,0.0,1.0,1.0,0.0,0.0,0.0,0.0,0.0,0.0,120,-26.747816,6.8725348
23.6404,27.6667,8.221,0.5607449,O=C(Nc1ccccc1C(F)F)c1c2ccccc2cc2ccccc12,1,O=C(Nc1ccccc1)c1c2ccccc2cc2ccccc12,0.6357968,-1.5926,0.040461,1.5624,0.9874125,347.364,0.9707283,2.0785,1.0,1.0,1.0,1.0,1.0,1.0,1.0,1.0,220,-30.583126,-4.8254623
24.7356,32.9456,-2.4632,0.4762883,C1=Cc2c1c1ccccc1c1c(-c3ccccc3)c3ccccc3c(-c3ccccc3)c21,1,C1=Cc2c1c1ccccc1c1c(-c3ccccc3)c3ccccc3c(-c3ccccc3)c21,0.5270752,-2.3234,0.0191254,0.725,0.999934,404.512,0.9680763,2.166,1.0,1.0,1.0,1.0,1.0,1.0,1.0,1.0,100,-16.673445,-9.356478
16.6386,20.5063,-20.5063,0.0,c1ccc(-c2c3ccccc3cc3cc4ccccc4cc23)cc1,1,c1ccc(-c2c3ccccc3cc3cc4ccccc4cc23)cc1,0.73225,-0.8615,0.0351881,1.4049,0.5997727,304.392,0.9785851,1.7653,1.0,1.0,1.0,1.0,1.0,1.0,1.0,1.0,280,-25.386086,-3.2280731
18.5491,18.4746,-17.5081,0.0151015,O=C(c1ccccc1)C1OC1c1ccc(F)cc1,1,O=C(c1ccccc1)C1OC1c1ccccc1,0.0010567,-13.6585,0.014822,0.4435,0.0048735,242.249,0.9519022,2.5829,1.0,1.0,1.0,1.0,1.0,1.0,1.0,1.0,60,-3.5254426,26.109022
32.425,41.2308,-15.6763,0.3992893,O=C1C(=C2C(=Nc3c4ccccc4cc4ccccc34)CC2c2ccccc2)C(=Nc2ccccc2)c2ccccc21,1,O=C1C(=C2C(=Nc3c4ccccc4cc4ccccc34)CC2c2ccccc2)C(=Nc2ccccc2)c2ccccc21,0.3596526,-3.4395,0.0185928,0.6937,1.0,538.65,0.8992139,3.3615,1.0,1.0,1.0,1.0,1.0,1.0,1.0,1.0,160,-28.136688,-2.274286
17.1696,30.7562,4.2156,0.5464342,Cc1ccc(C2=C3c4ccccc4C(=O)N3[B-](F)(F)n3c2cc(Cl)c3Cl)cc1,1,O=C1c2ccccc2C2=C(c3ccccc3)c3cccn3[BH2-]N12,0.6347208,-1.6002,0.0381393,1.4957,0.9999772,416.043,0.9077663,3.2656,1.0,1.0,1.0,1.0,1.0,1.0,1.0,1.0,340,16.295382,1.0625266
37.2376,44.3056,-25.8305,0.288673,O=C1C=C(Cl)C(=C2C(c3ccccc3)=[S+]C(c3ccccc3)=C2[S+]([O-])c2ccc(Br)cc2)c2ccccc21,1,O=C1C=CC(=C2C(c3ccccc3)=[S+]C(c3ccccc3)=C2[SH+]c2ccccc2)c2ccccc21,0.1715252,-5.0648,0.0177301,0.6412,0.9999999,614.993,0.8226778,4.0004,1.0,1.0,1.0,1.0,1.0,1.0,1.0,1.0,320,1.1261415,11.62474
32.9767,36.0382,-36.0382,0.0,COc1ccc2c3c(cnc2c1)-c1c(cc(C)cc1C(C)C)C3=O,1,O=C1c2ccccc2-c2cnc3ccccc3c21,0.0,0.0,0.0,0.0,0.0,0.0,0.0,0.0,1.0,1.0,0.0,0.0,0.0,0.0,0.0,0.0,160,-9.370095,-6.8118753
26.8329,35.8398,-10.0778,0.4025311,CC1=C(C#N)C(=C2C(=O)N(c3ccccc3)c3ccccc32)NC(=O)C1,1,O=C1CC=CC(=C2C(=O)N(c3ccccc3)c3ccccc32)N1,0.3086493,-3.8134,0.0298831,1.2215,0.9783385,341.37,0.9442124,2.7358,1.0,1.0,1.0,1.0,1.0,1.0,1.0,1.0,220,-11.55306,10.945244
34.129,37.1288,-28.8565,0.1292534,Cc1cc(-c2nsc3c2sc2ccsc23)c(-c2ccncc2)s1,1,c1cc(-c2sccc2-c2nsc3c2sc2ccsc23)ccn1,0.0200467,-8.8344,0.0194045,0.741,0.9984955,370.549,0.9127101,3.2064,1.0,1.0,1.0,1.0,1.0,1.0,1.0,1.0,160,13.328728,-22.543104
13.1447,24.3725,-5.3061,0.2979132,c1ccc(C2=NC(c3ccccc3)=C3C2=C(c2ccccc2)c2ccccc23)cc1,1,c1ccc(C2=NC(c3ccccc3)=C3C2=C(c2ccccc2)c2ccccc23)cc1,0.162367,-5.1721,0.0183479,0.6791,0.9994497,381.478,0.9672922,2.1905,1.0,1.0,1.0,1.0,1.0,1.0,1.0,1.0,340,4.0927596,12.303199
46.2108,44.9255,-33.4267,0.17967,O=C(Nc1c[nH]c2ccccc12)c1ccccc1C1=NN(c2ccccn2)C2CC12,1,O=C(Nc1c[nH]c2ccccc12)c1ccccc1C1=NN(c2ccccn2)C2CC12,0.04528,-7.4649,0.0215471,0.8571,0.9998173,393.45,0.8990498,3.3632,1.0,1.0,1.0,1.0,1.0,1.0,1.0,1.0,180,-25.963686,-13.527014
51.6565,60.1675,-31.75,0.4440223,N#Cc1ccccc1C1=c2cc(Br)ccc2=CC1=c1c2c(c3cccn13)=C(c1ccccc1)C(=O)[S+]=2,1,O=C1[S+]=c2c(c3cccn3c2=C2C=c3ccccc3=C2c2ccccc2)=C1c1ccccc1,0.4782993,-2.6415,0.0191876,0.7286,1.0,544.453,0.8701966,3.6408,1.0,1.0,1.0,1.0,1.0,1.0,1.0,1.0,220,6.747749,1.5341859
10.489,28.1773,8.3731,0.571101,F[B-]1(F)C2=C(c3cccs3)c3cccn3[B-](F)(F)C2=C(c2ccco2)c2cccn21,1,[BH2-]1C2=C(c3cccs3)c3cccn3[BH2-]C2=C(c2ccco2)c2cccn21,0.8286833,0.0672,0.0335299,1.3506,0.9999909,426.012,0.7817662,4.2532,1.0,1.0,1.0,1.0,1.0,1.0,1.0,1.0,400,32.319874,-13.71465
28.7675,30.298,-28.2517,0.0319731,COc1cc2c(C)cc([N+](=O)[O-])cc2cc1N,1,c1ccc2ccccc2c1,0.0109652,-9.832,0.0137595,0.3615,0.0019441,232.239,0.9662682,2.2216,1.0,1.0,1.0,1.0,1.0,1.0,1.0,1.0,320,-9.163232,-17.52607
44.1225,49.9517,-49.9517,0.0,COC(=O)C1=C2C(C(=NNC(=O)c3ccccc3)C(Nc3ccccc3)=C(Nc3ccccc3)N2c2ccccc2)N(C(C)=O)C1=O,1,O=C1C=C2C(N1)C(=NNC(=O)c1ccccc1)C(Nc1ccccc1)=C(Nc1ccccc1)N2c1ccccc1,0.0,0.0,0.0,0.0,0.0,0.0,0.0,0.0,1.0,1.0,0.0,0.0,0.0,0.0,0.0,0.0,240,-6.453982,18.395256
21.1653,25.9322,4.2802,0.4720685,c1ccc(C2(c3ccccc3)C(c3c4ccccc4cc4ccccc34)=Nc3ccccc32)cc1,1,c1ccc(C2(c3ccccc3)C(c3c4ccccc4cc4ccccc34)=Nc3ccccc32)cc1,0.4571688,-2.7797,0.0290377,1.1894,0.9999985,445.565,0.9570459,2.4672,1.0,1.0,1.0,1.0,1.0,1.0,1.0,1.0,60,-26.413235,-7.9380765
20.868,32.1473,1.9457,0.5327039,O=[N+]([O-])c1ccc(C=C2C=C(c3ccccc3)N(Cc3ccccc3)C2=Nc2ccccc2)cc1,1,C(=C1C=C(c2ccccc2)N(Cc2ccccc2)C1=Nc1ccccc1)c1ccccc1,0.6829907,-1.25,0.0216326,0.8615,0.9999995,457.533,0.951964,2.5816,1.0,1.0,1.0,1.0,1.0,1.0,1.0,1.0,180,-7.593128,-12.841711
40.608,40.5831,-25.9066,0.2293191,COc1ccc(-c2cc3c(c4cccn24)C(C(=O)c2ccccc2)C2CC32)cc1,1,O=C(c1ccccc1)C1c2c(cc(-c3ccccc3)n3cccc23)C2CC21,0.0935328,-6.199,0.0159111,0.5217,0.9993373,379.459,0.8844878,3.5109,1.0,1.0,1.0,1.0,1.0,1.0,1.0,1.0,160,7.93612,-9.645339
27.1408,32.2573,1.5627,0.5284379,O=C1c2ccccc2C2=CC3=C(c4ccccn4)c4ccccc4C3N12,1,O=C1c2ccccc2C2=CC3=C(c4ccccn4)c4ccccc4C3N12,0.6251014,-1.6674,0.0316197,1.2848,0.9595473,334.378,0.9160552,3.1647,1.0,1.0,1.0,1.0,1.0,1.0,1.0,1.0,380,6.3735876,-5.6251025
16.3423,34.7163,3.2196,0.5927483,F[B-]1(F)n2cccc2C(c2cc3ccccc3o2)=C2C(c3ccccc3)=C(Cl)C(c3ccccc3)=[N+]21,1,[BH2-]1n2cccc2C(c2cc3ccccc3o2)=C2C(c3ccccc3)=CC(c3ccccc3)=[N+]12,0.8343188,0.1327,0.0317043,1.2878,1.0,494.737,0.895969,3.396,1.0,1.0,1.0,1.0,1.0,1.0,1.0,1.0,400,17.109795,-7.436032
15.1491,31.7964,-31.7964,0.0,F[B-]1(F)n2cccc2C(c2cccnc2)=C2C(Br)=CC(c3ccccc3)=[N+]21,1,[BH2-]1n2cccc2C(c2cccnc2)=C2C=CC(c3ccccc3)=[N+]12,0.8899863,0.9048,0.0375238,1.4773,0.9999891,424.057,0.8753189,3.5957,1.0,1.0,1.0,1.0,1.0,1.0,1.0,1.0,300,25.36788,-6.894214
19.4501,29.8299,-29.8299,0.0,F[B-]1(F)n2c(Cl)ccc2C(c2cccnc2)=C2c3ccccc3C(c3ccccc3)=[N+]21,1,[BH2-]1n2cccc2C(c2cccnc2)=C2c3ccccc3C(c3ccccc3)=[N+]12,0.8044806,-0.1963,0.0369383,1.4596,0.9999935,429.666,0.9049751,3.2977,1.0,1.0,1.0,1.0,1.0,1.0,1.0,1.0,340,13.365925,-4.0204806
18.5698,18.2723,-18.2723,0.0,CC(=O)NC(=Cc1ccccc1)c1ccccc1,1,C(=Cc1ccccc1)c1ccccc1,0.0,0.0,0.0,0.0,0.0,0.0,0.0,0.0,1.0,1.0,0.0,0.0,0.0,0.0,0.0,0.0,20,-4.2936244,27.328169
19.6516,38.6256,-7.0882,0.4927716,OC12C(=C(c3ccccn3)c3cccn3[B-]1(F)F)C(c1ccccc1)=C(Cl)c1ccccc12,1,[BH2-]1C2C(=C(c3ccccn3)c3cccn31)C(c1ccccc1)=Cc1ccccc12,0.543819,-2.2138,0.0325475,1.3172,0.9999995,457.696,0.8406846,3.8747,1.0,1.0,1.0,1.0,1.0,1.0,1.0,1.0,400,19.770475,-15.687443
32.122,40.4215,-9.0574,0.4900647,NN=C1C(=C2Nc3ccccc3C2=O)C(c2ccccc2)=C(c2ccccc2)N1c1ccc(Br)cc1,1,N=C1C(=C2Nc3ccccc3C2=O)C(c2ccccc2)=C(c2ccccc2)N1c1ccccc1,0.5305542,-2.3007,0.0256587,1.0513,1.0,533.429,0.9375483,2.853,1.0,1.0,1.0,1.0,1.0,1.0,1.0,1.0,320,0.8775044,11.779551
37.759,38.8632,-38.8632,0.0,CC(=O)Nc1cc2c(s1)C(c1ccccc1)N(c1ccccc1)c1c(sc3ccccc13)N2c1ccccc1,1,c1ccc(C2c3sccc3N(c3ccccc3)c3sc4ccccc4c3N2c2ccccc2)cc1,0.0,0.0,0.0,0.0,0.0,0.0,0.0,0.0,1.0,1.0,0.0,0.0,0.0,0.0,0.0,0.0,140,-2.2702994,19.34301
22.5866,48.3886,-12.8509,0.5552763,COc1ccc(C2=C3c4cccn4[B-](F)(F)[N+]3=C(c3cccc(F)c3)[B-](F)(F)n3cc(Cl)cc32)cc1Cl,1,[BH2-]1C(c2ccccc2)=[N+]2[BH2-]n3cccc3C2=C(c2ccccc2)c2cccn21,0.7319007,-0.8644,0.0361889,1.4365,1.0,548.924,0.8121984,4.0691,1.0,1.0,1.0,1.0,1.0,1.0,1.0,1.0,340,23.461027,-3.8364987
37.8335,41.3452,-20.399,0.3272849,Nc1c(-c2ccccc2)c(Sc2ccccc2)n2c(=O)c(-c3ccccc3)cc(=O)c3ccc1c32,1,O=c1cc(-c2ccccc2)c(=O)n2c(Sc3ccccc3)c(-c3ccccc3)cc3ccc1c32,0.2175837,-4.5843,0.0161458,0.5378,0.9999999,472.569,0.9486749,2.6497,1.0,1.0,1.0,1.0,1.0,1.0,1.0,1.0,240,-4.733519,-4.88433
21.7765,21.2895,-20.9293,0.0056284,Brc1cnn(Cc2ccccc2)c1-c1ccccc1,1,c1ccc(Cn2nccc2-c2ccccc2)cc1,8.8e-06,-21.4604,0.0116914,0.1824,0.7712849,313.198,0.9766826,1.8503,1.0,1.0,1.0,1.0,1.0,1.0,1.0,1.0,220,1.233126,2.2546928
21.4707,21.1582,-19.6773,0.0231397,O=C1Oc2c(ccc3ccccc23)C1c1ccccc1,1,O=C1Oc2c(ccc3ccccc23)C1c1ccccc1,0.0012087,-13.4393,0.0271911,1.116,0.0251545,260.292,0.9576572,2.4525,1.0,1.0,1.0,1.0,1.0,1.0,1.0,1.0,60,-21.640408,6.0116663
32.0174,46.2713,-10.9943,0.5512034,COC(=O)c1ccc(C2=C3C=C(c4cccnc4Br)C(c4ccc(Br)o4)=C3[B-](F)(F)n3cccc32)cc1,1,[BH2-]1C2=C(c3ccco3)C(c3cccnc3)=CC2=C(c2ccccc2)c2cccn21,0.7499261,-0.7114,0.0273382,1.122,0.9999999,625.052,0.8592061,3.7326,1.0,1.0,1.0,1.0,1.0,1.0,1.0,1.0,360,27.23099,-12.924531
19.1614,21.1935,-11.7216,0.1479985,Brc1cccc(C=Nc2ccccc2N=Cc2ccccc2)c1,1,C(=Nc1ccccc1N=Cc1ccccc1)c1ccccc1,0.0310475,-8.1035,0.0125136,0.2571,0.9970596,363.258,0.9638913,2.2906,1.0,1.0,1.0,1.0,1.0,1.0,1.0,1.0,280,-3.3557322,-17.39775
24.6035,30.5054,-14.5294,0.2496247,Clc1ccc(C=NN=C2c3ccc4ccccc4c3-c3cccc4cccc2c34)cc1,1,C(=NN=C1c2ccc3ccccc3c2-c2cccc3cccc1c23)c1ccccc1,0.1156112,-5.8137,0.0131655,0.313,0.999979,416.911,0.9580289,2.4435,1.0,1.0,1.0,1.0,1.0,1.0,1.0,1.0,80,-19.550655,1.0409875
20.9425,23.813,-7.2768,0.2583782,O=C1OC(=Cc2ccc(Cl)cc2F)C(=O)c2ccccc21,1,O=C1OC(=Cc2ccccc2)C(=O)c2ccccc21,0.1538732,-5.276,0.016065,0.5323,0.561579,302.688,0.9663487,2.2192,1.0,1.0,1.0,1.0,1.0,1.0,1.0,1.0,300,-9.918617,3.402085
14.9171,30.5285,0.361,0.4826497,F[B-]1(F)C(=[O+]c2ccccc2)n2cccc2C(=C2c3ccccc3-c3ccccc32)c2cccn21,1,[BH2-]1C(=[O+]c2ccccc2)n2cccc2C(=C2c3ccccc3-c3ccccc32)c2cccn21,0.5740276,-2.0142,0.0214713,0.8532,0.9999996,460.292,0.8642312,3.6914,1.0,1.0,1.0,1.0,1.0,1.0,1.0,1.0,320,-2.2795622,14.361759
20.3194,28.1875,-13.5756,0.2283112,O=C1C(Cl)=C(Cl)C2(O)C=C(Cl)c3ccccc3C2=C1Cl,1,O=C1C=CC2C=Cc3ccccc3C2=C1,0.1005249,-6.0689,0.0132066,0.3164,0.9881331,348.012,0.8609523,3.7184,1.0,1.0,1.0,1.0,1.0,1.0,1.0,1.0,260,19.2891,12.241746
23.7517,35.9957,-19.5815,0.2564719,C1=C(c2ccc(C3=C(c4ccccc4)C(c4ccccc4)=C(c4ccccc4)C3=C3c4ccccc4-c4ccccc43)cc2)c2cccc3cc4ccccc4c1c23,1,C1=C(c2ccc(C3=C(c4ccccc4)C(c4ccccc4)=C(c4ccccc4)C3=C3c4ccccc4-c4ccccc43)cc2)c2cccc3cc4ccccc4c1c23,0.119052,-5.7596,0.0161255,0.5364,0.9979292,732.926,0.9309121,2.9586,1.0,1.0,1.0,1.0,1.0,1.0,1.0,1.0,220,0.25002664,13.00766
34.1963,38.3799,-11.6949,0.4169528,O=C1c2ccccc2-c2c(NC3=NN(c4ccccc4)C(=O)C3)ccc(Nc3ccccc3)c21,1,O=C1c2ccccc2-c2c(NC3=NN(c4ccccc4)C(=O)C3)ccc(Nc3ccccc3)c21,0.3904719,-3.2253,0.0175627,0.6307,0.9999983,444.494,0.9536394,2.5452,1.0,1.0,1.0,1.0,1.0,1.0,1.0,1.0,160,-6.579076,4.896476
28.4906,26.9551,-22.8956,0.0634294,CN(C)c1cccc(C(=O)OC2c3ccccc3C=Cc3ccccc32)c1,1,O=C(OC1c2ccccc2C=Cc2ccccc21)c1ccccc1,0.0033017,-11.7994,0.0169912,0.5942,0.9939759,355.437,0.9609255,2.3707,1.0,1.0,1.0,1.0,1.0,1.0,1.0,1.0,160,-15.425896,11.566578
51.2668,57.4134,-42.3074,0.2360302,[O-]C1=[S+]C(C2c3ccccc3-c3ccccc32)=C([O-])C1=[S+]Cc1ccc2ccccc2c1C1=c2ccccc2=[S+]CS1,1,C1=[S+]C(C2c3ccccc3-c3ccccc32)=CC1=[S+]Cc1ccc2ccccc2c1C1=c2ccccc2=[S+]CS1,0.1239575,-5.6847,0.0114764,0.162,0.9999999,615.846,0.7684515,4.3278,1.0,1.0,1.0,1.0,1.0,1.0,1.0,1.0,80,-24.156006,10.405185
50.3611,54.8118,-32.9874,0.3410073,Oc1ccc2c(O)c(-c3c4ccccc4cc4ccccc34)c3ccccc3c2c1-c1ccc2oc3ccc4cc5ccccc5nc4c3c2c1,1,c1ccc2nc3c(ccc4oc5ccc(-c6cccc7cc(-c8c9ccccc9cc9ccccc89)c8ccccc8c67)cc5c43)cc2c1,0.2469784,-4.3156,0.0160427,0.5308,0.9999986,653.737,0.9237467,3.0626,1.0,1.0,1.0,1.0,1.0,1.0,1.0,1.0,60,-27.694666,-8.028847
20.3299,23.0014,-20.246,0.0430536,Brc1ccc(-c2nnc3c4ccccc4ccn23)cc1,1,c1ccc(-c2nnc3c4ccccc4ccn23)cc1,0.0013909,-13.2104,0.0129596,0.2956,0.9026614,324.181,0.9718623,2.0388,1.0,1.0,1.0,1.0,1.0,1.0,1.0,1.0,160,-1.0205557,-11.020644
25.8521,24.6429,-24.3167,0.005097,O=C1CS(=O)(=O)C2CC3CCCC132,1,O=C1CS(=O)(=O)C2CC3CCCC132,0.0003628,-15.4006,0.0635073,2.0783,0.0001024,200.259,0.6014783,5.0978,1.0,1.0,1.0,1.0,1.0,1.0,1.0,1.0,80,-25.729565,24.768858
24.3903,26.8022,-11.4413,0.2400149,Cc1ccc(N=Nc2cccc(-c3cnc4ccccc4n3)n2)cc1,1,c1ccc(N=Nc2cccc(-c3cnc4ccccc4n3)n2)cc1,0.1023551,-6.0362,0.0162918,0.5478,0.9119053,325.375,0.956942,2.4696,1.0,1.0,1.0,1.0,1.0,1.0,1.0,1.0,60,-17.600706,-14.123874
24.2011,33.5303,-3.4011,0.4707694,NN=C1C(=C2c3ccccc3-c3ncccc32)c2ccccc2-c2ccccc21,1,N=C1C(=C2c3ccccc3-c3ncccc32)c2ccccc2-c2ccccc21,0.5384606,-2.249,0.0169379,0.5907,0.9986143,371.443,0.9518843,2.5833,1.0,1.0,1.0,1.0,1.0,1.0,1.0,1.0,280,-4.04621,14.153142
29.6556,37.1469,-11.2698,0.4043285,O=C1C(=C2c3ccccc3-c3ccccc32)c2ccccc2N1C(=O)N(Cc1ccccc1)S(=O)(=O)c1ccccc1,1,O=C1C(=C2c3ccccc3-c3ccccc32)c2ccccc2N1C(=O)N(Cc1ccccc1)S(=O)(=O)c1ccccc1,0.347244,-3.5279,0.0203176,0.792,1.0,568.654,0.9467807,2.6871,1.0,1.0,1.0,1.0,1.0,1.0,1.0,1.0,240,-4.4460773,12.184515
36.2697,39.4269,-21.117,0.2860924,CC1=NC(=C[B-](c2cc(F)cc(F)c2F)(c2c(F)c(F)c(F)c(F)c2F)c2c(F)c(F)c(F)c(F)c2F)C=CN1c1ccccc1,1,C1=CN(c2ccccc2)C=NC1=C[B-](c1ccccc1)(c1ccccc1)c1ccccc1,0.1509874,-5.3124,0.0255305,1.0457,0.9999977,659.234,0.8147511,4.0526,1.0,1.0,1.0,1.0,1.0,1.0,1.0,1.0,100,18.558819,18.10812
25.0567,27.0384,-26.0123,0.016032,OC1C(Br)=CC=CCC=C1Br,1,C1=CCC=CCC=C1,0.0002309,-16.1366,0.0387461,1.5135,0.1363617,279.959,0.7724061,4.306,1.0,1.0,1.0,1.0,1.0,1.0,1.0,1.0,240,4.7238812,-27.63423
13.927,24.3368,-0.3878,0.3742031,O=C1C(C2=CC(=O)c3ccccc3C2=O)=C(c2ccccc2)C(c2ccccc2)=C1c1ccccc1,1,O=C1C(C2=CC(=O)c3ccccc3C2=O)=C(c2ccccc2)C(c2ccccc2)=C1c1ccccc1,0.3031569,-3.8555,0.0160058,0.5282,0.9999998,464.52,0.9624441,2.3304,1.0,1.0,1.0,1.0,1.0,1.0,1.0,1.0,260,5.5320263,12.315627
21.1063,23.0703,-9.4928,0.2121483,c1ccc(C2=C(c3ccccc3)c3ccc4ccccc4c3[SiH2]2)cc1,1,c1ccc(C2=C(c3ccccc3)c3ccc4ccccc4c3[SiH2]2)cc1,0.070317,-6.7048,0.0187449,0.7028,0.95996,334.494,0.9511023,2.5999,1.0,1.0,1.0,1.0,1.0,1.0,1.0,1.0,60,5.7710752,7.339498
15.5699,39.2033,-2.2074,0.5780607,F[B-]1(F)C2=C(c3cccnc3)c3cc(Cl)c(Br)n3[B-](F)(F)C2=C(c2cccnc2)c2cccn21,1,[BH2-]1C2=C(c3cccnc3)c3cccn3[BH2-]C2=C(c2cccnc2)c2cccn21,0.842883,0.2358,0.0340015,1.3663,1.0,545.339,0.7914362,4.1969,1.0,1.0,1.0,1.0,1.0,1.0,1.0,1.0,340,31.583263,-10.718264
55.9576,57.0649,-56.7744,0.0045394,COC(=O)C1([N+]#[N+][N-2])CC2(c3cc(-c4c(F)cccc4F)c[nH]3)C(OCc3ccccc3)CC1C2F,1,c1ccc(COC2CC3CCC2(c2cc(-c4ccccc4)c[nH]2)C3)cc1,8.3e-06,-21.5586,0.0112667,0.1418,1.0,496.489,0.451191,5.6914,1.0,1.0,1.0,1.0,1.0,1.0,1.0,1.0,40,-14.628501,23.479692
44.9094,46.1783,-45.4273,0.0117341,CC1=CC2(C)C=CC3CC4CCC5C(=O)CCCC45CC3(C)C2OC1=O,1,O=C1C=CC2C=CC3CC4CCC5C(=O)CCCC45CC3C2O1,8.85e-05,-17.6996,0.0125517,0.2605,0.9934304,354.49,0.4577791,5.6654,1.0,1.0,1.0,1.0,1.0,1.0,1.0,1.0,60,-23.004734,23.024576
17.6935,34.9723,2.077,0.5788947,[O-][N+]1=C(c2ccc(F)cc2)c2ccccc2C1=C1c2ccccc2-c2cc(F)ccc21,1,c1ccc(C2=[NH+]C(=C3c4ccccc4-c4ccccc43)c3ccccc32)cc1,0.8119442,-0.1179,0.0248684,1.0165,0.9999495,407.419,0.9461257,2.6997,1.0,1.0,1.0,1.0,1.0,1.0,1.0,1.0,380,10.001568,-2.2925887
24.2792,25.6765,-16.8719,0.1375727,O=C1OC(F)(F)N(c2ccccc2)C1=Cc1ccccc1,1,O=C1OCN(c2ccccc2)C1=Cc1ccccc1,0.0359454,-7.8567,0.0381827,1.4969,0.2363248,287.265,0.9505369,2.6117,1.0,1.0,1.0,1.0,1.0,1.0,1.0,1.0,300,-2.2189627,1.681045
18.6097,28.7247,-12.1724,0.2586308,O=[N+]([O-])c1cccc(-c2c3nc(c4ccccc24)C=C3)c1,1,C1=Cc2nc1c(-c1ccccc1)c1ccccc21,0.3693849,-3.3711,0.0185228,0.6896,0.085568,274.279,0.9070953,3.2734,1.0,1.0,1.0,1.0,1.0,1.0,1.0,1.0,280,-18.52922,-7.6920047
18.3266,22.1537,4.8065,0.4212541,C(=C1C=C(c2ccccc2)c2ccccc21)c1ccc(-c2ccccc2)cc1,1,C(=C1C=C(c2ccccc2)c2ccccc21)c1ccc(-c2ccccc2)cc1,0.3884887,-3.2388,0.0186632,0.6979,0.9945186,356.468,0.9723918,2.0197,1.0,1.0,1.0,1.0,1.0,1.0,1.0,1.0,160,1.4897,8.63905
17.7684,19.187,-17.6023,0.0247617,O=c1o[n-][n+](-c2ccccc2)[n+]1-c1ccccc1,1,O=c1o[n-][n+](-c2ccccc2)[n+]1-c1ccccc1,0.0038864,-11.5329,0.0208542,0.8209,0.0040543,240.242,0.8722436,3.6229,1.0,1.0,1.0,1.0,1.0,1.0,1.0,1.0,180,14.118562,9.668429
38.4335,51.707,-27.8525,0.372727,F[B-]1(F)n2cccc2C(c2ccccc2)=C2C(c3ccccc3)=P(c3ccccc3)=C3C(c4ccccc4)=[SH][NH2+]C231,1,[BH2-]1n2cccc2C(c2ccccc2)=C2C(c3ccccc3)=P(c3ccccc3)=C3C(c4ccccc4)=[SH][NH2+]C123,0.3706506,-3.3622,0.0293571,1.2016,1.0,574.445,0.5739192,5.2089,1.0,1.0,1.0,1.0,1.0,1.0,1.0,1.0,220,17.303629,-6.1239514
49.3307,49.7799,-49.7799,0.0,COc1ccccc1C1=[S+]C(=C2Sc3ccc(C(C)(C)C)cc3S2)C2=C(OCCS2)C1=O,1,O=C1C(c2ccccc2)=[S+]C(=C2Sc3ccccc3S2)C2=C1OCCS2,0.0,0.0,0.0,0.0,0.0,0.0,0.0,0.0,1.0,1.0,0.0,0.0,0.0,0.0,0.0,0.0,20,3.1676672,-17.202011
31.1596,36.1049,-15.7447,0.3181282,Brc1ccc(C2=C(c3ccccc3)N(c3ccc(Br)cc3)C(=Cc3ccccc3)c3cc4ccccc4cc32)cc1,1,C(=C1c2cc3ccccc3cc2C(c2ccccc2)=C(c2ccccc2)N1c1ccccc1)c1ccccc1,0.1982089,-4.776,0.0173341,0.6162,0.9999983,655.433,0.9479101,2.665,1.0,1.0,1.0,1.0,1.0,1.0,1.0,1.0,320,16.9849,8.853881
16.2156,33.0242,-0.2844,0.5115606,F[B-]1(F)C2=C(Br)C(Br)=C(Br)C2=C(c2cccnc2)c2c(Br)c(Br)cn21,1,[BH2-]1C2=CC=CC2=C(c2cccnc2)c2cccn21,0.6559767,-1.4489,0.0277226,1.1376,0.9999971,661.547,0.7948271,4.1767,1.0,1.0,1.0,1.0,1.0,1.0,1.0,1.0,400,30.892012,-4.094627
33.1119,32.5201,-32.0712,0.0070138,Cc1cccc(N2CCCC3(C2)C(=O)N(Cc2ccccc2)c2ccccc23)c1,1,O=C1N(Cc2ccccc2)c2ccccc2C12CCCN(c1ccccc1)C2,1.44e-05,-20.652,0.0111816,0.1335,0.9994994,382.507,0.9227006,3.077,1.0,1.0,1.0,1.0,1.0,1.0,1.0,1.0,60,-11.594594,21.103308
33.318,33.1587,-33.0819,0.0012005,O=C(C1CC1c1ccccc1)N1CCCC1C1CN1,1,O=C(C1CC1c1ccccc1)N1CCCC1C1CN1,1e-06,-25.0756,0.0164902,0.5611,0.0176293,256.349,0.8983988,3.3702,1.0,1.0,1.0,1.0,1.0,1.0,1.0,1.0,20,-17.178915,19.388472
40.0945,46.1331,-35.1504,0.1716041,CN1C(=O)C(O)(C2C3=CC=CC=C4c5ccccc5C(=C(c5ccccc5)c5ccccc5)C432)c2ccccc21,1,O=C1Nc2ccccc2C1C1C2=CC=CC=C3c4ccccc4C(=C(c4ccccc4)c4ccccc4)C321,0.0509913,-7.2617,0.016756,0.5788,1.0,517.628,0.7320272,4.518,1.0,1.0,1.0,1.0,1.0,1.0,1.0,1.0,100,-0.08793247,19.617058
39.8996,45.2466,-22.7297,0.3518267,CC1=C(C)C(=O)N(c2ccc(C)[nH]c3cc4cccc5ccc2c-3c54)C1=O,1,O=C1C=CC(=O)N1c1ccc[nH]c2cc3cccc4ccc1c-2c43,0.2438795,-4.3428,0.021086,0.8331,0.9933816,354.409,0.9368923,2.8639,1.0,1.0,1.0,1.0,1.0,1.0,1.0,1.0,200,-19.162998,3.4895308
17.483,16.497,-16.4432,0.0008407,Brc1cncnc1,1,c1cncnc1,2.46e-05,-19.7869,0.0130364,0.3021,2.3e-06,158.986,0.9601675,2.3903,1.0,1.0,1.0,1.0,1.0,1.0,1.0,1.0,60,37.12437,-3.7726734
13.2804,34.3514,3.8867,0.5974712,F[B-]1(F)n2c(cc(Cl)c2Br)C(c2cccnc2)=C2C(Br)=CC=[N+]21,1,[BH2-]1n2cccc2C(c2cccnc2)=C2C=CC=[N+]12,0.8598531,0.4544,0.0409714,1.5766,0.9999996,461.3,0.7981824,4.1564,1.0,1.0,1.0,1.0,1.0,1.0,1.0,1.0,300,30.960217,-5.196291
37.2752,37.2182,-36.8404,0.0059021,CC1=C2C(=O)OC(C)(C)C23CN(O1)C(C)(C)C(C)(C)C3,1,O=C1OCC23CCCN(C2)OC=C13,3.32e-05,-19.298,0.0302774,1.2362,0.1302022,279.38,0.4040629,5.8797,1.0,1.0,1.0,1.0,1.0,1.0,1.0,1.0,20,-22.911898,24.388973
46.62,47.6529,-43.6482,0.0625726,O=C1c2ccccc2C2=CC=CC3C(=O)N4C(CC5CSCC254)c2ccccc2N13,1,O=C1c2ccccc2C2=CC=CC3C(=O)N4C(CC5CSCC254)c2ccccc2N13,0.0066636,-10.6502,0.0257208,1.054,0.9999684,412.514,0.3112724,6.276,1.0,1.0,1.0,1.0,1.0,1.0,1.0,1.0,60,-11.620457,13.696992
11.7658,30.0726,6.3843,0.5696378,F[B-]1(F)n2c(Cl)ccc2C(c2cccs2)=C2c3ccccc3C(c3ccc(Br)cc3)=[N+]21,1,[BH2-]1n2cccc2C(c2cccs2)=C2c3ccccc3C(c3ccccc3)=[N+]12,0.7359278,-0.8308,0.0345771,1.3852,1.0,513.603,0.8934591,3.422,1.0,1.0,1.0,1.0,1.0,1.0,1.0,1.0,380,12.952608,-4.759887
23.6133,29.2485,-29.2485,0.0,C=C1c2ccccc2C([B-]2(F)c3ccccc3-c3ccccc32)=[N+]1c1c(C(C)C)cccc1C(C)C,1,C=C1c2ccccc2C([BH-]2c3ccccc3-c3ccccc32)=[N+]1c1ccccc1,0.0,0.0,0.0,0.0,0.0,0.0,0.0,0.0,1.0,1.0,0.0,0.0,0.0,0.0,0.0,0.0,180,6.541085,-6.3849983
28.0906,50.9095,-26.2417,0.3854343,F[B-]1(F)C=[n+]2c(Br)c(-c3ccc(-c4ccccc4)cc3)c(Cl)c(-c3ccccn3)c2=C(Cl)c2ccc(Cl)n21,1,[BH2-]1C=[n+]2cc(-c3ccc(-c4ccccc4)cc3)cc(-c3ccccn3)c2=Cc2cccn21,0.3046532,-3.844,0.0260794,1.0694,0.9999998,629.528,0.867301,3.6656,1.0,1.0,1.0,1.0,1.0,1.0,1.0,1.0,340,19.67834,-19.945585
42.8917,54.306,-32.3439,0.3431568,Brc1cccc(N2N=Nc3ccc4ccccc4c3N=C3C(c4cccs4)=NN=C32)c1,1,c1ccc(N2N=Nc3ccc4ccccc4c3N=C3C(c4cccs4)=NN=C32)cc1,0.2548012,-4.2478,0.0160798,0.5333,0.9999999,485.37,0.9047975,3.2997,1.0,1.0,1.0,1.0,1.0,1.0,1.0,1.0,160,1.4807773,-14.2240925
28.6394,42.6256,-7.7524,0.5448944,F[B-]1(F)CC2=C(c3ccccc3)c3ccc(Cl)n3[B-](F)(F)[N+]2=C2C=CC(c3ccccn3)=[N+]21,1,[BH2-]1CC2=C(c3ccccc3)c3cccn3[BH2-][N+]2=C2C=CC(c3ccccn3)=[N+]12,0.743788,-0.7643,0.0329544,1.3312,0.9999998,468.459,0.7758573,4.2867,1.0,1.0,1.0,1.0,1.0,1.0,1.0,1.0,340,19.165497,-20.100487
28.4575,39.4867,-23.2428,0.2538106,C(=NN=c1cccc(-c2ccccc2)c2ncccc12)c1ccc2ccc3ccccc3c2c1,1,C(=NN=c1cccc(-c2ccccc2)c2ncccc12)c1ccc2ccc3ccccc3c2c1,0.1181169,-5.7741,0.0142245,0.3981,0.9999962,435.53,0.9542513,2.5316,1.0,1.0,1.0,1.0,1.0,1.0,1.0,1.0,180,-21.386312,-1.2115606
21.4483,33.2672,1.4894,0.5430713,F[B-]1(F)C2=C(c3cccnc3)OC(c3ccccn3)=CC2=C(c2cccnc2)c2cccn21,1,[BH2-]1C2=C(c3cccnc3)OC(c3ccccn3)=CC2=C(c2cccnc2)c2cccn21,0.6857052,-1.2295,0.0318745,1.2938,0.9999968,437.238,0.8643159,3.6907,1.0,1.0,1.0,1.0,1.0,1.0,1.0,1.0,340,29.910498,-10.006262
37.2579,36.4527,-33.8527,0.0406249,O=C1c2ccccc2C2(c3ccccc3)C3CCCC4C1(Cc1ccccc1)C432,1,O=C1c2ccccc2C2(c3ccccc3)C3CCCC4C1(Cc1ccccc1)C432,0.001379,-13.2244,0.0133461,0.328,0.9991297,376.499,0.7545292,4.4027,1.0,1.0,1.0,1.0,1.0,1.0,1.0,1.0,80,-11.849012,18.824024
29.5232,33.5812,-0.8584,0.5112939,COc1ccccc1-c1c2cc(N)ccc2cc2ccc(F)cc12,1,c1ccc(-c2c3ccccc3cc3ccccc23)cc1,0.5611504,-2.0996,0.0365726,1.4483,0.8319054,317.363,0.9716353,2.0469,1.0,1.0,1.0,1.0,1.0,1.0,1.0,1.0,400,-29.048319,-10.248556
13.2227,34.7017,0.7725,0.5542847,F[B-]1(F)C2=C(c3ccc(Cl)cc3)C(c3ccc(Cl)cc3)=CC2=C(c2ccc(Cl)cc2)c2ccc(Cl)n21,1,[BH2-]1C2=C(c3ccccc3)C(c3ccccc3)=CC2=C(c2ccccc2)c2cccn21,0.7178459,-0.9792,0.0287914,1.1799,1.0,556.055,0.9073456,3.2705,1.0,1.0,1.0,1.0,1.0,1.0,1.0,1.0,340,27.978148,1.7655972
24.9437,27.0396,-22.7668,0.0667614,O=[N+]([O-])c1ccc(NN=C2CC3CCC2C2CCC=C32)cc1,1,C1=C2C3CCC(C(=NNc4ccccc4)C3)C2CC1,0.0071031,-10.5455,0.0146561,0.4311,0.4394642,297.358,0.7275947,4.54,1.0,1.0,1.0,1.0,1.0,1.0,1.0,1.0,120,-9.44266,-15.167033
23.4681,29.2556,-15.7795,0.2105645,O=C1C(=Cc2ccc(O)cc2)CC(=Cc2ccc(Br)cc2)c2ccccc21,1,O=C1C(=Cc2ccccc2)CC(=Cc2ccccc2)c2ccccc21,0.0716688,-6.6714,0.0152325,0.4736,0.9999797,417.302,0.959707,2.402,1.0,1.0,1.0,1.0,1.0,1.0,1.0,1.0,140,-9.263015,1.9259219
11.4729,31.4137,4.1737,0.5560527,F[B-]1(F)C2=C(Cl)C(c3ccc[nH]3)=CC2=C(c2ccc[nH]2)c2cccn21,1,[BH2-]1C2=CC(c3ccc[nH]3)=CC2=C(c2ccc[nH]2)c2cccn21,0.7910715,-0.3317,0.0297702,1.2173,0.9934819,354.576,0.8005593,4.1419,1.0,1.0,1.0,1.0,1.0,1.0,1.0,1.0,320,30.005497,-14.501827
23.6573,27.6968,-12.2857,0.2407981,Brc1ccc(NN=C2CC(c3ccc(Br)cc3)=NNc3ccccc32)cc1,1,c1ccc(NN=C2CC(c3ccccc3)=NNc3ccccc32)cc1,0.0875246,-6.3178,0.0247884,1.0129,0.9999999,484.195,0.9483894,2.6554,1.0,1.0,1.0,1.0,1.0,1.0,1.0,1.0,220,1.154758,-9.358161
29.253,33.6658,-17.4862,0.2528071,O=C1C(N2C(=S)c3ccccc3C2O)=C(Br)c2ccccc21,1,O=C1C(N2Cc3ccccc3C2=S)=Cc2ccccc21,0.120713,-5.7339,0.0145341,0.4219,0.9987126,372.243,0.9084577,3.2575,1.0,1.0,1.0,1.0,1.0,1.0,1.0,1.0,200,-14.525585,12.622396
24.7664,32.8455,-2.2095,0.4786882,Cc1ccc2ncccc2c1-c1c(-c2c3ccccc3cc3ccccc23)ccc2ccccc12,1,c1ccc2c(-c3cccc4ncccc34)c(-c3c4ccccc4cc4ccccc34)ccc2c1,0.575142,-2.0068,0.0151609,0.4684,0.9999985,445.565,0.9642212,2.2813,1.0,1.0,1.0,1.0,1.0,1.0,1.0,1.0,160,-28.249643,-5.4537234
15.8836,34.8827,0.2752,0.5493425,COc1ccc(C2=C3C(c4ccccc4)=[N+](c4ccccc4)[B-](F)(F)N3[B-](F)(F)n3cc(Br)cc32)cc1,1,[BH2-]1N2[BH2-][N+](c3ccccc3)=C(c3ccccc3)C2=C(c2ccccc2)c2cccn21,0.732731,-0.8575,0.0283615,1.1631,1.0,566.978,0.8629045,3.7024,1.0,1.0,1.0,1.0,1.0,1.0,1.0,1.0,300,14.953223,-8.078896
32.6857,39.3426,-22.549,0.2623998,O=C1OC(=C(c2cccs2)c2cc(Cl)ccc2Oc2ccccc2)c2ccccc21,1,O=C1OC(=C(c2cccs2)c2ccccc2Oc2ccccc2)c2ccccc21,0.1042173,-6.0035,0.0280564,1.151,0.9999942,430.912,0.9550953,2.5126,1.0,1.0,1.0,1.0,1.0,1.0,1.0,1.0,400,-3.5592613,20.229332
17.4633,23.5871,-5.8428,0.2772542,O=C1C(=[S+]c2ccccc2)C=C([O-])c2cc3ccccc3cc21,1,O=C1C(=[S+]c2ccccc2)C=Cc2cc3ccccc3cc21,0.1636862,-5.1563,0.0155829,0.4987,0.8188754,316.381,0.9084324,3.2578,1.0,1.0,1.0,1.0,1.0,1.0,1.0,1.0,220,-27.985516,4.0978923
16.4033,29.0166,6.5015,0.5549713,CC1=C(c2ccccc2)C(=CNc2ccccc2)C(=O)C1=NNc1ccccc1,1,O=C1C(=CNc2ccccc2)C(c2ccccc2)=CC1=NNc1ccccc1,0.7289187,-0.8891,0.0240865,0.9809,0.9993375,379.463,0.9595625,2.4056,1.0,1.0,1.0,1.0,1.0,1.0,1.0,1.0,320,-6.0862255,-1.0688258
11.0028,18.7255,20.0581,0.6059938,CC1=[N+]2C(=C(c3ccccc3)c3cccn3[B-]2(F)F)c2ccccc21,1,[BH2-]1n2cccc2C(c2ccccc2)=C2c3ccccc3C=[N+]12,0.8411036,0.214,0.0390183,1.5214,0.9508383,332.162,0.9046266,3.3017,1.0,1.0,1.0,1.0,1.0,1.0,1.0,1.0,200,17.621777,-8.196868
21.8407,26.0805,-16.0951,0.1560227,O=S1(=O)c2ccccc2C(=Cc2ccc(Br)cc2)c2ccc3ccccc3c21,1,O=S1(=O)c2ccccc2C(=Cc2ccccc2)c2ccc3ccccc3c21,0.0311917,-8.0957,0.0193855,0.7399,0.9999987,447.353,0.9556046,2.5009,1.0,1.0,1.0,1.0,1.0,1.0,1.0,1.0,140,-9.812733,0.7079949
24.1341,30.5528,6.6232,0.5808751,[O-][N+]1=c2c(c(-c3ccccc3)c3ccccc3c2=Cc2ccccc2)-c2ccccc21,1,C(c1ccccc1)=c1c2c(c(-c3ccccc3)c3ccccc13)-c1ccccc1[NH+]=2,0.8164793,-0.069,0.0249835,1.0216,0.9998739,397.477,0.9482356,2.6585,1.0,1.0,1.0,1.0,1.0,1.0,1.0,1.0,360,-14.637463,-5.907957
17.6541,29.9069,-14.0396,0.2479272,O=C1C2=C(C(c3ccccc3)=NC2=C2c3ccccc3-c3ccccc32)c2ccccc21,1,O=C1C2=C(C(c3ccccc3)=NC2=C2c3ccccc3-c3ccccc32)c2ccccc21,0.1052603,-5.9854,0.0169383,0.5907,0.9999498,407.472,0.956735,2.4745,1.0,1.0,1.0,1.0,1.0,1.0,1.0,1.0,240,-3.4503057,11.037174
51.2372,53.7348,-39.6771,0.2196509,CC1=Cc2cc(N([O-])[O-])ccc2C(=C2[S+]=C(c3ccc(C)cc3)C=C2C)C2=[S+]c3ccccc3C2=N1,1,C1=Cc2ccccc2C(=C2C=CC(c3ccccc3)=[S+]2)C2=[S+]c3ccccc3C2=N1,0.0914602,-6.2392,0.0174217,0.6218,1.0,506.652,0.7615188,4.3655,1.0,1.0,1.0,1.0,1.0,1.0,1.0,1.0,40,5.703852,-15.874411
24.6506,32.1307,-11.0558,0.3292949,O=C1C(c2ccccc2)=C(c2ccccc2)C(c2ccccc2)=C1n1c(-c2ccccc2)cc2cc(-c3ccccc3)ccc21,1,O=C1C(c2ccccc2)=C(c2ccccc2)C(c2ccccc2)=C1n1c(-c2ccccc2)cc2cc(-c3ccccc3)ccc21,0.2085964,-4.6716,0.0191097,0.7241,1.0,575.711,0.955939,2.4932,1.0,1.0,1.0,1.0,1.0,1.0,1.0,1.0,240,7.15383,12.962079
33.7765,42.1537,-7.8593,0.5358508,COc1ccc([NH+]=C2C(=C3c4cccn4[B-](F)(F)n4cccc43)C(=C3C=C(O)c4ccccc43)c3ccccc32)cc1,1,[BH2-]1n2cccc2C(=C2C(=[NH+]c3ccccc3)c3ccccc3C2=C2C=Cc3ccccc32)c2cccn21,0.8175858,-0.057,0.0198539,0.7664,1.0,555.393,0.7950846,4.1751,1.0,1.0,1.0,1.0,1.0,1.0,1.0,1.0,360,36.301575,-17.625175
16.831,18.912,-18.912,0.0,O=C1c2ccccc2C(=O)N1N=CC=Cc1ccccc1,1,O=C1c2ccccc2C(=O)N1N=CC=Cc1ccccc1,0.0,0.0,0.0,0.0,0.0,0.0,0.0,0.0,1.0,1.0,0.0,0.0,0.0,0.0,0.0,0.0,120,-10.025654,6.214515
16.1153,32.6356,6.2127,0.6070033,Cc1ccc(C2=[N+]3C(=C(c4ccc(C(F)(F)F)cc4)c4ccc(Br)n4[B-]3(F)F)C=C2)cc1,1,[BH2-]1n2cccc2C(c2ccccc2)=C2C=CC(c3ccccc3)=[N+]12,0.8520613,0.3515,0.0368511,1.4569,1.0,505.093,0.8878472,3.4783,1.0,1.0,1.0,1.0,1.0,1.0,1.0,1.0,320,35.23361,-0.89633167
13.9023,27.962,9.7266,0.5888852,O=[N+]1C(=C2c3cccn3[B-](F)(F)n3cccc32)C=C(c2ccncc2)c2ccccc21,1,O=[N+]1C(=C2c3cccn3[BH2-]n3cccc32)C=C(c2ccncc2)c2ccccc21,0.8419175,0.2239,0.0349478,1.3972,0.9999675,412.208,0.8334728,3.9263,1.0,1.0,1.0,1.0,1.0,1.0,1.0,1.0,300,35.513233,-18.12861
27.1632,34.4812,-9.2523,0.3942016,CC1=CC(=C2C3=C(C(=Cc4ccccc4)c4ccccc43)c3ccccc32)C(c2ccccc2)=C1C,1,C1=CC(=C2C3=C(C(=Cc4ccccc4)c4ccccc43)c3ccccc32)C(c2ccccc2)=C1,0.3569258,-3.4588,0.0153737,0.4838,0.9999995,458.604,0.9393093,2.8232,1.0,1.0,1.0,1.0,1.0,1.0,1.0,1.0,300,-0.69803727,13.766666
32.5999,32.3615,-32.1155,0.0038428,COc1ccc(C2(c3ccc(OC)cc3)CC=C(C(F)(F)F)CC2(C)O)cc1,1,C1=CCC(c2ccccc2)(c2ccccc2)CC1,3.2e-06,-23.0851,0.0105843,0.0732,0.999799,392.417,0.9030169,3.3198,1.0,1.0,1.0,1.0,1.0,1.0,1.0,1.0,20,-2.0205066,-25.538073
27.5019,26.7215,-26.1447,0.0090122,OC(c1ccccc1)c1ccccc1-c1cc(Cl)ncn1,1,c1ccc(Cc2ccccc2-c2ccncn2)cc1,3.73e-05,-19.1052,0.0134011,0.3325,0.4258772,296.757,0.9527917,2.5638,1.0,1.0,1.0,1.0,1.0,1.0,1.0,1.0,200,23.937212,15.074353
25.9314,24.7454,-18.8174,0.0926252,COc1ccc(N=Cc2cc([N+](=O)[O-])ccc2O)cc1O,1,C(=Nc1ccccc1)c1ccccc1,0.0169134,-9.1164,0.0148708,0.4471,0.2532439,288.259,0.9603931,2.3845,1.0,1.0,1.0,1.0,1.0,1.0,1.0,1.0,180,-9.28872,-16.567678
23.645,34.9902,-8.7619,0.4098165,O=c1c2c(cc(=Cc3ccccc3)n1Cc1ccccc1)-c1ccccc1C=2Cl,1,O=c1c2c(cc(=Cc3ccccc3)n1Cc1ccccc1)-c1ccccc1C=2,0.363945,-3.4092,0.0194695,0.7447,0.999854,395.889,0.9473156,2.6767,1.0,1.0,1.0,1.0,1.0,1.0,1.0,1.0,200,-12.810085,3.7509456
24.093,34.133,-10.1454,0.3748062,C(=C1c2ccccc2C2=c3c(c4ccccc4c4ccccc34)=C2N1c1ccccc1)c1ccccc1,1,C(=C1c2ccccc2C2=c3c(c4ccccc4c4ccccc34)=C2N1c1ccccc1)c1ccccc1,0.3004542,-3.8764,0.0173593,0.6178,0.9999998,469.587,0.9476267,2.6706,1.0,1.0,1.0,1.0,1.0,1.0,1.0,1.0,200,-13.676146,-3.8126879
46.9433,46.5845,-46.3362,0.0038803,Cc1ccccc1N1CS(=O)(=O)N(c2ccccc2)P(CS)B1N(C)C,1,O=S1(=O)CN(c2ccccc2)BPN1c1ccccc1,3.6e-06,-22.896,0.0105293,0.0675,0.999949,407.31,0.8034102,4.1244,1.0,1.0,1.0,1.0,1.0,1.0,1.0,1.0,100,-11.405823,20.504107
35.4475,31.7234,-31.7234,0.0,CC(=O)C1C(C)C(O[Si](C)(C)C(C)(C)C)CC1[S+](C)[O-],1,C1CCCC1,0.0,0.0,0.0,0.0,0.0,0.0,0.0,0.0,1.0,1.0,0.0,0.0,0.0,0.0,0.0,0.0,80,-20.550335,23.249416
20.53,24.9059,-24.9059,0.0,C=CC1=NNC(=O)C1=Cc1ccc(Br)cc1,1,O=C1NN=CC1=Cc1ccccc1,0.0,0.0,0.0,0.0,0.0,0.0,0.0,0.0,1.0,1.0,0.0,0.0,0.0,0.0,0.0,0.0,100,-2.5874746,-13.019807
11.8885,26.5398,-26.5398,0.0,F[B-]1(F)n2c(Cl)ccc2C(c2ccc(Br)s2)=C2C=CC(Br)=[N+]21,1,[BH2-]1n2cccc2C(c2cccs2)=C2C=CC=[N+]12,0.8129725,-0.1069,0.0358646,1.4263,0.9999998,466.341,0.7932597,4.186,1.0,1.0,1.0,1.0,1.0,1.0,1.0,1.0,340,34.45372,1.4785584
22.0268,33.9984,-16.5864,0.2720614,COc1ccccc1Oc1ccn2c1C(c1ccccc1)=[N+](c1ccccc1)[B-]2(F)F,1,[BH2-]1n2ccc(Oc3ccccc3)c2C(c2ccccc2)=[N+]1c1ccccc1,0.1262487,-5.6506,0.022127,0.8866,0.9999776,416.236,0.9222372,3.0833,1.0,1.0,1.0,1.0,1.0,1.0,1.0,1.0,220,15.549214,-7.667485
25.6262,34.2051,2.1542,0.5681138,COc1ccc(C2=C(c3ccc([N+](=O)[O-])cc3)C(=N)[N+]([O-])=C2c2ccc(OC)cc2)cc1,1,N=C1[NH+]=C(c2ccccc2)C(c2ccccc2)=C1c1ccccc1,0.7383861,-0.8102,0.0289982,1.1879,0.9999933,429.432,0.9460668,2.7009,1.0,1.0,1.0,1.0,1.0,1.0,1.0,1.0,400,10.489794,-10.465635
27.6988,27.0916,-22.427,0.0728853,COC(=O)c1ccc2cc(C)cc(C(=O)OC)c2c1C(=O)OC,1,c1ccc2ccccc2c1,0.004517,-11.2869,0.0254266,1.0412,0.8178895,316.309,0.9675561,2.1823,1.0,1.0,1.0,1.0,1.0,1.0,1.0,1.0,20,-10.386577,-23.978914
24.8566,24.7084,-24.7056,4.3e-05,[BH3-][P+]1(C)CCCCSC1C,1,C1CCSC[PH2+]C1,0.0,-33.9676,0.0170645,0.5989,1.1e-05,176.074,0.4682576,5.6242,1.0,1.0,1.0,1.0,1.0,1.0,1.0,1.0,120,-26.01105,25.042395
36.2681,38.7525,-38.7525,0.0,CC(c1ccccc1)n1c(-c2ccccc2)c2ncn(-c3ccccc3Br)c(-c3ccccc3)c-2c1=O,1,O=c1c2c(-c3ccccc3)n(-c3ccccc3)cnc-2c(-c2ccccc2)n1Cc1ccccc1,0.0,0.0,0.0,0.0,0.0,0.0,0.0,0.0,1.0,1.0,0.0,0.0,0.0,0.0,0.0,0.0,120,8.746241,7.4558682
22.7881,22.839,-22.3267,0.0080045,N#[N+]C1=C([O-])c2c[nH]cc2C1=O,1,O=C1C=Cc2c[nH]cc21,0.0079162,-10.3676,0.0137868,0.3637,2.8e-06,161.12,0.7767088,4.2819,1.0,1.0,1.0,1.0,1.0,1.0,1.0,1.0,40,-7.583692,-10.850107
19.7035,25.1387,3.0173,0.4399376,O=C1c2ccccc2C(=C2C(=O)N(O)c3ccccc32)c2ccccc21,1,O=C1Nc2ccccc2C1=C1c2ccccc2C(=O)c2ccccc21,0.4347706,-2.9274,0.0196765,0.7564,0.9740242,339.35,0.9610181,2.3683,1.0,1.0,1.0,1.0,1.0,1.0,1.0,1.0,400,-7.742772,10.546729
24.5528,34.2337,-2.862,0.4901825,O=C1C(c2ccc([N+](=O)[O-])cc2)=CN(Cc2ccccc2)C1=C1C=CC=C1,1,O=C1C(c2ccccc2)=CN(Cc2ccccc2)C1=C1C=CC=C1,0.5700768,-2.0405,0.0205106,0.8024,0.9944747,356.381,0.9378207,2.8484,1.0,1.0,1.0,1.0,1.0,1.0,1.0,1.0,140,-8.034821,-12.862177
29.8195,29.228,-22.5231,0.1047651,O=C(Nc1[s+]c([N-]c2ccccc2)oc1-c1ccccc1)c1ccccc1,1,O=C(Nc1[s+]c([N-]c2ccccc2)oc1-c1ccccc1)c1ccccc1,0.0113525,-9.7748,0.0216114,0.8604,0.9987367,372.449,0.9152709,3.1746,1.0,1.0,1.0,1.0,1.0,1.0,1.0,1.0,200,-6.130788,24.582893
30.6693,42.6931,-20.3804,0.3486352,O=C(C1=Cc2ccccc2C1=C1c2cc(Cl)ccc2C(=O)N1c1ccccc1)c1ccc2ccccc2c1,1,O=C(C1=Cc2ccccc2C1=C1c2ccccc2C(=O)N1c1ccccc1)c1ccc2ccccc2c1,0.2513255,-4.2777,0.0170576,0.5985,1.0,509.992,0.9478724,2.6657,1.0,1.0,1.0,1.0,1.0,1.0,1.0,1.0,360,-11.481899,11.371632
32.5491,42.1142,-12.1438,0.4682875,Cc1c(-c2ccccc2)n2n1C(=C1C=CC=C1c1ccccc1)[N+](=C1c3ccccc3-c3ccccc31)[B-]2(F)F,1,[BH2-]1n2c(-c3ccccc3)cn2C(=C2C=CC=C2c2ccccc2)[N+]1=C1c2ccccc2-c2ccccc21,0.542238,-2.2242,0.0187678,0.7041,1.0,523.395,0.8889543,3.4674,1.0,1.0,1.0,1.0,1.0,1.0,1.0,1.0,340,14.936184,5.4246235
27.1443,35.1097,-23.6231,0.1794792,C[S+]=C1C(Cl)=CC(=C(c2ccccc2)c2ccccc2Br)C(Br)=C1Cl,1,[S+]=C1C=CC(=C(c2ccccc2)c2ccccc2)C=C1,0.046516,-7.4189,0.0189063,0.7122,1.0,516.105,0.9114243,3.2221,1.0,1.0,1.0,1.0,1.0,1.0,1.0,1.0,200,-2.6637883,21.52332
20.832,25.6742,-25.3939,0.0043799,[O-]c1[s+]c2ccccc2n2cncc12,1,c1ccc2c(c1)[s+]cc1cncn12,0.0002808,-15.8183,0.0130857,0.3063,0.0001229,202.238,0.8582336,3.7404,1.0,1.0,1.0,1.0,1.0,1.0,1.0,1.0,160,-24.256678,-15.530176
33.0557,42.3294,-28.3955,0.2177173,CN1C(c2ccc(Cl)cc2)=C(Cl)C(=O)C(=NC(=O)c2ccccc2)C1c1ccc(Cl)cc1,1,O=C1C=C(c2ccccc2)NC(c2ccccc2)C1=NC(=O)c1ccccc1,0.0763823,-6.5594,0.017974,0.6563,0.9999999,483.782,0.9232056,3.0701,1.0,1.0,1.0,1.0,1.0,1.0,1.0,1.0,400,2.8672917,-5.985925
43.0007,52.6994,-34.0567,0.2912931,O=C1C2=CC(c3ncccn3)=CC(=C3C=c4ccccc4=[S+]3)C(=C1[O-])c1cccnc12,1,O=C1C=C2C(=C3C=c4ccccc4=[S+]3)C=C(c3ncccn3)C=C1c1ncccc12,0.2046803,-4.7105,0.0171361,0.6035,0.9999834,419.465,0.682857,4.7506,1.0,1.0,1.0,1.0,1.0,1.0,1.0,1.0,140,13.096976,20.10285
19.129,46.0236,-8.4395,0.5872515,F[B-]1(F)n2c(cc(Br)c2Cl)C(c2ccc[nH]2)=C2C(c3cccnc3)=C(c3ccc[nH]3)C(c3ccccc3)=[N+]21,1,[BH2-]1n2cccc2C(c2ccc[nH]2)=C2C(c3cccnc3)=C(c3ccc[nH]3)C(c3ccccc3)=[N+]12,0.8291842,0.073,0.0350362,1.4,1.0,588.652,0.8415238,3.8685,1.0,1.0,1.0,1.0,1.0,1.0,1.0,1.0,300,23.728481,-5.8694134
10.0299,26.052,5.415,0.4916714,F[B-]1(F)c2ccccc2C2=[N+]1[N+](=Cc1ccccn1)[B-](F)(F)n1cccc12,1,[BH2-]1n2cccc2C2=[N+]([BH2-]c3ccccc32)[N+]1=Cc1ccccn1,0.5861749,-1.933,0.0315921,1.2838,0.9984069,369.927,0.7667892,4.3369,1.0,1.0,1.0,1.0,1.0,1.0,1.0,1.0,300,19.34246,-17.251606
27.7272,33.224,-6.5357,0.4170035,COc1ccc2c(c1)C(=C1C=CC(=Nc3cccc4ccccc34)O1)C=C2,1,C1=CC(=C2C=Cc3ccccc32)OC1=Nc1cccc2ccccc12,0.4057971,-3.1211,0.0168301,0.5836,0.9912903,351.405,0.9279068,3.0034,1.0,1.0,1.0,1.0,1.0,1.0,1.0,1.0,260,-17.541876,5.107198
13.8224,32.0596,3.1529,0.5501953,F[B-]1(F)C(c2ccccc2)=C2C(=C(c3ccco3)c3ccccc32)c2cccn21,1,[BH2-]1C(c2ccccc2)=C2C(=C(c3ccco3)c3ccccc32)c2cccn21,0.729629,-0.8832,0.0258336,1.0589,0.999485,382.198,0.9055938,3.2907,1.0,1.0,1.0,1.0,1.0,1.0,1.0,1.0,300,28.055943,-14.748409
22.1257,33.484,-12.5547,0.3270203,O=C1C(=C2c3ccccc3-c3ccccc32)C(=C2C(c3ccccc3)=Cc3ccccc32)c2ccccc21,1,O=C1C(=C2c3ccccc3-c3ccccc32)C(=C2C(c3ccccc3)=Cc3ccccc32)c2ccccc21,0.2169086,-4.5908,0.0158693,0.5188,0.9999999,482.582,0.9565623,2.4786,1.0,1.0,1.0,1.0,1.0,1.0,1.0,1.0,140,-1.931014,12.81687
32.5548,51.7615,-18.9592,0.5125355,O=C1c2ccccc2N=[N+]1N=C1C=CC2=C(c3cccnc3O)c3cccn3[B-](F)(F)C(Cl)=C12,1,O=C1c2ccccc2N=[N+]1N=C1C=CC2=C(c3cccnc3)c3cccn3[BH2-]C=C12,0.7639045,-0.5877,0.0194077,0.7412,0.9999999,475.651,0.7567433,4.391,1.0,1.0,1.0,1.0,1.0,1.0,1.0,1.0,300,28.284098,-11.0575
13.3212,18.7882,13.4048,0.5030156,c1ccc(C2=NC(=C3c4ccccc4-c4ccccc43)c3ccccc32)cc1,1,c1ccc(C2=NC(=C3c4ccccc4-c4ccccc43)c3ccccc32)cc1,0.6018522,-1.8271,0.0195876,0.7514,0.9939775,355.44,0.9697585,2.1114,1.0,1.0,1.0,1.0,1.0,1.0,1.0,1.0,380,-3.2512476,10.533671
51.5246,54.7239,-49.2658,0.0852819,[O-][N+]([O-])=C1C=CC=CC1=C1C(Cl)=CC=C(c2ccccc2)C2=C1[CH-][S+]([O-])N2c1ccccc1,1,[N+]=C1C=CC=CC1=C1C=CC=C(c2ccccc2)C2=C1[CH-][SH+]N2c1ccccc1,0.0088595,-10.1827,0.0151276,0.466,0.9999999,472.953,0.7383965,4.486,1.0,1.0,1.0,1.0,1.0,1.0,1.0,1.0,200,4.3709126,1.0205237
23.4391,36.3658,-7.2901,0.4543087,CC1=[N+]2C(=C(c3ccc(F)cc3)c3cccn3[B-]2(F)F)Cc2cc(C)cc(C)c21,1,[BH2-]1n2cccc2C(c2ccccc2)=C2Cc3ccccc3C=[N+]12,0.4241472,-2.998,0.0336969,1.3562,0.9997956,392.233,0.8759997,3.5896,1.0,1.0,1.0,1.0,1.0,1.0,1.0,1.0,400,24.72022,-13.391731
21.2353,23.4982,6.1496,0.4632471,O=C1C(=Cc2cc(Br)ccc2F)Nc2ccccc21,1,O=C1C(=Cc2ccccc2)Nc2ccccc21,0.5036621,-2.4761,0.0230809,0.9335,0.8417378,318.145,0.963814,2.2927,1.0,1.0,1.0,1.0,1.0,1.0,1.0,1.0,200,-11.093116,2.7291744
31.9022,48.8366,-21.1295,0.4329227,COC1=C(c2ccccc2)C2=C(c3ccccc3)C(=O)C(C)=C2C1=C1C=CC(Br)=[N+]1[O-],1,O=C1C=C2C(=C3C=CC=[NH+]3)C=C(c3ccccc3)C2=C1c1ccccc1,0.4585472,-2.7707,0.0164718,0.5599,0.9999999,472.338,0.8987896,3.366,1.0,1.0,1.0,1.0,1.0,1.0,1.0,1.0,300,2.3656943,9.930404
28.0929,41.4452,-8.1968,0.5195066,Cn1c2c(c3ccccc31)C(=NNc1ccccc1)c1ncccc1C2=NNc1ccccc1,1,c1ccc(NN=C2c3cccnc3C(=NNc3ccccc3)c3c2[nH]c2ccccc32)cc1,0.6251838,-1.6668,0.0237743,0.9664,0.999998,442.526,0.9466687,2.6893,1.0,1.0,1.0,1.0,1.0,1.0,1.0,1.0,220,-5.5450997,0.09697625
31.8238,40.7232,-15.0213,0.4015926,Cc1ccc(C=c2ccc(=c3c(=O)c4ccccc4n4c(C)cc(C)c34)c3cccn23)cc1,1,O=c1c(=c2ccc(=Cc3ccccc3)n3cccc23)c2cccn2c2ccccc12,0.3453649,-3.5415,0.0211449,0.8362,0.9999928,428.535,0.9175951,3.1449,1.0,1.0,1.0,1.0,1.0,1.0,1.0,1.0,220,-7.1765356,2.8888047
35.3131,35.0692,-35.0692,0.0,CC(=[S+]CCC(C)=C(C#N)C#N)C(C(=O)c1ccccc1)=[N+]([O-])[O-],1,c1ccccc1,0.0,0.0,0.0,0.0,0.0,0.0,0.0,0.0,1.0,1.0,0.0,0.0,0.0,0.0,0.0,0.0,20,-4.9281025,26.763437
53.5761,51.9437,-51.9437,0.0,CCOC(=O)C(Cl)(N(C(=O)C(C)(Cl)[Si](C)(C)C)c1ccccc1)[PH](=O)OC,1,c1ccccc1,0.0,0.0,0.0,0.0,0.0,0.0,0.0,0.0,1.0,1.0,0.0,0.0,0.0,0.0,0.0,0.0,20,-12.849807,27.22665
17.8861,42.2873,-9.9851,0.5047227,O=[N+](c1ccccc1)c1ccc(C2=C3c4c(Cl)cccc4C(c4ccccc4)=[N+]3[B-](F)(F)n3c(Cl)ccc32)cc1,1,O=[N+](c1ccccc1)c1ccc(C2=C3c4ccccc4C(c4ccccc4)=[N+]3[BH2-]n3cccc32)cc1,0.5570738,-2.1266,0.0326444,1.3206,1.0,569.227,0.8807743,3.5459,1.0,1.0,1.0,1.0,1.0,1.0,1.0,1.0,320,14.372102,-4.0549555
10.3869,25.2943,12.8567,0.5961106,F[B-]1(F)n2cccc2C(c2ccncc2)=C2C=C(c3ccncc3)C=[N+]21,1,[BH2-]1n2cccc2C(c2ccncc2)=C2C=C(c3ccncc3)C=[N+]12,0.843469,0.243,0.0362686,1.4389,0.985943,346.149,0.860132,3.7251,1.0,1.0,1.0,1.0,1.0,1.0,1.0,1.0,280,24.010845,-15.6345625
29.29,37.974,-5.432,0.5084689,Cc1ccc(C2=C3C=CC(c4ccccc4)=[N+]3[B-]3(c4c(F)c(F)c(F)c(F)c4F)C2=C3c2ccccc2)cc1,1,C1=CC(c2ccccc2)=[N+]2C1=C(c1ccccc1)C1=C(c3ccccc3)[B-]12c1ccccc1,0.655263,-1.454,0.0236683,0.9614,1.0,523.313,0.8311226,3.9428,1.0,1.0,1.0,1.0,1.0,1.0,1.0,1.0,380,18.060614,4.239721
38.0403,37.9682,-32.0886,0.0918688,Cc1onc(-c2ccc(F)cc2)c1C1CCC(=O)C1=Cc1ccncc1,1,O=C1CCC(c2conc2-c2ccccc2)C1=Cc1ccncc1,0.0097347,-10.0279,0.0122865,0.237,0.988521,348.377,0.9138452,3.1924,1.0,1.0,1.0,1.0,1.0,1.0,1.0,1.0,20,6.5532703,-12.766455
20.8679,30.6388,1.3301,0.4995141,F[B-]1(F)C(Br)=[N+]2C(=C(c3ccc(Br)cc3)c3cccn31)c1ncccc12,1,[BH2-]1C=[N+]2C(=C(c3ccccc3)c3cccn31)c1ncccc12,0.5566664,-2.1293,0.0322829,1.3081,0.9999999,476.915,0.8557463,3.7603,1.0,1.0,1.0,1.0,1.0,1.0,1.0,1.0,300,29.182795,-10.938132
26.6768,29.4547,-15.7136,0.214705,Clc1cccc(C2=NN3C(=NN2c2ccccc2)CCc2ccccc23)c1,1,c1ccc(C2=NN3C(=NN2c2ccccc2)CCc2ccccc23)cc1,0.0708499,-6.6915,0.0193091,0.7356,0.9987835,372.859,0.9454755,2.7121,1.0,1.0,1.0,1.0,1.0,1.0,1.0,1.0,280,2.6681845,2.5995402
28.4259,35.2903,-13.5075,0.340356,Cc1nn(-c2ccccc2)c(=C2C=CC(=O)C2=O)c1=Cc1ccccc1Cl,1,O=C1C=CC(=c2c(=Cc3ccccc3)cnn2-c2ccccc2)C1=O,0.2320002,-4.4495,0.0183961,0.682,0.998985,374.827,0.9432344,2.7538,1.0,1.0,1.0,1.0,1.0,1.0,1.0,1.0,380,-8.055699,4.517071
38.1923,38.2063,-38.2063,0.0,CCn1c(=O)n(C(C[N+](=O)[O-])C2CC2C(=O)c2ccccc2)c2ccccc21,1,O=C(c1ccccc1)C1CC1Cn1c(=O)[nH]c2ccccc21,0.0,0.0,0.0,0.0,0.0,0.0,0.0,0.0,1.0,1.0,0.0,0.0,0.0,0.0,0.0,0.0,20,-6.910695,21.746065
44.8215,51.924,-51.924,0.0,O=c1c2c3ccccc3c(=Nc3nc4ccc(F)cc4cc3C=Cc3c4ccccc4cc4ccccc34)c=2c2ccccc12,1,O=c1c2c3ccccc3c(=Nc3nc4ccccc4cc3C=Cc3c4ccccc4cc4ccccc34)c=2c2ccccc12,0.0,0.0,0.0,0.0,0.0,0.0,0.0,0.0,1.0,1.0,0.0,0.0,0.0,0.0,0.0,0.0,340,-31.102568,-2.641729
26.6249,28.2351,-28.2351,0.0,Cc1ccccc1C(C=C1C(=O)Nc2ccccc21)=NO,1,N=C(C=C1C(=O)Nc2ccccc21)c1ccccc1,0.0,0.0,0.0,0.0,0.0,0.0,0.0,0.0,1.0,1.0,0.0,0.0,0.0,0.0,0.0,0.0,120,-20.247154,11.431741
18.8428,37.4095,-1.8794,0.555158,O=[N+]([O-])c1ccn2c1C(c1ccc(Br)s1)=C1c3ccccc3C(c3ccccc3)=[N+]1[B-]2(F)F,1,[BH2-]1n2cccc2C(c2cccs2)=C2c3ccccc3C(c3ccccc3)=[N+]12,0.7259434,-0.9135,0.0303741,1.2397,1.0,524.155,0.8798322,3.5546,1.0,1.0,1.0,1.0,1.0,1.0,1.0,1.0,380,10.9617815,-3.6618726
16.9601,23.1153,6.5313,0.4632294,O=[N+]([O-])c1ccc(C2=NN(c3ccccc3)[B-](F)(F)[n+]3ccccc32)cc1,1,[BH2-]1N(c2ccccc2)N=C(c2ccccc2)c2cccc[n+]21,0.4566002,-2.7834,0.0281658,1.1553,0.9977428,366.136,0.9129151,3.2039,1.0,1.0,1.0,1.0,1.0,1.0,1.0,1.0,260,8.198526,-4.3013353
20.5744,35.0034,3.4058,0.6001438,Cc1ccc(C2=C3C=C(c4ccco4)C(c4ccc(Br)cc4)=[N+]3[B-](F)(F)n3cccc32)cc1,1,[BH2-]1n2cccc2C(c2ccccc2)=C2C=C(c3ccco3)C(c3ccccc3)=[N+]12,0.8305429,0.0886,0.0368616,1.4572,1.0,503.155,0.8839801,3.5157,1.0,1.0,1.0,1.0,1.0,1.0,1.0,1.0,340,21.80671,-7.849811
18.5584,25.1557,-21.0554,0.0640681,O=C1C=C(c2ccc(Cl)cc2)O[B-](F)(F)N1c1ccccc1,1,O=C1C=C(c2ccccc2)O[BH2-]N1c1ccccc1,0.0035614,-11.6756,0.0195663,0.7502,0.8686565,320.511,0.9223703,3.0815,1.0,1.0,1.0,1.0,1.0,1.0,1.0,1.0,260,4.567198,-5.4640207
32.0424,37.5453,-29.9945,0.1179819,C(=C1c2ccccc2-c2ccccc21)c1ccccc1C1c2c(c3ccccc3c3ccccc23)C2c3ccccc3C1c1ccccc12,1,C(=C1c2ccccc2-c2ccccc21)c1ccccc1C1c2c(c3ccccc3c3ccccc23)C2c3ccccc3C1c1ccccc12,0.017915,-9.021,0.0158914,0.5203,0.9999999,620.795,0.8459483,3.8357,1.0,1.0,1.0,1.0,1.0,1.0,1.0,1.0,120,-24.760683,5.7427645
28.9836,32.3016,-24.8526,0.1163913,c1ccc(C(=NO[B-](c2ccccc2)(c2ccccc2)c2ccccc2)c2cccc3cccnc23)cc1,1,c1ccc(C(=NO[B-](c2ccccc2)(c2ccccc2)c2ccccc2)c2cccc3cccnc23)cc1,0.0152634,-9.2863,0.019142,0.726,1.0,489.407,0.9246913,3.0494,1.0,1.0,1.0,1.0,1.0,1.0,1.0,1.0,80,4.6119413,19.551262
27.2012,35.0017,-12.4266,0.3527357,COc1ccc(C2=C(c3c4cccccc-4cc3-c3ccccc3)[B-](F)(F)[n+]3ccccc32)cc1,1,[BH2-]1C(c2c3cccccc-3cc2-c2ccccc2)=C(c2ccccc2)c2cccc[n+]21,0.2730755,-4.0945,0.0149356,0.4519,0.9999996,461.32,0.9326681,2.9316,1.0,1.0,1.0,1.0,1.0,1.0,1.0,1.0,220,14.363962,-8.386623
24.8111,27.3791,-25.1802,0.0343585,F[B-]1(F)c2ccccc2-[n+]2c(Cl)c3ccccc3n21,1,[BH2-]1c2ccccc2-[n+]2cc3ccccc3n21,0.0019924,-12.6241,0.021919,0.8761,0.1028374,276.482,0.8632014,3.6999,1.0,1.0,1.0,1.0,1.0,1.0,1.0,1.0,180,9.62079,-14.162461
11.803,31.0934,7.1749,0.597942,F[B-]1(F)n2cccc2C(c2ccc(Br)s2)=C2C=C(c3ccccc3)C(c3ccccc3)=[N+]21,1,[BH2-]1n2cccc2C(c2cccs2)=C2C=C(c3ccccc3)C(c3ccccc3)=[N+]12,0.8468576,0.2852,0.0333589,1.3449,1.0,505.196,0.8862097,3.4943,1.0,1.0,1.0,1.0,1.0,1.0,1.0,1.0,280,20.073746,-6.8165126
